source,table,page,row_order,label,fiscal_year,value_thousands
acfr2025,fund_balances,424,1,Revenues: Real estate taxes,2020,29815935
acfr2025,fund_balances,424,1,Revenues: Real estate taxes,2021,31464469
acfr2025,fund_balances,424,1,Revenues: Real estate taxes,2022,29582214
acfr2025,fund_balances,424,1,Revenues: Real estate taxes,2023,31644665
acfr2025,fund_balances,424,1,Revenues: Real estate taxes,2024,32987024
acfr2025,fund_balances,424,1,Revenues: Real estate taxes,2025,34756900
acfr2025,fund_balances,424,2,Sales and use taxes,2020,8478110
acfr2025,fund_balances,424,2,Sales and use taxes,2021,7602688
acfr2025,fund_balances,424,2,Sales and use taxes,2022,10008292
acfr2025,fund_balances,424,2,Sales and use taxes,2023,10585017
acfr2025,fund_balances,424,2,Sales and use taxes,2024,10666812
acfr2025,fund_balances,424,2,Sales and use taxes,2025,11264198
acfr2025,fund_balances,424,3,Personal income tax,2020,13591179
acfr2025,fund_balances,424,3,Personal income tax,2021,15140380
acfr2025,fund_balances,424,3,Personal income tax,2022,16733563
acfr2025,fund_balances,424,3,Personal income tax,2023,14828978
acfr2025,fund_balances,424,3,Personal income tax,2024,14052723
acfr2025,fund_balances,424,3,Personal income tax,2025,16102462
acfr2025,fund_balances,424,4,"Income taxes, other",2020,7861996
acfr2025,fund_balances,424,4,"Income taxes, other",2021,8594422
acfr2025,fund_balances,424,4,"Income taxes, other",2022,9523327
acfr2025,fund_balances,424,4,"Income taxes, other",2023,12712713
acfr2025,fund_balances,424,4,"Income taxes, other",2024,12771686
acfr2025,fund_balances,424,4,"Income taxes, other",2025,14119409
acfr2025,fund_balances,424,5,Other taxes,2020,3342452
acfr2025,fund_balances,424,5,Other taxes,2021,2731908
acfr2025,fund_balances,424,5,Other taxes,2022,3749483
acfr2025,fund_balances,424,5,Other taxes,2023,3665405
acfr2025,fund_balances,424,5,Other taxes,2024,3698485
acfr2025,fund_balances,424,5,Other taxes,2025,4072491
acfr2025,fund_balances,424,6,"Federal, State and other categorical aid",2020,26445858
acfr2025,fund_balances,424,6,"Federal, State and other categorical aid",2021,28808959
acfr2025,fund_balances,424,6,"Federal, State and other categorical aid",2022,32209200
acfr2025,fund_balances,424,6,"Federal, State and other categorical aid",2023,28505195
acfr2025,fund_balances,424,6,"Federal, State and other categorical aid",2024,32425219
acfr2025,fund_balances,424,6,"Federal, State and other categorical aid",2025,30725597
acfr2025,fund_balances,424,7,Unrestricted Federal and State aid,2020,180861
acfr2025,fund_balances,424,7,Unrestricted Federal and State aid,2021,46968
acfr2025,fund_balances,424,7,Unrestricted Federal and State aid,2022,498400
acfr2025,fund_balances,424,7,Unrestricted Federal and State aid,2023,186282
acfr2025,fund_balances,424,7,Unrestricted Federal and State aid,2024,41233
acfr2025,fund_balances,424,7,Unrestricted Federal and State aid,2025,52693
acfr2025,fund_balances,424,8,Charges for services,2020,2855437
acfr2025,fund_balances,424,8,Charges for services,2021,2797459
acfr2025,fund_balances,424,8,Charges for services,2022,2696770
acfr2025,fund_balances,424,8,Charges for services,2023,2839757
acfr2025,fund_balances,424,8,Charges for services,2024,3147299
acfr2025,fund_balances,424,8,Charges for services,2025,3501088
acfr2025,fund_balances,424,9,Tobacco settlement,2020,188431
acfr2025,fund_balances,424,9,Tobacco settlement,2021,203869
acfr2025,fund_balances,424,9,Tobacco settlement,2022,209096
acfr2025,fund_balances,424,9,Tobacco settlement,2023,197585
acfr2025,fund_balances,424,9,Tobacco settlement,2024,170417
acfr2025,fund_balances,424,9,Tobacco settlement,2025,155422
acfr2025,fund_balances,424,10,Investment income,2020,213264
acfr2025,fund_balances,424,10,Investment income,2021,12304
acfr2025,fund_balances,424,10,Investment income,2022,-5389
acfr2025,fund_balances,424,10,Investment income,2023,602408
acfr2025,fund_balances,424,10,Investment income,2024,862378
acfr2025,fund_balances,424,10,Investment income,2025,852452
acfr2025,fund_balances,424,11,Other revenues,2020,5262097
acfr2025,fund_balances,424,11,Other revenues,2021,6747718
acfr2025,fund_balances,424,11,Other revenues,2022,4539245
acfr2025,fund_balances,424,11,Other revenues,2023,5175165
acfr2025,fund_balances,424,11,Other revenues,2024,4959511
acfr2025,fund_balances,424,11,Other revenues,2025,5493529
acfr2025,fund_balances,424,12,Total revenues,2020,98235620
acfr2025,fund_balances,424,12,Total revenues,2021,104151144
acfr2025,fund_balances,424,12,Total revenues,2022,109744201
acfr2025,fund_balances,424,12,Total revenues,2023,110943170
acfr2025,fund_balances,424,12,Total revenues,2024,115782787
acfr2025,fund_balances,424,12,Total revenues,2025,121096241
acfr2025,fund_balances,424,13,Expenditures: General government,2020,3961873
acfr2025,fund_balances,424,13,Expenditures: General government,2021,5313086
acfr2025,fund_balances,424,13,Expenditures: General government,2022,5284573
acfr2025,fund_balances,424,13,Expenditures: General government,2023,5794908
acfr2025,fund_balances,424,13,Expenditures: General government,2024,6286459
acfr2025,fund_balances,424,13,Expenditures: General government,2025,6580183
acfr2025,fund_balances,424,14,Public safety and judicial,2020,11158380
acfr2025,fund_balances,424,14,Public safety and judicial,2021,10865378
acfr2025,fund_balances,424,14,Public safety and judicial,2022,12528342
acfr2025,fund_balances,424,14,Public safety and judicial,2023,12659689
acfr2025,fund_balances,424,14,Public safety and judicial,2024,12991381
acfr2025,fund_balances,424,14,Public safety and judicial,2025,14120229
acfr2025,fund_balances,424,15,Education,2020,31749103
acfr2025,fund_balances,424,15,Education,2021,29932114
acfr2025,fund_balances,424,15,Education,2022,33498285
acfr2025,fund_balances,424,15,Education,2023,33810564
acfr2025,fund_balances,424,15,Education,2024,36214594
acfr2025,fund_balances,424,15,Education,2025,36873705
acfr2025,fund_balances,424,16,City University,2020,1168668
acfr2025,fund_balances,424,16,City University,2021,1086525
acfr2025,fund_balances,424,16,City University,2022,1142280
acfr2025,fund_balances,424,16,City University,2023,1146139
acfr2025,fund_balances,424,16,City University,2024,1144193
acfr2025,fund_balances,424,16,City University,2025,1315411
acfr2025,fund_balances,424,17,Social services,2020,15738345
acfr2025,fund_balances,424,17,Social services,2021,15571010
acfr2025,fund_balances,424,17,Social services,2022,16632613
acfr2025,fund_balances,424,17,Social services,2023,18174571
acfr2025,fund_balances,424,17,Social services,2024,19918834
acfr2025,fund_balances,424,17,Social services,2025,20841605
acfr2025,fund_balances,424,18,Environmental protection,2020,5427890
acfr2025,fund_balances,424,18,Environmental protection,2021,5764376
acfr2025,fund_balances,424,18,Environmental protection,2022,5333059
acfr2025,fund_balances,424,18,Environmental protection,2023,5217957
acfr2025,fund_balances,424,18,Environmental protection,2024,5609866
acfr2025,fund_balances,424,18,Environmental protection,2025,6015394
acfr2025,fund_balances,424,19,Transportation services,2020,3367832
acfr2025,fund_balances,424,19,Transportation services,2021,3237510
acfr2025,fund_balances,424,19,Transportation services,2022,3563565
acfr2025,fund_balances,424,19,Transportation services,2023,3575483
acfr2025,fund_balances,424,19,Transportation services,2024,4393502
acfr2025,fund_balances,424,19,Transportation services,2025,4799515
acfr2025,fund_balances,424,20,"Parks, recreation and cultural activities",2020,1324248
acfr2025,fund_balances,424,20,"Parks, recreation and cultural activities",2021,1218816
acfr2025,fund_balances,424,20,"Parks, recreation and cultural activities",2022,1281166
acfr2025,fund_balances,424,20,"Parks, recreation and cultural activities",2023,1432076
acfr2025,fund_balances,424,20,"Parks, recreation and cultural activities",2024,1522990
acfr2025,fund_balances,424,20,"Parks, recreation and cultural activities",2025,1643908
acfr2025,fund_balances,424,21,Housing,2020,2195490
acfr2025,fund_balances,424,21,Housing,2021,2440493
acfr2025,fund_balances,424,21,Housing,2022,2379513
acfr2025,fund_balances,424,21,Housing,2023,3225919
acfr2025,fund_balances,424,21,Housing,2024,4726794
acfr2025,fund_balances,424,21,Housing,2025,4968537
acfr2025,fund_balances,424,22,Health (including payments to NYC Health + Hospitals),2020,2921898
acfr2025,fund_balances,424,22,Health (including payments to NYC Health + Hospitals),2021,5052444
acfr2025,fund_balances,424,22,Health (including payments to NYC Health + Hospitals),2022,5200908
acfr2025,fund_balances,424,22,Health (including payments to NYC Health + Hospitals),2023,4694325
acfr2025,fund_balances,424,22,Health (including payments to NYC Health + Hospitals),2024,5713522
acfr2025,fund_balances,424,22,Health (including payments to NYC Health + Hospitals),2025,6067296
acfr2025,fund_balances,426,23,Libraries,2020,562755
acfr2025,fund_balances,426,23,Libraries,2021,535507
acfr2025,fund_balances,426,23,Libraries,2022,581692
acfr2025,fund_balances,426,23,Libraries,2023,575523
acfr2025,fund_balances,426,23,Libraries,2024,601978
acfr2025,fund_balances,426,23,Libraries,2025,603675
acfr2025,fund_balances,426,24,Pensions,2020,9671638
acfr2025,fund_balances,426,24,Pensions,2021,9333663
acfr2025,fund_balances,426,24,Pensions,2022,9599122
acfr2025,fund_balances,426,24,Pensions,2023,8988063
acfr2025,fund_balances,426,24,Pensions,2024,9215445
acfr2025,fund_balances,426,24,Pensions,2025,9915575
acfr2025,fund_balances,426,25,Judgments and claims,2020,708970
acfr2025,fund_balances,426,25,Judgments and claims,2021,617866
acfr2025,fund_balances,426,25,Judgments and claims,2022,1241765
acfr2025,fund_balances,426,25,Judgments and claims,2023,1208575
acfr2025,fund_balances,426,25,Judgments and claims,2024,1516775
acfr2025,fund_balances,426,25,Judgments and claims,2025,1376183
acfr2025,fund_balances,426,26,Fringe benefits and other benefit payments,2020,5476722
acfr2025,fund_balances,426,26,Fringe benefits and other benefit payments,2021,6846447
acfr2025,fund_balances,426,26,Fringe benefits and other benefit payments,2022,8556605
acfr2025,fund_balances,426,26,Fringe benefits and other benefit payments,2023,7774282
acfr2025,fund_balances,426,26,Fringe benefits and other benefit payments,2024,7779718
acfr2025,fund_balances,426,26,Fringe benefits and other benefit payments,2025,8688731
acfr2025,fund_balances,426,27,Administrative and other,2020,2806833
acfr2025,fund_balances,426,27,Administrative and other,2021,2708277
acfr2025,fund_balances,426,27,Administrative and other,2022,2638833
acfr2025,fund_balances,426,27,Administrative and other,2023,4432870
acfr2025,fund_balances,426,27,Administrative and other,2024,2647750
acfr2025,fund_balances,426,27,Administrative and other,2025,1874586
acfr2025,fund_balances,426,28,Debt Service: Interest,2020,3895740
acfr2025,fund_balances,426,28,Debt Service: Interest,2021,3726272
acfr2025,fund_balances,426,28,Debt Service: Interest,2022,3704467
acfr2025,fund_balances,426,28,Debt Service: Interest,2023,3993979
acfr2025,fund_balances,426,28,Debt Service: Interest,2024,4292537
acfr2025,fund_balances,426,28,Debt Service: Interest,2025,4643402
acfr2025,fund_balances,426,29,Redemptions,2020,4041780
acfr2025,fund_balances,426,29,Redemptions,2021,9805906
acfr2025,fund_balances,426,29,Redemptions,2022,7308856
acfr2025,fund_balances,426,29,Redemptions,2023,7182885
acfr2025,fund_balances,426,29,Redemptions,2024,6033558
acfr2025,fund_balances,426,29,Redemptions,2025,9567694
acfr2025,fund_balances,426,30,Rental Payments,2020,100583
acfr2025,fund_balances,426,30,Rental Payments,2021,97051
acfr2025,fund_balances,426,30,Rental Payments,2022,139906
acfr2025,fund_balances,426,30,Rental Payments,2023,81977
acfr2025,fund_balances,426,30,Rental Payments,2024,96135
acfr2025,fund_balances,426,30,Rental Payments,2025,85865
acfr2025,fund_balances,426,31,Total expenditures,2020,106278748
acfr2025,fund_balances,426,31,Total expenditures,2021,114152741
acfr2025,fund_balances,426,31,Total expenditures,2022,120615550
acfr2025,fund_balances,426,31,Total expenditures,2023,123969785
acfr2025,fund_balances,426,31,Total expenditures,2024,130706031
acfr2025,fund_balances,426,31,Total expenditures,2025,139981494
acfr2025,fund_balances,426,32,Deficiency of revenues over expenditures,2020,-8043128
acfr2025,fund_balances,426,32,Deficiency of revenues over expenditures,2021,-10001597
acfr2025,fund_balances,426,32,Deficiency of revenues over expenditures,2022,-10871349
acfr2025,fund_balances,426,32,Deficiency of revenues over expenditures,2023,-13026615
acfr2025,fund_balances,426,32,Deficiency of revenues over expenditures,2024,-14923244
acfr2025,fund_balances,426,32,Deficiency of revenues over expenditures,2025,-18885253
acfr2025,fund_balances,426,33,Other Financing Sources (Uses): Transfers from General Fund,2020,6433597
acfr2025,fund_balances,426,33,Other Financing Sources (Uses): Transfers from General Fund,2021,8312598
acfr2025,fund_balances,426,33,Other Financing Sources (Uses): Transfers from General Fund,2022,6531554
acfr2025,fund_balances,426,33,Other Financing Sources (Uses): Transfers from General Fund,2023,6434754
acfr2025,fund_balances,426,33,Other Financing Sources (Uses): Transfers from General Fund,2024,6647885
acfr2025,fund_balances,426,33,Other Financing Sources (Uses): Transfers from General Fund,2025,6723864
acfr2025,fund_balances,426,34,Transfers from (to) Nonmajor Capital Project Funds,2020,4255068
acfr2025,fund_balances,426,34,Transfers from (to) Nonmajor Capital Project Funds,2021,4009625
acfr2025,fund_balances,426,34,Transfers from (to) Nonmajor Capital Project Funds,2022,4187394
acfr2025,fund_balances,426,34,Transfers from (to) Nonmajor Capital Project Funds,2023,3950342
acfr2025,fund_balances,426,34,Transfers from (to) Nonmajor Capital Project Funds,2024,6588063
acfr2025,fund_balances,426,34,Transfers from (to) Nonmajor Capital Project Funds,2025,7848923
acfr2025,fund_balances,426,35,Transfer from (to) Nonmajor Special Revenue Funds,2020,-273135
acfr2025,fund_balances,426,35,Transfer from (to) Nonmajor Special Revenue Funds,2021,-53212
acfr2025,fund_balances,426,35,Transfer from (to) Nonmajor Special Revenue Funds,2022,-41610
acfr2025,fund_balances,426,35,Transfer from (to) Nonmajor Special Revenue Funds,2023,-453986
acfr2025,fund_balances,426,35,Transfer from (to) Nonmajor Special Revenue Funds,2024,-231110
acfr2025,fund_balances,426,35,Transfer from (to) Nonmajor Special Revenue Funds,2025,-227409
acfr2025,fund_balances,426,36,Principal amount of bonds issued,2020,7606805
acfr2025,fund_balances,426,36,Principal amount of bonds issued,2021,5493124
acfr2025,fund_balances,426,36,Principal amount of bonds issued,2022,6232201
acfr2025,fund_balances,426,36,Principal amount of bonds issued,2023,7721170
acfr2025,fund_balances,426,36,Principal amount of bonds issued,2024,10424500
acfr2025,fund_balances,426,36,Principal amount of bonds issued,2025,15518392
acfr2025,fund_balances,426,37,Bond premium,2020,1258858
acfr2025,fund_balances,426,37,Bond premium,2021,2037022
acfr2025,fund_balances,426,37,Bond premium,2022,1533073
acfr2025,fund_balances,426,37,Bond premium,2023,969949
acfr2025,fund_balances,426,37,Bond premium,2024,1044404
acfr2025,fund_balances,426,37,Bond premium,2025,1562536
acfr2025,fund_balances,426,38,Capitalized leases,2020,114813
acfr2025,fund_balances,426,38,Capitalized leases,2021,189756
acfr2025,fund_balances,426,38,Capitalized leases,2022,7877
acfr2025,fund_balances,426,38,Capitalized leases,2023,0
acfr2025,fund_balances,426,38,Capitalized leases,2024,16329
acfr2025,fund_balances,426,38,Capitalized leases,2025,232
acfr2025,fund_balances,426,39,Other financing sources - refunding debt issued:,2020,1641680
acfr2025,fund_balances,426,39,Other financing sources - refunding debt issued:,2021,6478180
acfr2025,fund_balances,426,39,Other financing sources - refunding debt issued:,2022,4293795
acfr2025,fund_balances,426,39,Other financing sources - refunding debt issued:,2023,5014480
acfr2025,fund_balances,426,39,Other financing sources - refunding debt issued:,2024,1697190
acfr2025,fund_balances,426,39,Other financing sources - refunding debt issued:,2025,6970750
acfr2025,fund_balances,426,40,Transfers from (to) Capital Projects Fund,2020,-4242110
acfr2025,fund_balances,426,40,Transfers from (to) Capital Projects Fund,2021,-3981560
acfr2025,fund_balances,426,40,Transfers from (to) Capital Projects Fund,2022,-4185605
acfr2025,fund_balances,426,40,Transfers from (to) Capital Projects Fund,2023,-3940386
acfr2025,fund_balances,426,40,Transfers from (to) Capital Projects Fund,2024,-6571019
acfr2025,fund_balances,426,40,Transfers from (to) Capital Projects Fund,2025,-7868729
acfr2025,fund_balances,428,41,"Transfers from (to) General Debt Service Fund, net",2020,-3313378
acfr2025,fund_balances,428,41,"Transfers from (to) General Debt Service Fund, net",2021,-5077328
acfr2025,fund_balances,428,41,"Transfers from (to) General Debt Service Fund, net",2022,-3963739
acfr2025,fund_balances,428,41,"Transfers from (to) General Debt Service Fund, net",2023,-3536128
acfr2025,fund_balances,428,41,"Transfers from (to) General Debt Service Fund, net",2024,-3333430
acfr2025,fund_balances,428,41,"Transfers from (to) General Debt Service Fund, net",2025,-3759122
acfr2025,fund_balances,428,42,"Transfers from (to) Nonmajor Debt Service Funds, net",2020,-2860042
acfr2025,fund_balances,428,42,"Transfers from (to) Nonmajor Debt Service Funds, net",2021,-3210123
acfr2025,fund_balances,428,42,"Transfers from (to) Nonmajor Debt Service Funds, net",2022,-2527994
acfr2025,fund_balances,428,42,"Transfers from (to) Nonmajor Debt Service Funds, net",2023,-2454596
acfr2025,fund_balances,428,42,"Transfers from (to) Nonmajor Debt Service Funds, net",2024,-3100389
acfr2025,fund_balances,428,42,"Transfers from (to) Nonmajor Debt Service Funds, net",2025,-2717527
acfr2025,fund_balances,428,43,Payments to refunded bond escrow holder,2020,-1759126
acfr2025,fund_balances,428,43,Payments to refunded bond escrow holder,2021,-3464570
acfr2025,fund_balances,428,43,Payments to refunded bond escrow holder,2022,-1342952
acfr2025,fund_balances,428,43,Payments to refunded bond escrow holder,2023,-2700468
acfr2025,fund_balances,428,43,Payments to refunded bond escrow holder,2024,-374379
acfr2025,fund_balances,428,43,Payments to refunded bond escrow holder,2025,-2705674
acfr2025,fund_balances,428,44,Total other financing sources,2020,8863030
acfr2025,fund_balances,428,44,Total other financing sources,2021,10733512
acfr2025,fund_balances,428,44,Total other financing sources,2022,10723994
acfr2025,fund_balances,428,44,Total other financing sources,2023,11005131
acfr2025,fund_balances,428,44,Total other financing sources,2024,12808044
acfr2025,fund_balances,428,44,Total other financing sources,2025,21346236
acfr2025,fund_balances,428,45,Net changes in fund balances (deficit),2020,819902
acfr2025,fund_balances,428,45,Net changes in fund balances (deficit),2021,731915
acfr2025,fund_balances,428,45,Net changes in fund balances (deficit),2022,-147355
acfr2025,fund_balances,428,45,Net changes in fund balances (deficit),2023,-2021484
acfr2025,fund_balances,428,45,Net changes in fund balances (deficit),2024,-2115200
acfr2025,fund_balances,428,45,Net changes in fund balances (deficit),2025,2460983
acfr2025,fund_balances,428,46,Total Debt Service as a percent of Net Outlay: Debt Service: Interest,2020,3895740
acfr2025,fund_balances,428,46,Total Debt Service as a percent of Net Outlay: Debt Service: Interest,2021,3726272
acfr2025,fund_balances,428,46,Total Debt Service as a percent of Net Outlay: Debt Service: Interest,2022,3704467
acfr2025,fund_balances,428,46,Total Debt Service as a percent of Net Outlay: Debt Service: Interest,2023,3993979
acfr2025,fund_balances,428,46,Total Debt Service as a percent of Net Outlay: Debt Service: Interest,2024,4292537
acfr2025,fund_balances,428,46,Total Debt Service as a percent of Net Outlay: Debt Service: Interest,2025,4643402
acfr2025,fund_balances,428,47,Redemptions,2020,4041780
acfr2025,fund_balances,428,47,Redemptions,2021,9805906
acfr2025,fund_balances,428,47,Redemptions,2022,7308856
acfr2025,fund_balances,428,47,Redemptions,2023,7182885
acfr2025,fund_balances,428,47,Redemptions,2024,6033558
acfr2025,fund_balances,428,47,Redemptions,2025,9567694
acfr2025,fund_balances,428,48,Lease payments,2020,100583
acfr2025,fund_balances,428,48,Lease payments,2021,97051
acfr2025,fund_balances,428,48,Lease payments,2022,139906
acfr2025,fund_balances,428,48,Lease payments,2023,81977
acfr2025,fund_balances,428,48,Lease payments,2024,96135
acfr2025,fund_balances,428,48,Lease payments,2025,85865
acfr2025,fund_balances,428,49,Total Debt Service,2020,8038103
acfr2025,fund_balances,428,49,Total Debt Service,2021,13629229
acfr2025,fund_balances,428,49,Total Debt Service,2022,11153229
acfr2025,fund_balances,428,49,Total Debt Service,2023,11258841
acfr2025,fund_balances,428,49,Total Debt Service,2024,10422230
acfr2025,fund_balances,428,49,Total Debt Service,2025,14296961
acfr2025,fund_balances,428,50,Total Expenditures (Governmental Funds),2020,106278748
acfr2025,fund_balances,428,50,Total Expenditures (Governmental Funds),2021,114152741
acfr2025,fund_balances,428,50,Total Expenditures (Governmental Funds),2022,120615550
acfr2025,fund_balances,428,50,Total Expenditures (Governmental Funds),2023,123969785
acfr2025,fund_balances,428,50,Total Expenditures (Governmental Funds),2024,130706031
acfr2025,fund_balances,428,50,Total Expenditures (Governmental Funds),2025,139981494
acfr2025,fund_balances,428,51,Less Capital Outlays (Capital Fund Expenditures),2020,6434460
acfr2025,fund_balances,428,51,Less Capital Outlays (Capital Fund Expenditures),2021,6419900
acfr2025,fund_balances,428,51,Less Capital Outlays (Capital Fund Expenditures),2022,22337346
acfr2025,fund_balances,428,51,Less Capital Outlays (Capital Fund Expenditures),2023,30316299
acfr2025,fund_balances,428,51,Less Capital Outlays (Capital Fund Expenditures),2024,9946942
acfr2025,fund_balances,428,51,Less Capital Outlays (Capital Fund Expenditures),2025,9659615
acfr2025,fund_balances,428,52,Net Outlay,2020,99844288
acfr2025,fund_balances,428,52,Net Outlay,2021,107732841
acfr2025,fund_balances,428,52,Net Outlay,2022,98278204
acfr2025,fund_balances,428,52,Net Outlay,2023,93653486
acfr2025,fund_balances,428,52,Net Outlay,2024,120759089
acfr2025,fund_balances,428,52,Net Outlay,2025,130321879
acfr2025,fund_balances,428,53,Total Debt Service as a percent of Net Outlay Source: Annual Comprehensive,2024,394
acfr2025,fund_balances,425,54,Revenues: Real estate taxes,2016,23180583
acfr2025,fund_balances,425,54,Revenues: Real estate taxes,2017,24679411
acfr2025,fund_balances,425,54,Revenues: Real estate taxes,2018,26407630
acfr2025,fund_balances,425,54,Revenues: Real estate taxes,2019,27884735
acfr2025,fund_balances,425,55,Sales and use taxes,2016,8540154
acfr2025,fund_balances,425,55,Sales and use taxes,2017,8296436
acfr2025,fund_balances,425,55,Sales and use taxes,2018,8650472
acfr2025,fund_balances,425,55,Sales and use taxes,2019,9082780
acfr2025,fund_balances,425,56,Personal income tax,2016,11392473
acfr2025,fund_balances,425,56,Personal income tax,2017,11257809
acfr2025,fund_balances,425,56,Personal income tax,2018,13411315
acfr2025,fund_balances,425,56,Personal income tax,2019,13376944
acfr2025,fund_balances,425,57,"Income taxes, other",2016,6947614
acfr2025,fund_balances,425,57,"Income taxes, other",2017,7120621
acfr2025,fund_balances,425,57,"Income taxes, other",2018,7328895
acfr2025,fund_balances,425,57,"Income taxes, other",2019,7416265
acfr2025,fund_balances,425,58,Other taxes,2016,3559825
acfr2025,fund_balances,425,58,Other taxes,2017,3308127
acfr2025,fund_balances,425,58,Other taxes,2018,3305636
acfr2025,fund_balances,425,58,Other taxes,2019,3732776
acfr2025,fund_balances,425,59,"Federal, State and other categorical aid",2016,21966162
acfr2025,fund_balances,425,59,"Federal, State and other categorical aid",2017,24059747
acfr2025,fund_balances,425,59,"Federal, State and other categorical aid",2018,24087787
acfr2025,fund_balances,425,59,"Federal, State and other categorical aid",2019,24304512
acfr2025,fund_balances,425,60,Unrestricted Federal and State aid,2016,176168
acfr2025,fund_balances,425,60,Unrestricted Federal and State aid,2017,229058
acfr2025,fund_balances,425,60,Unrestricted Federal and State aid,2018,170000
acfr2025,fund_balances,425,60,Unrestricted Federal and State aid,2019,320539
acfr2025,fund_balances,425,61,Charges for services,2016,2624357
acfr2025,fund_balances,425,61,Charges for services,2017,2711428
acfr2025,fund_balances,425,61,Charges for services,2018,2711697
acfr2025,fund_balances,425,61,Charges for services,2019,2801290
acfr2025,fund_balances,425,62,Tobacco settlement,2016,365783
acfr2025,fund_balances,425,62,Tobacco settlement,2017,160161
acfr2025,fund_balances,425,62,Tobacco settlement,2018,173437
acfr2025,fund_balances,425,62,Tobacco settlement,2019,164271
acfr2025,fund_balances,425,63,Investment income,2016,95293
acfr2025,fund_balances,425,63,Investment income,2017,84571
acfr2025,fund_balances,425,63,Investment income,2018,170777
acfr2025,fund_balances,425,63,Investment income,2019,316069
acfr2025,fund_balances,425,64,Other revenues,2016,3492583
acfr2025,fund_balances,425,64,Other revenues,2017,3929975
acfr2025,fund_balances,425,64,Other revenues,2018,4151200
acfr2025,fund_balances,425,64,Other revenues,2019,5641616
acfr2025,fund_balances,425,65,Total revenues,2016,82340995
acfr2025,fund_balances,425,65,Total revenues,2017,85837344
acfr2025,fund_balances,425,65,Total revenues,2018,90568846
acfr2025,fund_balances,425,65,Total revenues,2019,95041797
acfr2025,fund_balances,425,66,Expenditures: General government,2016,3711176
acfr2025,fund_balances,425,66,Expenditures: General government,2017,4035883
acfr2025,fund_balances,425,66,Expenditures: General government,2018,4356702
acfr2025,fund_balances,425,66,Expenditures: General government,2019,4385253
acfr2025,fund_balances,425,67,Public safety and judicial,2016,9652787
acfr2025,fund_balances,425,67,Public safety and judicial,2017,10058916
acfr2025,fund_balances,425,67,Public safety and judicial,2018,10418804
acfr2025,fund_balances,425,67,Public safety and judicial,2019,10656228
acfr2025,fund_balances,425,68,Education,2016,24589281
acfr2025,fund_balances,425,68,Education,2017,25428877
acfr2025,fund_balances,425,68,Education,2018,26565598
acfr2025,fund_balances,425,68,Education,2019,29488517
acfr2025,fund_balances,425,69,City University,2016,1012769
acfr2025,fund_balances,425,69,City University,2017,1130220
acfr2025,fund_balances,425,69,City University,2018,1154550
acfr2025,fund_balances,425,69,City University,2019,1175805
acfr2025,fund_balances,425,70,Social services,2016,13860954
acfr2025,fund_balances,425,70,Social services,2017,14596895
acfr2025,fund_balances,425,70,Social services,2018,15482377
acfr2025,fund_balances,425,70,Social services,2019,16000160
acfr2025,fund_balances,425,71,Environmental protection,2016,4271112
acfr2025,fund_balances,425,71,Environmental protection,2017,4701101
acfr2025,fund_balances,425,71,Environmental protection,2018,4992871
acfr2025,fund_balances,425,71,Environmental protection,2019,5322341
acfr2025,fund_balances,425,72,Transportation services,2016,2970615
acfr2025,fund_balances,425,72,Transportation services,2017,2984072
acfr2025,fund_balances,425,72,Transportation services,2018,3273228
acfr2025,fund_balances,425,72,Transportation services,2019,3680240
acfr2025,fund_balances,425,73,"Parks, recreation and cultural activities",2016,1121456
acfr2025,fund_balances,425,73,"Parks, recreation and cultural activities",2017,1266255
acfr2025,fund_balances,425,73,"Parks, recreation and cultural activities",2018,1154193
acfr2025,fund_balances,425,73,"Parks, recreation and cultural activities",2019,1263020
acfr2025,fund_balances,425,74,Housing,2016,1775966
acfr2025,fund_balances,425,74,Housing,2017,2170594
acfr2025,fund_balances,425,74,Housing,2018,2629027
acfr2025,fund_balances,425,74,Housing,2019,2911083
acfr2025,fund_balances,425,75,Health (including payments to NYC Health + Hospitals),2016,2816533
acfr2025,fund_balances,425,75,Health (including payments to NYC Health + Hospitals),2017,2399522
acfr2025,fund_balances,425,75,Health (including payments to NYC Health + Hospitals),2018,2649826
acfr2025,fund_balances,425,75,Health (including payments to NYC Health + Hospitals),2019,2990429
acfr2025,fund_balances,427,76,Libraries,2016,400420
acfr2025,fund_balances,427,76,Libraries,2017,417059
acfr2025,fund_balances,427,76,Libraries,2018,418942
acfr2025,fund_balances,427,76,Libraries,2019,506207
acfr2025,fund_balances,427,77,Pensions,2016,9170963
acfr2025,fund_balances,427,77,Pensions,2017,9280651
acfr2025,fund_balances,427,77,Pensions,2018,9513308
acfr2025,fund_balances,427,77,Pensions,2019,9828626
acfr2025,fund_balances,427,78,Judgments and claims,2016,719968
acfr2025,fund_balances,427,78,Judgments and claims,2017,750349
acfr2025,fund_balances,427,78,Judgments and claims,2018,730382
acfr2025,fund_balances,427,78,Judgments and claims,2019,705751
acfr2025,fund_balances,427,79,Fringe benefits and other benefit payments,2016,5511572
acfr2025,fund_balances,427,79,Fringe benefits and other benefit payments,2017,5909908
acfr2025,fund_balances,427,79,Fringe benefits and other benefit payments,2018,5717327
acfr2025,fund_balances,427,79,Fringe benefits and other benefit payments,2019,5742655
acfr2025,fund_balances,427,80,Administrative and other,2016,331603
acfr2025,fund_balances,427,80,Administrative and other,2017,837364
acfr2025,fund_balances,427,80,Administrative and other,2018,1155846
acfr2025,fund_balances,427,80,Administrative and other,2019,1516888
acfr2025,fund_balances,427,81,Debt Service: Interest,2016,3354909
acfr2025,fund_balances,427,81,Debt Service: Interest,2017,3437125
acfr2025,fund_balances,427,81,Debt Service: Interest,2018,3540458
acfr2025,fund_balances,427,81,Debt Service: Interest,2019,3752417
acfr2025,fund_balances,427,82,Redemptions,2016,3268945
acfr2025,fund_balances,427,82,Redemptions,2017,3542085
acfr2025,fund_balances,427,82,Redemptions,2018,5470099
acfr2025,fund_balances,427,82,Redemptions,2019,6026960
acfr2025,fund_balances,427,83,Rental Payments,2016,199253
acfr2025,fund_balances,427,83,Rental Payments,2017,30360
acfr2025,fund_balances,427,83,Rental Payments,2018,129727
acfr2025,fund_balances,427,83,Rental Payments,2019,96489
acfr2025,fund_balances,427,84,Total expenditures,2016,88740282
acfr2025,fund_balances,427,84,Total expenditures,2017,92977236
acfr2025,fund_balances,427,84,Total expenditures,2018,99353265
acfr2025,fund_balances,427,84,Total expenditures,2019,106049069
acfr2025,fund_balances,427,85,Deficiency of revenues over expenditures,2016,-6399287
acfr2025,fund_balances,427,85,Deficiency of revenues over expenditures,2017,-7139892
acfr2025,fund_balances,427,85,Deficiency of revenues over expenditures,2018,-8784419
acfr2025,fund_balances,427,85,Deficiency of revenues over expenditures,2019,-11007272
acfr2025,fund_balances,427,86,Other Financing Sources (Uses): Transfers from General Fund,2016,5672430
acfr2025,fund_balances,427,86,Other Financing Sources (Uses): Transfers from General Fund,2017,5838848
acfr2025,fund_balances,427,86,Other Financing Sources (Uses): Transfers from General Fund,2018,6741981
acfr2025,fund_balances,427,86,Other Financing Sources (Uses): Transfers from General Fund,2019,6276999
acfr2025,fund_balances,427,87,Transfers from (to) Nonmajor Capital Project Funds,2016,4840147
acfr2025,fund_balances,427,87,Transfers from (to) Nonmajor Capital Project Funds,2017,4726803
acfr2025,fund_balances,427,87,Transfers from (to) Nonmajor Capital Project Funds,2018,4046861
acfr2025,fund_balances,427,87,Transfers from (to) Nonmajor Capital Project Funds,2019,5922304
acfr2025,fund_balances,427,88,Transfer from (to) Nonmajor Special Revenue Funds,2016,19564
acfr2025,fund_balances,427,88,Transfer from (to) Nonmajor Special Revenue Funds,2017,-943
acfr2025,fund_balances,427,88,Transfer from (to) Nonmajor Special Revenue Funds,2018,-154524
acfr2025,fund_balances,427,88,Transfer from (to) Nonmajor Special Revenue Funds,2019,-61673
acfr2025,fund_balances,427,89,Principal amount of bonds issued,2016,4559154
acfr2025,fund_balances,427,89,Principal amount of bonds issued,2017,6681000
acfr2025,fund_balances,427,89,Principal amount of bonds issued,2018,7415000
acfr2025,fund_balances,427,89,Principal amount of bonds issued,2019,6215350
acfr2025,fund_balances,427,90,Bond premium,2016,907433
acfr2025,fund_balances,427,90,Bond premium,2017,1356796
acfr2025,fund_balances,427,90,Bond premium,2018,1295802
acfr2025,fund_balances,427,90,Bond premium,2019,956385
acfr2025,fund_balances,427,91,Capitalized leases,2016,47998
acfr2025,fund_balances,427,91,Capitalized leases,2017,94331
acfr2025,fund_balances,427,91,Capitalized leases,2018,225772
acfr2025,fund_balances,427,91,Capitalized leases,2019,80800
acfr2025,fund_balances,427,92,Other financing sources - refunding debt issued:,2016,2751110
acfr2025,fund_balances,427,92,Other financing sources - refunding debt issued:,2017,4528490
acfr2025,fund_balances,427,92,Other financing sources - refunding debt issued:,2018,3586800
acfr2025,fund_balances,427,92,Other financing sources - refunding debt issued:,2019,4131260
acfr2025,fund_balances,427,93,Transfers from (to) Capital Projects Fund,2016,-4836353
acfr2025,fund_balances,427,93,Transfers from (to) Capital Projects Fund,2017,-4721999
acfr2025,fund_balances,427,93,Transfers from (to) Capital Projects Fund,2018,-4035778
acfr2025,fund_balances,427,93,Transfers from (to) Capital Projects Fund,2019,-5814290
acfr2025,fund_balances,429,94,"Transfers from (to) General Debt Service Fund, net",2016,-3619487
acfr2025,fund_balances,429,94,"Transfers from (to) General Debt Service Fund, net",2017,-3500830
acfr2025,fund_balances,429,94,"Transfers from (to) General Debt Service Fund, net",2018,-4021101
acfr2025,fund_balances,429,94,"Transfers from (to) General Debt Service Fund, net",2019,-3432260
acfr2025,fund_balances,429,95,"Transfers from (to) Nonmajor Debt Service Funds, net",2016,-2076301
acfr2025,fund_balances,429,95,"Transfers from (to) Nonmajor Debt Service Funds, net",2017,-2341879
acfr2025,fund_balances,429,95,"Transfers from (to) Nonmajor Debt Service Funds, net",2018,-2577439
acfr2025,fund_balances,429,95,"Transfers from (to) Nonmajor Debt Service Funds, net",2019,-2891080
acfr2025,fund_balances,429,96,Payments to refunded bond escrow holder,2016,-3238604
acfr2025,fund_balances,429,96,Payments to refunded bond escrow holder,2017,-4995041
acfr2025,fund_balances,429,96,Payments to refunded bond escrow holder,2018,-2390358
acfr2025,fund_balances,429,96,Payments to refunded bond escrow holder,2019,-2403791
acfr2025,fund_balances,429,97,Total other financing sources,2016,5027091
acfr2025,fund_balances,429,97,Total other financing sources,2017,7665576
acfr2025,fund_balances,429,97,Total other financing sources,2018,10133016
acfr2025,fund_balances,429,97,Total other financing sources,2019,8980004
acfr2025,fund_balances,429,98,Net changes in fund balances (deficit),2016,-1372196
acfr2025,fund_balances,429,98,Net changes in fund balances (deficit),2017,525684
acfr2025,fund_balances,429,98,Net changes in fund balances (deficit),2018,1348597
acfr2025,fund_balances,429,98,Net changes in fund balances (deficit),2019,-2027268
acfr2025,fund_balances,429,99,Total Debt Service as a percent of Net Outlay: Debt Service: Interest,2016,3354909
acfr2025,fund_balances,429,99,Total Debt Service as a percent of Net Outlay: Debt Service: Interest,2017,3437125
acfr2025,fund_balances,429,99,Total Debt Service as a percent of Net Outlay: Debt Service: Interest,2018,3540458
acfr2025,fund_balances,429,99,Total Debt Service as a percent of Net Outlay: Debt Service: Interest,2019,3752417
acfr2025,fund_balances,429,100,Redemptions,2016,3268945
acfr2025,fund_balances,429,100,Redemptions,2017,3542085
acfr2025,fund_balances,429,100,Redemptions,2018,5470099
acfr2025,fund_balances,429,100,Redemptions,2019,6026960
acfr2025,fund_balances,429,101,Lease payments,2016,199253
acfr2025,fund_balances,429,101,Lease payments,2017,30360
acfr2025,fund_balances,429,101,Lease payments,2018,129727
acfr2025,fund_balances,429,101,Lease payments,2019,96489
acfr2025,fund_balances,429,102,Total Debt Service,2016,6823107
acfr2025,fund_balances,429,102,Total Debt Service,2017,7009570
acfr2025,fund_balances,429,102,Total Debt Service,2018,9140284
acfr2025,fund_balances,429,102,Total Debt Service,2019,9875866
acfr2025,fund_balances,429,103,Total Expenditures (Governmental Funds),2016,88740282
acfr2025,fund_balances,429,103,Total Expenditures (Governmental Funds),2017,92977236
acfr2025,fund_balances,429,103,Total Expenditures (Governmental Funds),2018,99353265
acfr2025,fund_balances,429,103,Total Expenditures (Governmental Funds),2019,106049069
acfr2025,fund_balances,429,104,Less Capital Outlays (Capital Fund Expenditures),2016,5193139
acfr2025,fund_balances,429,104,Less Capital Outlays (Capital Fund Expenditures),2017,6075034
acfr2025,fund_balances,429,104,Less Capital Outlays (Capital Fund Expenditures),2018,5835895
acfr2025,fund_balances,429,104,Less Capital Outlays (Capital Fund Expenditures),2019,6834327
acfr2025,fund_balances,429,105,Net Outlay,2016,83547143
acfr2025,fund_balances,429,105,Net Outlay,2017,86902202
acfr2025,fund_balances,429,105,Net Outlay,2018,93517370
acfr2025,fund_balances,429,105,Net Outlay,2019,99214742
acfr2025,fund_balances,429,106,Total Debt Service as a percent of Net Outlay,2018,395
acfr2025,gf_revenues,430,107,Taxes (Net of Refunds): Real Estate Taxes,2020,29815935
acfr2025,gf_revenues,430,107,Taxes (Net of Refunds): Real Estate Taxes,2021,31464469
acfr2025,gf_revenues,430,107,Taxes (Net of Refunds): Real Estate Taxes,2022,29582214
acfr2025,gf_revenues,430,107,Taxes (Net of Refunds): Real Estate Taxes,2023,31644665
acfr2025,gf_revenues,430,107,Taxes (Net of Refunds): Real Estate Taxes,2024,32987024
acfr2025,gf_revenues,430,107,Taxes (Net of Refunds): Real Estate Taxes,2025,34756900
acfr2025,gf_revenues,430,108,Sales and Use Taxes (Net of Refunds): General Sales,2020,7385024
acfr2025,gf_revenues,430,108,Sales and Use Taxes (Net of Refunds): General Sales,2021,6587154
acfr2025,gf_revenues,430,108,Sales and Use Taxes (Net of Refunds): General Sales,2022,8560405
acfr2025,gf_revenues,430,108,Sales and Use Taxes (Net of Refunds): General Sales,2023,9575336
acfr2025,gf_revenues,430,108,Sales and Use Taxes (Net of Refunds): General Sales,2024,9955470
acfr2025,gf_revenues,430,108,Sales and Use Taxes (Net of Refunds): General Sales,2025,10364782
acfr2025,gf_revenues,430,109,Cigarette,2020,25746
acfr2025,gf_revenues,430,109,Cigarette,2021,22206
acfr2025,gf_revenues,430,109,Cigarette,2022,20465
acfr2025,gf_revenues,430,109,Cigarette,2023,16996
acfr2025,gf_revenues,430,109,Cigarette,2024,14333
acfr2025,gf_revenues,430,109,Cigarette,2025,12802
acfr2025,gf_revenues,430,110,Commercial Motor Vehicle,2020,63736
acfr2025,gf_revenues,430,110,Commercial Motor Vehicle,2021,62370
acfr2025,gf_revenues,430,110,Commercial Motor Vehicle,2022,62072
acfr2025,gf_revenues,430,110,Commercial Motor Vehicle,2023,62768
acfr2025,gf_revenues,430,110,Commercial Motor Vehicle,2024,68091
acfr2025,gf_revenues,430,110,Commercial Motor Vehicle,2025,65886
acfr2025,gf_revenues,430,111,Mortgage,2020,974514
acfr2025,gf_revenues,430,111,Mortgage,2021,896467
acfr2025,gf_revenues,430,111,Mortgage,2022,1336023
acfr2025,gf_revenues,430,111,Mortgage,2023,898136
acfr2025,gf_revenues,430,111,Mortgage,2024,596642
acfr2025,gf_revenues,430,111,Mortgage,2025,773174
acfr2025,gf_revenues,430,112,Auto Use,2020,27952
acfr2025,gf_revenues,430,112,Auto Use,2021,33640
acfr2025,gf_revenues,430,112,Auto Use,2022,28572
acfr2025,gf_revenues,430,112,Auto Use,2023,31013
acfr2025,gf_revenues,430,112,Auto Use,2024,28410
acfr2025,gf_revenues,430,112,Auto Use,2025,29555
acfr2025,gf_revenues,430,113,Other,2020,1138
acfr2025,gf_revenues,430,113,Other,2021,851
acfr2025,gf_revenues,430,113,Other,2022,755
acfr2025,gf_revenues,430,113,Other,2023,768
acfr2025,gf_revenues,430,113,Other,2024,3866
acfr2025,gf_revenues,430,113,Other,2025,17999
acfr2025,gf_revenues,430,114,Total Sales and Use Taxes,2020,8478110
acfr2025,gf_revenues,430,114,Total Sales and Use Taxes,2021,7602688
acfr2025,gf_revenues,430,114,Total Sales and Use Taxes,2022,10008292
acfr2025,gf_revenues,430,114,Total Sales and Use Taxes,2023,10585017
acfr2025,gf_revenues,430,114,Total Sales and Use Taxes,2024,10666812
acfr2025,gf_revenues,430,114,Total Sales and Use Taxes,2025,11264198
acfr2025,gf_revenues,430,115,Personal Income Taxes (Net of Refunds),2020,13591179
acfr2025,gf_revenues,430,115,Personal Income Taxes (Net of Refunds),2021,15140380
acfr2025,gf_revenues,430,115,Personal Income Taxes (Net of Refunds),2022,16733563
acfr2025,gf_revenues,430,115,Personal Income Taxes (Net of Refunds),2023,14828978
acfr2025,gf_revenues,430,115,Personal Income Taxes (Net of Refunds),2024,14052723
acfr2025,gf_revenues,430,115,Personal Income Taxes (Net of Refunds),2025,16102462
acfr2025,gf_revenues,430,116,Other Income Taxes (Net of Refunds): General Corporation,2020,5170058
acfr2025,gf_revenues,430,116,Other Income Taxes (Net of Refunds): General Corporation,2021,5447251
acfr2025,gf_revenues,430,116,Other Income Taxes (Net of Refunds): General Corporation,2022,6177190
acfr2025,gf_revenues,430,116,Other Income Taxes (Net of Refunds): General Corporation,2023,6535408
acfr2025,gf_revenues,430,116,Other Income Taxes (Net of Refunds): General Corporation,2024,7355405
acfr2025,gf_revenues,430,116,Other Income Taxes (Net of Refunds): General Corporation,2025,7365442
acfr2025,gf_revenues,430,117,Financial Corporation,2020,82902
acfr2025,gf_revenues,430,117,Financial Corporation,2021,413269
acfr2025,gf_revenues,430,117,Financial Corporation,2022,63645
acfr2025,gf_revenues,430,117,Financial Corporation,2023,455382
acfr2025,gf_revenues,430,117,Financial Corporation,2024,28479
acfr2025,gf_revenues,430,117,Financial Corporation,2025,21724
acfr2025,gf_revenues,430,118,Business Tax Suspense Account,2020,0
acfr2025,gf_revenues,430,118,Business Tax Suspense Account,2021,0
acfr2025,gf_revenues,430,118,Business Tax Suspense Account,2022,0
acfr2025,gf_revenues,430,118,Business Tax Suspense Account,2023,0
acfr2025,gf_revenues,430,118,Business Tax Suspense Account,2024,0
acfr2025,gf_revenues,430,118,Business Tax Suspense Account,2025,1215
acfr2025,gf_revenues,430,119,Unincorporated Business,2020,2053213
acfr2025,gf_revenues,430,119,Unincorporated Business,2021,2183399
acfr2025,gf_revenues,430,119,Unincorporated Business,2022,2668960
acfr2025,gf_revenues,430,119,Unincorporated Business,2023,2672981
acfr2025,gf_revenues,430,119,Unincorporated Business,2024,3061653
acfr2025,gf_revenues,430,119,Unincorporated Business,2025,3641035
acfr2025,gf_revenues,430,120,Pass-through Entity Tax,2020,0
acfr2025,gf_revenues,430,120,Pass-through Entity Tax,2021,0
acfr2025,gf_revenues,430,120,Pass-through Entity Tax,2022,0
acfr2025,gf_revenues,430,120,Pass-through Entity Tax,2023,2387394
acfr2025,gf_revenues,430,120,Pass-through Entity Tax,2024,1657404
acfr2025,gf_revenues,430,120,Pass-through Entity Tax,2025,2363772
acfr2025,gf_revenues,430,121,Personal Income— (Non-Resident City Employees),2020,184946
acfr2025,gf_revenues,430,121,Personal Income— (Non-Resident City Employees),2021,187601
acfr2025,gf_revenues,430,121,Personal Income— (Non-Resident City Employees),2022,211662
acfr2025,gf_revenues,430,121,Personal Income— (Non-Resident City Employees),2023,232165
acfr2025,gf_revenues,430,121,Personal Income— (Non-Resident City Employees),2024,238797
acfr2025,gf_revenues,430,121,Personal Income— (Non-Resident City Employees),2025,243695
acfr2025,gf_revenues,430,122,Utility,2020,370877
acfr2025,gf_revenues,430,122,Utility,2021,362902
acfr2025,gf_revenues,430,122,Utility,2022,401870
acfr2025,gf_revenues,430,122,Utility,2023,429383
acfr2025,gf_revenues,430,122,Utility,2024,429947
acfr2025,gf_revenues,430,122,Utility,2025,482526
acfr2025,gf_revenues,430,123,Total Other Income Taxes,2020,7861996
acfr2025,gf_revenues,430,123,Total Other Income Taxes,2021,8594422
acfr2025,gf_revenues,430,123,Total Other Income Taxes,2022,9523327
acfr2025,gf_revenues,430,123,Total Other Income Taxes,2023,12712713
acfr2025,gf_revenues,430,123,Total Other Income Taxes,2024,12771685
acfr2025,gf_revenues,430,123,Total Other Income Taxes,2025,14119409
acfr2025,gf_revenues,430,124,Other Taxes: Payments in Lieu of Taxes,2020,736618
acfr2025,gf_revenues,430,124,Other Taxes: Payments in Lieu of Taxes,2021,550063
acfr2025,gf_revenues,430,124,Other Taxes: Payments in Lieu of Taxes,2022,455375
acfr2025,gf_revenues,430,124,Other Taxes: Payments in Lieu of Taxes,2023,652483
acfr2025,gf_revenues,430,124,Other Taxes: Payments in Lieu of Taxes,2024,772889
acfr2025,gf_revenues,430,124,Other Taxes: Payments in Lieu of Taxes,2025,865443
acfr2025,gf_revenues,430,125,Hotel Room Occupancy,2020,481739
acfr2025,gf_revenues,430,125,Hotel Room Occupancy,2021,106425
acfr2025,gf_revenues,430,125,Hotel Room Occupancy,2022,354711
acfr2025,gf_revenues,430,125,Hotel Room Occupancy,2023,662181
acfr2025,gf_revenues,430,125,Hotel Room Occupancy,2024,725077
acfr2025,gf_revenues,430,125,Hotel Room Occupancy,2025,791568
acfr2025,gf_revenues,430,126,Commercial Rents,2020,942889
acfr2025,gf_revenues,430,126,Commercial Rents,2021,941341
acfr2025,gf_revenues,430,126,Commercial Rents,2022,956613
acfr2025,gf_revenues,430,126,Commercial Rents,2023,992666
acfr2025,gf_revenues,430,126,Commercial Rents,2024,982280
acfr2025,gf_revenues,430,126,Commercial Rents,2025,1010198
acfr2025,gf_revenues,430,127,Horse Race Admissions,2020,25
acfr2025,gf_revenues,430,127,Horse Race Admissions,2021,0
acfr2025,gf_revenues,430,127,Horse Race Admissions,2022,9
acfr2025,gf_revenues,430,127,Horse Race Admissions,2023,14
acfr2025,gf_revenues,430,127,Horse Race Admissions,2024,15
acfr2025,gf_revenues,430,127,Horse Race Admissions,2025,2
acfr2025,gf_revenues,430,128,Conveyance of Real Property,2020,1140136
acfr2025,gf_revenues,430,128,Conveyance of Real Property,2021,1058480
acfr2025,gf_revenues,430,128,Conveyance of Real Property,2022,1918387
acfr2025,gf_revenues,430,128,Conveyance of Real Property,2023,1287403
acfr2025,gf_revenues,430,128,Conveyance of Real Property,2024,1137280
acfr2025,gf_revenues,430,128,Conveyance of Real Property,2025,1255560
acfr2025,gf_revenues,430,129,Beer and Liquor Excise,2020,23787
acfr2025,gf_revenues,430,129,Beer and Liquor Excise,2021,20596
acfr2025,gf_revenues,430,129,Beer and Liquor Excise,2022,24967
acfr2025,gf_revenues,430,129,Beer and Liquor Excise,2023,24095
acfr2025,gf_revenues,430,129,Beer and Liquor Excise,2024,23222
acfr2025,gf_revenues,430,129,Beer and Liquor Excise,2025,22582
acfr2025,gf_revenues,430,130,Taxi Medallion Transfer,2020,532
acfr2025,gf_revenues,430,130,Taxi Medallion Transfer,2021,244
acfr2025,gf_revenues,430,130,Taxi Medallion Transfer,2022,735
acfr2025,gf_revenues,430,130,Taxi Medallion Transfer,2023,529
acfr2025,gf_revenues,430,130,Taxi Medallion Transfer,2024,514
acfr2025,gf_revenues,430,130,Taxi Medallion Transfer,2025,850
acfr2025,gf_revenues,430,131,Off-Track Betting Surtax,2020,619
acfr2025,gf_revenues,430,131,Off-Track Betting Surtax,2021,643
acfr2025,gf_revenues,430,131,Off-Track Betting Surtax,2022,414
acfr2025,gf_revenues,430,131,Off-Track Betting Surtax,2023,434
acfr2025,gf_revenues,430,131,Off-Track Betting Surtax,2024,397
acfr2025,gf_revenues,430,131,Off-Track Betting Surtax,2025,286
acfr2025,gf_revenues,430,132,Surcharge on Liquor Licenses,2020,5714
acfr2025,gf_revenues,430,132,Surcharge on Liquor Licenses,2021,6543
acfr2025,gf_revenues,430,132,Surcharge on Liquor Licenses,2022,1665
acfr2025,gf_revenues,430,132,Surcharge on Liquor Licenses,2023,5228
acfr2025,gf_revenues,430,132,Surcharge on Liquor Licenses,2024,6822
acfr2025,gf_revenues,430,132,Surcharge on Liquor Licenses,2025,6421
acfr2025,gf_revenues,430,133,Refunds of Other Taxes,2020,-72945
acfr2025,gf_revenues,430,133,Refunds of Other Taxes,2021,-58393
acfr2025,gf_revenues,430,133,Refunds of Other Taxes,2022,-59602
acfr2025,gf_revenues,430,133,Refunds of Other Taxes,2023,-60039
acfr2025,gf_revenues,430,133,Refunds of Other Taxes,2024,-56901
acfr2025,gf_revenues,430,133,Refunds of Other Taxes,2025,-55471
acfr2025,gf_revenues,432,134,Other,2020,251
acfr2025,gf_revenues,432,134,Other,2021,545
acfr2025,gf_revenues,432,134,Other,2022,685
acfr2025,gf_revenues,432,134,Other,2023,636
acfr2025,gf_revenues,432,134,Other,2024,457
acfr2025,gf_revenues,432,134,Other,2025,334
acfr2025,gf_revenues,432,135,Total Other Taxes,2020,3259365
acfr2025,gf_revenues,432,135,Total Other Taxes,2021,2626487
acfr2025,gf_revenues,432,135,Total Other Taxes,2022,3653959
acfr2025,gf_revenues,432,135,Total Other Taxes,2023,3565630
acfr2025,gf_revenues,432,135,Total Other Taxes,2024,3592052
acfr2025,gf_revenues,432,135,Total Other Taxes,2025,3897773
acfr2025,gf_revenues,432,136,Penalties and Interest on Delinquent Taxes: Penalties and Interest on Real Estate Taxes,2020,90932
acfr2025,gf_revenues,432,136,Penalties and Interest on Delinquent Taxes: Penalties and Interest on Real Estate Taxes,2021,108208
acfr2025,gf_revenues,432,136,Penalties and Interest on Delinquent Taxes: Penalties and Interest on Real Estate Taxes,2022,101719
acfr2025,gf_revenues,432,136,Penalties and Interest on Delinquent Taxes: Penalties and Interest on Real Estate Taxes,2023,103021
acfr2025,gf_revenues,432,136,Penalties and Interest on Delinquent Taxes: Penalties and Interest on Real Estate Taxes,2024,113299
acfr2025,gf_revenues,432,136,Penalties and Interest on Delinquent Taxes: Penalties and Interest on Real Estate Taxes,2025,185756
acfr2025,gf_revenues,432,137,Refunds—Penalties and Interest on Other Taxes,2020,-7845
acfr2025,gf_revenues,432,137,Refunds—Penalties and Interest on Other Taxes,2021,-2787
acfr2025,gf_revenues,432,137,Refunds—Penalties and Interest on Other Taxes,2022,-6194
acfr2025,gf_revenues,432,137,Refunds—Penalties and Interest on Other Taxes,2023,-3247
acfr2025,gf_revenues,432,137,Refunds—Penalties and Interest on Other Taxes,2024,-6865
acfr2025,gf_revenues,432,137,Refunds—Penalties and Interest on Other Taxes,2025,-11038
acfr2025,gf_revenues,432,138,Total Penalties and Interest on Delinquent Taxes,2020,83087
acfr2025,gf_revenues,432,138,Total Penalties and Interest on Delinquent Taxes,2021,105421
acfr2025,gf_revenues,432,138,Total Penalties and Interest on Delinquent Taxes,2022,95525
acfr2025,gf_revenues,432,138,Total Penalties and Interest on Delinquent Taxes,2023,99774
acfr2025,gf_revenues,432,138,Total Penalties and Interest on Delinquent Taxes,2024,106434
acfr2025,gf_revenues,432,138,Total Penalties and Interest on Delinquent Taxes,2025,174718
acfr2025,gf_revenues,432,139,Total Taxes,2020,63089672
acfr2025,gf_revenues,432,139,Total Taxes,2021,65533867
acfr2025,gf_revenues,432,139,Total Taxes,2022,69596880
acfr2025,gf_revenues,432,139,Total Taxes,2023,73436777
acfr2025,gf_revenues,432,139,Total Taxes,2024,74176730
acfr2025,gf_revenues,432,139,Total Taxes,2025,80315460
acfr2025,gf_revenues,432,140,Federal Grants and Contracts—Categorical: General Government,2020,3324971
acfr2025,gf_revenues,432,140,Federal Grants and Contracts—Categorical: General Government,2021,4574414
acfr2025,gf_revenues,432,140,Federal Grants and Contracts—Categorical: General Government,2022,5802521
acfr2025,gf_revenues,432,140,Federal Grants and Contracts—Categorical: General Government,2023,1259396
acfr2025,gf_revenues,432,140,Federal Grants and Contracts—Categorical: General Government,2024,1586526
acfr2025,gf_revenues,432,140,Federal Grants and Contracts—Categorical: General Government,2025,893615
acfr2025,gf_revenues,432,141,Public Safety and Judicial,2020,334376
acfr2025,gf_revenues,432,141,Public Safety and Judicial,2021,250631
acfr2025,gf_revenues,432,141,Public Safety and Judicial,2022,272260
acfr2025,gf_revenues,432,141,Public Safety and Judicial,2023,291484
acfr2025,gf_revenues,432,141,Public Safety and Judicial,2024,310976
acfr2025,gf_revenues,432,141,Public Safety and Judicial,2025,387983
acfr2025,gf_revenues,432,142,Education,2020,1672438
acfr2025,gf_revenues,432,142,Education,2021,2498003
acfr2025,gf_revenues,432,142,Education,2022,4898685
acfr2025,gf_revenues,432,142,Education,2023,3969581
acfr2025,gf_revenues,432,142,Education,2024,4357059
acfr2025,gf_revenues,432,142,Education,2025,2309160
acfr2025,gf_revenues,432,143,Social Services,2020,3012760
acfr2025,gf_revenues,432,143,Social Services,2021,3306074
acfr2025,gf_revenues,432,143,Social Services,2022,2492457
acfr2025,gf_revenues,432,143,Social Services,2023,3141372
acfr2025,gf_revenues,432,143,Social Services,2024,3609285
acfr2025,gf_revenues,432,143,Social Services,2025,4006799
acfr2025,gf_revenues,432,144,Environmental Protection,2020,35582
acfr2025,gf_revenues,432,144,Environmental Protection,2021,4155
acfr2025,gf_revenues,432,144,Environmental Protection,2022,6394
acfr2025,gf_revenues,432,144,Environmental Protection,2023,666
acfr2025,gf_revenues,432,144,Environmental Protection,2024,-2974
acfr2025,gf_revenues,432,144,Environmental Protection,2025,8582
acfr2025,gf_revenues,432,145,Transportation Services,2020,104223
acfr2025,gf_revenues,432,145,Transportation Services,2021,77787
acfr2025,gf_revenues,432,145,Transportation Services,2022,124527
acfr2025,gf_revenues,432,145,Transportation Services,2023,115941
acfr2025,gf_revenues,432,145,Transportation Services,2024,117015
acfr2025,gf_revenues,432,145,Transportation Services,2025,130955
acfr2025,gf_revenues,432,146,"Parks, Recreation and Cultural Activities",2020,-5114
acfr2025,gf_revenues,432,146,"Parks, Recreation and Cultural Activities",2021,215
acfr2025,gf_revenues,432,146,"Parks, Recreation and Cultural Activities",2022,515
acfr2025,gf_revenues,432,146,"Parks, Recreation and Cultural Activities",2023,-824
acfr2025,gf_revenues,432,146,"Parks, Recreation and Cultural Activities",2024,-12
acfr2025,gf_revenues,432,146,"Parks, Recreation and Cultural Activities",2025,1842
acfr2025,gf_revenues,432,147,Housing,2020,565660
acfr2025,gf_revenues,432,147,Housing,2021,598892
acfr2025,gf_revenues,432,147,Housing,2022,629799
acfr2025,gf_revenues,432,147,Housing,2023,670589
acfr2025,gf_revenues,432,147,Housing,2024,752121
acfr2025,gf_revenues,432,147,Housing,2025,935207
acfr2025,gf_revenues,432,148,Health,2020,349841
acfr2025,gf_revenues,432,148,Health,2021,1098430
acfr2025,gf_revenues,432,148,Health,2022,708830
acfr2025,gf_revenues,432,148,Health,2023,448842
acfr2025,gf_revenues,432,148,Health,2024,452930
acfr2025,gf_revenues,432,148,Health,2025,408808
acfr2025,gf_revenues,432,149,Libraries,2020,0
acfr2025,gf_revenues,432,149,Libraries,2021,0
acfr2025,gf_revenues,432,149,Libraries,2022,24
acfr2025,gf_revenues,432,149,Libraries,2023,0
acfr2025,gf_revenues,432,149,Libraries,2024,0
acfr2025,gf_revenues,432,149,Libraries,2025,0
acfr2025,gf_revenues,432,150,City University,2020,0
acfr2025,gf_revenues,432,150,City University,2021,31164
acfr2025,gf_revenues,432,150,City University,2022,111359
acfr2025,gf_revenues,432,150,City University,2023,77196
acfr2025,gf_revenues,432,150,City University,2024,111126
acfr2025,gf_revenues,432,150,City University,2025,0
acfr2025,gf_revenues,432,151,Total Federal Grants,2020,9394737
acfr2025,gf_revenues,432,151,Total Federal Grants,2021,12439765
acfr2025,gf_revenues,432,151,Total Federal Grants,2022,15047371
acfr2025,gf_revenues,432,151,Total Federal Grants,2023,9974243
acfr2025,gf_revenues,432,151,Total Federal Grants,2024,11294052
acfr2025,gf_revenues,432,151,Total Federal Grants,2025,9082951
acfr2025,gf_revenues,432,152,State Grants and Contracts—Categorical: General Government,2020,1004457
acfr2025,gf_revenues,432,152,State Grants and Contracts—Categorical: General Government,2021,1084303
acfr2025,gf_revenues,432,152,State Grants and Contracts—Categorical: General Government,2022,1128970
acfr2025,gf_revenues,432,152,State Grants and Contracts—Categorical: General Government,2023,1287764
acfr2025,gf_revenues,432,152,State Grants and Contracts—Categorical: General Government,2024,1715342
acfr2025,gf_revenues,432,152,State Grants and Contracts—Categorical: General Government,2025,1648759
acfr2025,gf_revenues,432,153,Public Safety and Judicial,2020,126551
acfr2025,gf_revenues,432,153,Public Safety and Judicial,2021,94008
acfr2025,gf_revenues,432,153,Public Safety and Judicial,2022,85236
acfr2025,gf_revenues,432,153,Public Safety and Judicial,2023,136671
acfr2025,gf_revenues,432,153,Public Safety and Judicial,2024,144564
acfr2025,gf_revenues,432,153,Public Safety and Judicial,2025,455357
acfr2025,gf_revenues,432,154,Education,2020,11493497
acfr2025,gf_revenues,432,154,Education,2021,10633009
acfr2025,gf_revenues,432,154,Education,2022,11942729
acfr2025,gf_revenues,432,154,Education,2023,12352744
acfr2025,gf_revenues,432,154,Education,2024,12930012
acfr2025,gf_revenues,432,154,Education,2025,13605966
acfr2025,gf_revenues,432,155,Social Services,2020,1795717
acfr2025,gf_revenues,432,155,Social Services,2021,1880330
acfr2025,gf_revenues,432,155,Social Services,2022,1776925
acfr2025,gf_revenues,432,155,Social Services,2023,2250667
acfr2025,gf_revenues,432,155,Social Services,2024,3310854
acfr2025,gf_revenues,432,155,Social Services,2025,3073166
acfr2025,gf_revenues,432,156,Environmental Protection,2020,3431
acfr2025,gf_revenues,432,156,Environmental Protection,2021,865
acfr2025,gf_revenues,432,156,Environmental Protection,2022,12996
acfr2025,gf_revenues,432,156,Environmental Protection,2023,2945
acfr2025,gf_revenues,432,156,Environmental Protection,2024,681
acfr2025,gf_revenues,432,156,Environmental Protection,2025,27
acfr2025,gf_revenues,432,157,Transportation Services,2020,234477
acfr2025,gf_revenues,432,157,Transportation Services,2021,248582
acfr2025,gf_revenues,432,157,Transportation Services,2022,239987
acfr2025,gf_revenues,432,157,Transportation Services,2023,280365
acfr2025,gf_revenues,432,157,Transportation Services,2024,312290
acfr2025,gf_revenues,432,157,Transportation Services,2025,357900
acfr2025,gf_revenues,432,158,"Parks, Recreation and Cultural Activities",2020,1101
acfr2025,gf_revenues,432,158,"Parks, Recreation and Cultural Activities",2021,1021
acfr2025,gf_revenues,432,158,"Parks, Recreation and Cultural Activities",2022,754
acfr2025,gf_revenues,432,158,"Parks, Recreation and Cultural Activities",2023,1681
acfr2025,gf_revenues,432,158,"Parks, Recreation and Cultural Activities",2024,763
acfr2025,gf_revenues,432,158,"Parks, Recreation and Cultural Activities",2025,1474
acfr2025,gf_revenues,432,159,Housing,2020,814
acfr2025,gf_revenues,432,159,Housing,2021,722
acfr2025,gf_revenues,432,159,Housing,2022,614
acfr2025,gf_revenues,432,159,Housing,2023,611
acfr2025,gf_revenues,432,159,Housing,2024,246
acfr2025,gf_revenues,432,159,Housing,2025,2581
acfr2025,gf_revenues,434,160,Health,2020,428008
acfr2025,gf_revenues,434,160,Health,2021,423063
acfr2025,gf_revenues,434,160,Health,2022,421137
acfr2025,gf_revenues,434,160,Health,2023,511022
acfr2025,gf_revenues,434,160,Health,2024,556547
acfr2025,gf_revenues,434,160,Health,2025,605169
acfr2025,gf_revenues,434,161,City University,2020,245900
acfr2025,gf_revenues,434,161,City University,2021,231044
acfr2025,gf_revenues,434,161,City University,2022,238055
acfr2025,gf_revenues,434,161,City University,2023,245100
acfr2025,gf_revenues,434,161,City University,2024,259458
acfr2025,gf_revenues,434,161,City University,2025,271620
acfr2025,gf_revenues,434,162,Total State Grants,2020,15333953
acfr2025,gf_revenues,434,162,Total State Grants,2021,14596947
acfr2025,gf_revenues,434,162,Total State Grants,2022,15847403
acfr2025,gf_revenues,434,162,Total State Grants,2023,17069570
acfr2025,gf_revenues,434,162,Total State Grants,2024,19230757
acfr2025,gf_revenues,434,162,Total State Grants,2025,20022019
acfr2025,gf_revenues,434,163,Non-Governmental Grants: General Government,2020,510663
acfr2025,gf_revenues,434,163,Non-Governmental Grants: General Government,2021,471786
acfr2025,gf_revenues,434,163,Non-Governmental Grants: General Government,2022,492625
acfr2025,gf_revenues,434,163,Non-Governmental Grants: General Government,2023,320924
acfr2025,gf_revenues,434,163,Non-Governmental Grants: General Government,2024,279458
acfr2025,gf_revenues,434,163,Non-Governmental Grants: General Government,2025,323988
acfr2025,gf_revenues,434,164,Public Safety and Judicial,2020,217719
acfr2025,gf_revenues,434,164,Public Safety and Judicial,2021,372045
acfr2025,gf_revenues,434,164,Public Safety and Judicial,2022,25273
acfr2025,gf_revenues,434,164,Public Safety and Judicial,2023,265494
acfr2025,gf_revenues,434,164,Public Safety and Judicial,2024,293725
acfr2025,gf_revenues,434,164,Public Safety and Judicial,2025,296249
acfr2025,gf_revenues,434,165,Education,2020,144310
acfr2025,gf_revenues,434,165,Education,2021,186847
acfr2025,gf_revenues,434,165,Education,2022,154471
acfr2025,gf_revenues,434,165,Education,2023,202996
acfr2025,gf_revenues,434,165,Education,2024,288352
acfr2025,gf_revenues,434,165,Education,2025,106704
acfr2025,gf_revenues,434,166,Social Services,2020,3312
acfr2025,gf_revenues,434,166,Social Services,2021,2315
acfr2025,gf_revenues,434,166,Social Services,2022,-742
acfr2025,gf_revenues,434,166,Social Services,2023,6615
acfr2025,gf_revenues,434,166,Social Services,2024,1747
acfr2025,gf_revenues,434,166,Social Services,2025,3177
acfr2025,gf_revenues,434,167,Environmental Protection,2020,7999
acfr2025,gf_revenues,434,167,Environmental Protection,2021,12366
acfr2025,gf_revenues,434,167,Environmental Protection,2022,7558
acfr2025,gf_revenues,434,167,Environmental Protection,2023,11572
acfr2025,gf_revenues,434,167,Environmental Protection,2024,12330
acfr2025,gf_revenues,434,167,Environmental Protection,2025,11436
acfr2025,gf_revenues,434,168,Transportation Services,2020,5123
acfr2025,gf_revenues,434,168,Transportation Services,2021,3794
acfr2025,gf_revenues,434,168,Transportation Services,2022,2204
acfr2025,gf_revenues,434,168,Transportation Services,2023,2299
acfr2025,gf_revenues,434,168,Transportation Services,2024,6508
acfr2025,gf_revenues,434,168,Transportation Services,2025,7516
acfr2025,gf_revenues,434,169,"Parks, Recreation and Cultural Activities",2020,14227
acfr2025,gf_revenues,434,169,"Parks, Recreation and Cultural Activities",2021,11490
acfr2025,gf_revenues,434,169,"Parks, Recreation and Cultural Activities",2022,12089
acfr2025,gf_revenues,434,169,"Parks, Recreation and Cultural Activities",2023,12859
acfr2025,gf_revenues,434,169,"Parks, Recreation and Cultural Activities",2024,19295
acfr2025,gf_revenues,434,169,"Parks, Recreation and Cultural Activities",2025,16128
acfr2025,gf_revenues,434,170,Housing,2020,-963
acfr2025,gf_revenues,434,170,Housing,2021,4027
acfr2025,gf_revenues,434,170,Housing,2022,8700
acfr2025,gf_revenues,434,170,Housing,2023,8283
acfr2025,gf_revenues,434,170,Housing,2024,4035
acfr2025,gf_revenues,434,170,Housing,2025,8524
acfr2025,gf_revenues,434,171,Health,2020,48755
acfr2025,gf_revenues,434,171,Health,2021,1866
acfr2025,gf_revenues,434,171,Health,2022,16507
acfr2025,gf_revenues,434,171,Health,2023,38305
acfr2025,gf_revenues,434,171,Health,2024,63719
acfr2025,gf_revenues,434,171,Health,2025,3120
acfr2025,gf_revenues,434,172,Libraries,2020,135
acfr2025,gf_revenues,434,172,Libraries,2021,0
acfr2025,gf_revenues,434,172,Libraries,2022,113
acfr2025,gf_revenues,434,172,Libraries,2023,0
acfr2025,gf_revenues,434,172,Libraries,2024,0
acfr2025,gf_revenues,434,172,Libraries,2025,242
acfr2025,gf_revenues,434,173,City University,2020,18042
acfr2025,gf_revenues,434,173,City University,2021,13650
acfr2025,gf_revenues,434,173,City University,2022,18099
acfr2025,gf_revenues,434,173,City University,2023,15684
acfr2025,gf_revenues,434,173,City University,2024,16199
acfr2025,gf_revenues,434,173,City University,2025,19267
acfr2025,gf_revenues,434,174,Total Non-Governmental Grants,2020,969322
acfr2025,gf_revenues,434,174,Total Non-Governmental Grants,2021,1080186
acfr2025,gf_revenues,434,174,Total Non-Governmental Grants,2022,736897
acfr2025,gf_revenues,434,174,Total Non-Governmental Grants,2023,885031
acfr2025,gf_revenues,434,174,Total Non-Governmental Grants,2024,985368
acfr2025,gf_revenues,434,174,Total Non-Governmental Grants,2025,796351
acfr2025,gf_revenues,434,175,"Provision for Disallowances of Federal, State and Other Aid",2020,-5082
acfr2025,gf_revenues,434,175,"Provision for Disallowances of Federal, State and Other Aid",2021,-24062
acfr2025,gf_revenues,434,175,"Provision for Disallowances of Federal, State and Other Aid",2022,-34846
acfr2025,gf_revenues,434,175,"Provision for Disallowances of Federal, State and Other Aid",2023,-13374
acfr2025,gf_revenues,434,175,"Provision for Disallowances of Federal, State and Other Aid",2024,-12590
acfr2025,gf_revenues,434,175,"Provision for Disallowances of Federal, State and Other Aid",2025,-6534
acfr2025,gf_revenues,434,176,Unrestricted Federal and State Aid: Intergovernmental Aid,2020,10861
acfr2025,gf_revenues,434,176,Unrestricted Federal and State Aid: Intergovernmental Aid,2021,968
acfr2025,gf_revenues,434,176,Unrestricted Federal and State Aid: Intergovernmental Aid,2022,498400
acfr2025,gf_revenues,434,176,Unrestricted Federal and State Aid: Intergovernmental Aid,2023,186282
acfr2025,gf_revenues,434,176,Unrestricted Federal and State Aid: Intergovernmental Aid,2024,41233
acfr2025,gf_revenues,434,176,Unrestricted Federal and State Aid: Intergovernmental Aid,2025,52693
acfr2025,gf_revenues,434,177,Total Unrestricted Federal and State Aid,2020,10861
acfr2025,gf_revenues,434,177,Total Unrestricted Federal and State Aid,2021,968
acfr2025,gf_revenues,434,177,Total Unrestricted Federal and State Aid,2022,498400
acfr2025,gf_revenues,434,177,Total Unrestricted Federal and State Aid,2023,186282
acfr2025,gf_revenues,434,177,Total Unrestricted Federal and State Aid,2024,41233
acfr2025,gf_revenues,434,177,Total Unrestricted Federal and State Aid,2025,52693
acfr2025,gf_revenues,434,178,Charges for Services: General Government Charges,2020,951449
acfr2025,gf_revenues,434,178,Charges for Services: General Government Charges,2021,862563
acfr2025,gf_revenues,434,178,Charges for Services: General Government Charges,2022,849742
acfr2025,gf_revenues,434,178,Charges for Services: General Government Charges,2023,847921
acfr2025,gf_revenues,434,178,Charges for Services: General Government Charges,2024,898633
acfr2025,gf_revenues,434,178,Charges for Services: General Government Charges,2025,1049223
acfr2025,gf_revenues,434,179,Water and Sewer,2020,1614829
acfr2025,gf_revenues,434,179,Water and Sewer,2021,1687273
acfr2025,gf_revenues,434,179,Water and Sewer,2022,1574864
acfr2025,gf_revenues,434,179,Water and Sewer,2023,1710007
acfr2025,gf_revenues,434,179,Water and Sewer,2024,1952826
acfr2025,gf_revenues,434,179,Water and Sewer,2025,2161383
acfr2025,gf_revenues,434,180,Housing,2020,30729
acfr2025,gf_revenues,434,180,Housing,2021,14088
acfr2025,gf_revenues,434,180,Housing,2022,23144
acfr2025,gf_revenues,434,180,Housing,2023,15793
acfr2025,gf_revenues,434,180,Housing,2024,12774
acfr2025,gf_revenues,434,180,Housing,2025,12325
acfr2025,gf_revenues,434,181,Rental Income,2020,258430
acfr2025,gf_revenues,434,181,Rental Income,2021,233535
acfr2025,gf_revenues,434,181,Rental Income,2022,249020
acfr2025,gf_revenues,434,181,Rental Income,2023,266036
acfr2025,gf_revenues,434,181,Rental Income,2024,283066
acfr2025,gf_revenues,434,181,Rental Income,2025,278157
acfr2025,gf_revenues,434,182,Total Charges for Services,2020,2855437
acfr2025,gf_revenues,434,182,Total Charges for Services,2021,2797459
acfr2025,gf_revenues,434,182,Total Charges for Services,2022,2696770
acfr2025,gf_revenues,434,182,Total Charges for Services,2023,2839757
acfr2025,gf_revenues,434,182,Total Charges for Services,2024,3147299
acfr2025,gf_revenues,434,182,Total Charges for Services,2025,3501088
acfr2025,gf_revenues,436,183,Investment Income,2020,136599
acfr2025,gf_revenues,436,183,Investment Income,2021,14743
acfr2025,gf_revenues,436,183,Investment Income,2022,16022
acfr2025,gf_revenues,436,183,Investment Income,2023,508143
acfr2025,gf_revenues,436,183,Investment Income,2024,696027
acfr2025,gf_revenues,436,183,Investment Income,2025,640780
acfr2025,gf_revenues,436,184,"Licenses, Permits, Privileges and Franchises: Licenses",2020,74660
acfr2025,gf_revenues,436,184,"Licenses, Permits, Privileges and Franchises: Licenses",2021,63863
acfr2025,gf_revenues,436,184,"Licenses, Permits, Privileges and Franchises: Licenses",2022,67942
acfr2025,gf_revenues,436,184,"Licenses, Permits, Privileges and Franchises: Licenses",2023,78991
acfr2025,gf_revenues,436,184,"Licenses, Permits, Privileges and Franchises: Licenses",2024,81756
acfr2025,gf_revenues,436,184,"Licenses, Permits, Privileges and Franchises: Licenses",2025,80081
acfr2025,gf_revenues,436,185,Permits,2020,297110
acfr2025,gf_revenues,436,185,Permits,2021,265188
acfr2025,gf_revenues,436,185,Permits,2022,294604
acfr2025,gf_revenues,436,185,Permits,2023,290503
acfr2025,gf_revenues,436,185,Permits,2024,288123
acfr2025,gf_revenues,436,185,Permits,2025,318401
acfr2025,gf_revenues,436,186,Privileges and Franchises,2020,327638
acfr2025,gf_revenues,436,186,Privileges and Franchises,2021,296095
acfr2025,gf_revenues,436,186,Privileges and Franchises,2022,288656
acfr2025,gf_revenues,436,186,Privileges and Franchises,2023,393537
acfr2025,gf_revenues,436,186,Privileges and Franchises,2024,346745
acfr2025,gf_revenues,436,186,Privileges and Franchises,2025,338460
acfr2025,gf_revenues,436,187,"Total Licenses, Permits, Privileges and Franchises",2020,699408
acfr2025,gf_revenues,436,187,"Total Licenses, Permits, Privileges and Franchises",2021,625146
acfr2025,gf_revenues,436,187,"Total Licenses, Permits, Privileges and Franchises",2022,651202
acfr2025,gf_revenues,436,187,"Total Licenses, Permits, Privileges and Franchises",2023,763031
acfr2025,gf_revenues,436,187,"Total Licenses, Permits, Privileges and Franchises",2024,716624
acfr2025,gf_revenues,436,187,"Total Licenses, Permits, Privileges and Franchises",2025,736942
acfr2025,gf_revenues,436,188,Fines and Forfeitures: Fines,2020,1077292
acfr2025,gf_revenues,436,188,Fines and Forfeitures: Fines,2021,1034804
acfr2025,gf_revenues,436,188,Fines and Forfeitures: Fines,2022,1229072
acfr2025,gf_revenues,436,188,Fines and Forfeitures: Fines,2023,1453989
acfr2025,gf_revenues,436,188,Fines and Forfeitures: Fines,2024,1365101
acfr2025,gf_revenues,436,188,Fines and Forfeitures: Fines,2025,1421699
acfr2025,gf_revenues,436,189,Forfeitures,2020,1873
acfr2025,gf_revenues,436,189,Forfeitures,2021,868
acfr2025,gf_revenues,436,189,Forfeitures,2022,1407
acfr2025,gf_revenues,436,189,Forfeitures,2023,1304
acfr2025,gf_revenues,436,189,Forfeitures,2024,1573
acfr2025,gf_revenues,436,189,Forfeitures,2025,2929
acfr2025,gf_revenues,436,190,Total Fines and Forfeitures,2020,1079165
acfr2025,gf_revenues,436,190,Total Fines and Forfeitures,2021,1035672
acfr2025,gf_revenues,436,190,Total Fines and Forfeitures,2022,1230479
acfr2025,gf_revenues,436,190,Total Fines and Forfeitures,2023,1455293
acfr2025,gf_revenues,436,190,Total Fines and Forfeitures,2024,1366674
acfr2025,gf_revenues,436,190,Total Fines and Forfeitures,2025,1424628
acfr2025,gf_revenues,436,191,Miscellaneous,2020,1054078
acfr2025,gf_revenues,436,191,Miscellaneous,2021,1081818
acfr2025,gf_revenues,436,191,Miscellaneous,2022,508948
acfr2025,gf_revenues,436,191,Miscellaneous,2023,674796
acfr2025,gf_revenues,436,191,Miscellaneous,2024,745233
acfr2025,gf_revenues,436,191,Miscellaneous,2025,641850
acfr2025,gf_revenues,436,192,Pollution Remediation— Bond Sales,2020,136064
acfr2025,gf_revenues,436,192,Pollution Remediation— Bond Sales,2021,96428
acfr2025,gf_revenues,436,192,Pollution Remediation— Bond Sales,2022,147672
acfr2025,gf_revenues,436,192,Pollution Remediation— Bond Sales,2023,169391
acfr2025,gf_revenues,436,192,Pollution Remediation— Bond Sales,2024,217898
acfr2025,gf_revenues,436,192,Pollution Remediation— Bond Sales,2025,205907
acfr2025,gf_revenues,436,193,Transfer from General Debt Service Fund,2020,78090
acfr2025,gf_revenues,436,193,Transfer from General Debt Service Fund,2021,60554
acfr2025,gf_revenues,436,193,Transfer from General Debt Service Fund,2022,50861
acfr2025,gf_revenues,436,193,Transfer from General Debt Service Fund,2023,48047
acfr2025,gf_revenues,436,193,Transfer from General Debt Service Fund,2024,44223
acfr2025,gf_revenues,436,193,Transfer from General Debt Service Fund,2025,42039
acfr2025,gf_revenues,436,194,Transfer from Nonmajor Debt Service Fund,2020,225838
acfr2025,gf_revenues,436,194,Transfer from Nonmajor Debt Service Fund,2021,247720
acfr2025,gf_revenues,436,194,Transfer from Nonmajor Debt Service Fund,2022,234594
acfr2025,gf_revenues,436,194,Transfer from Nonmajor Debt Service Fund,2023,240623
acfr2025,gf_revenues,436,194,Transfer from Nonmajor Debt Service Fund,2024,164705
acfr2025,gf_revenues,436,194,Transfer from Nonmajor Debt Service Fund,2025,203542
acfr2025,gf_revenues,436,195,Total Revenues,2020,95058142
acfr2025,gf_revenues,436,195,Total Revenues,2021,99587211
acfr2025,gf_revenues,436,195,Total Revenues,2022,107228653
acfr2025,gf_revenues,436,195,Total Revenues,2023,108237610
acfr2025,gf_revenues,436,195,Total Revenues,2024,112814233
acfr2025,gf_revenues,436,195,Total Revenues,2025,117659716
acfr2025,gf_revenues,436,196,Source: Annual Comprehensive,2024,402
acfr2025,gf_revenues,431,197,Taxes (Net of Refunds): Real Estate Taxes,2016,23180583
acfr2025,gf_revenues,431,197,Taxes (Net of Refunds): Real Estate Taxes,2017,24679412
acfr2025,gf_revenues,431,197,Taxes (Net of Refunds): Real Estate Taxes,2018,26407630
acfr2025,gf_revenues,431,197,Taxes (Net of Refunds): Real Estate Taxes,2019,27884735
acfr2025,gf_revenues,431,198,Sales and Use Taxes (Net of Refunds): General Sales,2016,7166843
acfr2025,gf_revenues,431,198,Sales and Use Taxes (Net of Refunds): General Sales,2017,7034094
acfr2025,gf_revenues,431,198,Sales and Use Taxes (Net of Refunds): General Sales,2018,7460490
acfr2025,gf_revenues,431,198,Sales and Use Taxes (Net of Refunds): General Sales,2019,7839527
acfr2025,gf_revenues,431,199,Cigarette,2016,44849
acfr2025,gf_revenues,431,199,Cigarette,2017,37212
acfr2025,gf_revenues,431,199,Cigarette,2018,36483
acfr2025,gf_revenues,431,199,Cigarette,2019,29938
acfr2025,gf_revenues,431,200,Commercial Motor Vehicle,2016,64897
acfr2025,gf_revenues,431,200,Commercial Motor Vehicle,2017,76667
acfr2025,gf_revenues,431,200,Commercial Motor Vehicle,2018,73707
acfr2025,gf_revenues,431,200,Commercial Motor Vehicle,2019,85488
acfr2025,gf_revenues,431,201,Mortgage,2016,1233736
acfr2025,gf_revenues,431,201,Mortgage,2017,1117760
acfr2025,gf_revenues,431,201,Mortgage,2018,1049474
acfr2025,gf_revenues,431,201,Mortgage,2019,1096556
acfr2025,gf_revenues,431,202,Auto Use,2016,29829
acfr2025,gf_revenues,431,202,Auto Use,2017,30703
acfr2025,gf_revenues,431,202,Auto Use,2018,30317
acfr2025,gf_revenues,431,202,Auto Use,2019,29925
acfr2025,gf_revenues,431,203,Other,2016,0
acfr2025,gf_revenues,431,203,Other,2017,0
acfr2025,gf_revenues,431,203,Other,2018,0
acfr2025,gf_revenues,431,203,Other,2019,1346
acfr2025,gf_revenues,431,204,Total Sales and Use Taxes,2016,8540154
acfr2025,gf_revenues,431,204,Total Sales and Use Taxes,2017,8296436
acfr2025,gf_revenues,431,204,Total Sales and Use Taxes,2018,8650471
acfr2025,gf_revenues,431,204,Total Sales and Use Taxes,2019,9082780
acfr2025,gf_revenues,431,205,Personal Income Taxes (Net of Refunds),2016,11392473
acfr2025,gf_revenues,431,205,Personal Income Taxes (Net of Refunds),2017,11257809
acfr2025,gf_revenues,431,205,Personal Income Taxes (Net of Refunds),2018,13411315
acfr2025,gf_revenues,431,205,Personal Income Taxes (Net of Refunds),2019,13376944
acfr2025,gf_revenues,431,206,Other Income Taxes (Net of Refunds): General Corporation,2016,3631441
acfr2025,gf_revenues,431,206,Other Income Taxes (Net of Refunds): General Corporation,2017,4045398
acfr2025,gf_revenues,431,206,Other Income Taxes (Net of Refunds): General Corporation,2018,4101887
acfr2025,gf_revenues,431,206,Other Income Taxes (Net of Refunds): General Corporation,2019,4728619
acfr2025,gf_revenues,431,207,Financial Corporation,2016,689535
acfr2025,gf_revenues,431,207,Financial Corporation,2017,435658
acfr2025,gf_revenues,431,207,Financial Corporation,2018,394858
acfr2025,gf_revenues,431,207,Financial Corporation,2019,-1283
acfr2025,gf_revenues,431,208,Business Tax Suspense Account,2016,0
acfr2025,gf_revenues,431,208,Business Tax Suspense Account,2017,0
acfr2025,gf_revenues,431,208,Business Tax Suspense Account,2018,0
acfr2025,gf_revenues,431,208,Business Tax Suspense Account,2019,0
acfr2025,gf_revenues,431,209,Unincorporated Business,2016,2111644
acfr2025,gf_revenues,431,209,Unincorporated Business,2017,2079048
acfr2025,gf_revenues,431,209,Unincorporated Business,2018,2269384
acfr2025,gf_revenues,431,209,Unincorporated Business,2019,2123980
acfr2025,gf_revenues,431,210,Pass-through Entity Tax,2016,0
acfr2025,gf_revenues,431,210,Pass-through Entity Tax,2017,0
acfr2025,gf_revenues,431,210,Pass-through Entity Tax,2018,0
acfr2025,gf_revenues,431,210,Pass-through Entity Tax,2019,0
acfr2025,gf_revenues,431,211,Personal Income— (Non-Resident City Employees),2016,153793
acfr2025,gf_revenues,431,211,Personal Income— (Non-Resident City Employees),2017,161775
acfr2025,gf_revenues,431,211,Personal Income— (Non-Resident City Employees),2018,173118
acfr2025,gf_revenues,431,211,Personal Income— (Non-Resident City Employees),2019,178399
acfr2025,gf_revenues,431,212,Utility,2016,361201
acfr2025,gf_revenues,431,212,Utility,2017,398742
acfr2025,gf_revenues,431,212,Utility,2018,389648
acfr2025,gf_revenues,431,212,Utility,2019,386550
acfr2025,gf_revenues,431,213,Total Other Income Taxes,2016,6947614
acfr2025,gf_revenues,431,213,Total Other Income Taxes,2017,7120621
acfr2025,gf_revenues,431,213,Total Other Income Taxes,2018,7328895
acfr2025,gf_revenues,431,213,Total Other Income Taxes,2019,7416265
acfr2025,gf_revenues,431,214,Other Taxes: Payments in Lieu of Taxes,2016,320634
acfr2025,gf_revenues,431,214,Other Taxes: Payments in Lieu of Taxes,2017,351438
acfr2025,gf_revenues,431,214,Other Taxes: Payments in Lieu of Taxes,2018,376546
acfr2025,gf_revenues,431,214,Other Taxes: Payments in Lieu of Taxes,2019,491292
acfr2025,gf_revenues,431,215,Hotel Room Occupancy,2016,568069
acfr2025,gf_revenues,431,215,Hotel Room Occupancy,2017,582481
acfr2025,gf_revenues,431,215,Hotel Room Occupancy,2018,606728
acfr2025,gf_revenues,431,215,Hotel Room Occupancy,2019,634022
acfr2025,gf_revenues,431,216,Commercial Rents,2016,836816
acfr2025,gf_revenues,431,216,Commercial Rents,2017,921373
acfr2025,gf_revenues,431,216,Commercial Rents,2018,919094
acfr2025,gf_revenues,431,216,Commercial Rents,2019,995346
acfr2025,gf_revenues,431,217,Horse Race Admissions,2016,42
acfr2025,gf_revenues,431,217,Horse Race Admissions,2017,43
acfr2025,gf_revenues,431,217,Horse Race Admissions,2018,36
acfr2025,gf_revenues,431,217,Horse Race Admissions,2019,42
acfr2025,gf_revenues,431,218,Conveyance of Real Property,2016,1788182
acfr2025,gf_revenues,431,218,Conveyance of Real Property,2017,1418683
acfr2025,gf_revenues,431,218,Conveyance of Real Property,2018,1426869
acfr2025,gf_revenues,431,218,Conveyance of Real Property,2019,1563388
acfr2025,gf_revenues,431,219,Beer and Liquor Excise,2016,25350
acfr2025,gf_revenues,431,219,Beer and Liquor Excise,2017,25814
acfr2025,gf_revenues,431,219,Beer and Liquor Excise,2018,24400
acfr2025,gf_revenues,431,219,Beer and Liquor Excise,2019,25795
acfr2025,gf_revenues,431,220,Taxi Medallion Transfer,2016,1437
acfr2025,gf_revenues,431,220,Taxi Medallion Transfer,2017,1539
acfr2025,gf_revenues,431,220,Taxi Medallion Transfer,2018,502
acfr2025,gf_revenues,431,220,Taxi Medallion Transfer,2019,1035
acfr2025,gf_revenues,431,221,Off-Track Betting Surtax,2016,913
acfr2025,gf_revenues,431,221,Off-Track Betting Surtax,2017,928
acfr2025,gf_revenues,431,221,Off-Track Betting Surtax,2018,631
acfr2025,gf_revenues,431,221,Off-Track Betting Surtax,2019,729
acfr2025,gf_revenues,431,222,Surcharge on Liquor Licenses,2016,6504
acfr2025,gf_revenues,431,222,Surcharge on Liquor Licenses,2017,6347
acfr2025,gf_revenues,431,222,Surcharge on Liquor Licenses,2018,7173
acfr2025,gf_revenues,431,222,Surcharge on Liquor Licenses,2019,7121
acfr2025,gf_revenues,431,223,Refunds of Other Taxes,2016,-45447
acfr2025,gf_revenues,431,223,Refunds of Other Taxes,2017,-53703
acfr2025,gf_revenues,431,223,Refunds of Other Taxes,2018,-112843
acfr2025,gf_revenues,431,223,Refunds of Other Taxes,2019,-50478
acfr2025,gf_revenues,433,224,Other,2016,0
acfr2025,gf_revenues,433,224,Other,2017,48
acfr2025,gf_revenues,433,224,Other,2018,136
acfr2025,gf_revenues,433,224,Other,2019,191
acfr2025,gf_revenues,433,225,Total Other Taxes,2016,3502500
acfr2025,gf_revenues,433,225,Total Other Taxes,2017,3254991
acfr2025,gf_revenues,433,225,Total Other Taxes,2018,3249272
acfr2025,gf_revenues,433,225,Total Other Taxes,2019,3668483
acfr2025,gf_revenues,433,226,Penalties and Interest on Delinquent Taxes: Penalties and Interest on Real Estate Taxes,2016,62312
acfr2025,gf_revenues,433,226,Penalties and Interest on Delinquent Taxes: Penalties and Interest on Real Estate Taxes,2017,58812
acfr2025,gf_revenues,433,226,Penalties and Interest on Delinquent Taxes: Penalties and Interest on Real Estate Taxes,2018,59526
acfr2025,gf_revenues,433,226,Penalties and Interest on Delinquent Taxes: Penalties and Interest on Real Estate Taxes,2019,81816
acfr2025,gf_revenues,433,227,Refunds—Penalties and Interest on Other Taxes,2016,-4987
acfr2025,gf_revenues,433,227,Refunds—Penalties and Interest on Other Taxes,2017,-5676
acfr2025,gf_revenues,433,227,Refunds—Penalties and Interest on Other Taxes,2018,-3162
acfr2025,gf_revenues,433,227,Refunds—Penalties and Interest on Other Taxes,2019,-17523
acfr2025,gf_revenues,433,228,Total Penalties and Interest on Delinquent Taxes,2016,57325
acfr2025,gf_revenues,433,228,Total Penalties and Interest on Delinquent Taxes,2017,53136
acfr2025,gf_revenues,433,228,Total Penalties and Interest on Delinquent Taxes,2018,56364
acfr2025,gf_revenues,433,228,Total Penalties and Interest on Delinquent Taxes,2019,64293
acfr2025,gf_revenues,433,229,Total Taxes,2016,53620649
acfr2025,gf_revenues,433,229,Total Taxes,2017,54662405
acfr2025,gf_revenues,433,229,Total Taxes,2018,59103947
acfr2025,gf_revenues,433,229,Total Taxes,2019,61493500
acfr2025,gf_revenues,433,230,Federal Grants and Contracts—Categorical: General Government,2016,929766
acfr2025,gf_revenues,433,230,Federal Grants and Contracts—Categorical: General Government,2017,1284309
acfr2025,gf_revenues,433,230,Federal Grants and Contracts—Categorical: General Government,2018,1225029
acfr2025,gf_revenues,433,230,Federal Grants and Contracts—Categorical: General Government,2019,712692
acfr2025,gf_revenues,433,231,Public Safety and Judicial,2016,359385
acfr2025,gf_revenues,433,231,Public Safety and Judicial,2017,320868
acfr2025,gf_revenues,433,231,Public Safety and Judicial,2018,341350
acfr2025,gf_revenues,433,231,Public Safety and Judicial,2019,386161
acfr2025,gf_revenues,433,232,Education,2016,1698350
acfr2025,gf_revenues,433,232,Education,2017,1708568
acfr2025,gf_revenues,433,232,Education,2018,1785725
acfr2025,gf_revenues,433,232,Education,2019,1875662
acfr2025,gf_revenues,433,233,Social Services,2016,3296021
acfr2025,gf_revenues,433,233,Social Services,2017,3531602
acfr2025,gf_revenues,433,233,Social Services,2018,3437321
acfr2025,gf_revenues,433,233,Social Services,2019,3619906
acfr2025,gf_revenues,433,234,Environmental Protection,2016,1554
acfr2025,gf_revenues,433,234,Environmental Protection,2017,1335
acfr2025,gf_revenues,433,234,Environmental Protection,2018,4782
acfr2025,gf_revenues,433,234,Environmental Protection,2019,3651
acfr2025,gf_revenues,433,235,Transportation Services,2016,61657
acfr2025,gf_revenues,433,235,Transportation Services,2017,56063
acfr2025,gf_revenues,433,235,Transportation Services,2018,100661
acfr2025,gf_revenues,433,235,Transportation Services,2019,74337
acfr2025,gf_revenues,433,236,"Parks, Recreation and Cultural Activities",2016,-6993
acfr2025,gf_revenues,433,236,"Parks, Recreation and Cultural Activities",2017,-5832
acfr2025,gf_revenues,433,236,"Parks, Recreation and Cultural Activities",2018,928
acfr2025,gf_revenues,433,236,"Parks, Recreation and Cultural Activities",2019,424
acfr2025,gf_revenues,433,237,Housing,2016,501775
acfr2025,gf_revenues,433,237,Housing,2017,521755
acfr2025,gf_revenues,433,237,Housing,2018,523393
acfr2025,gf_revenues,433,237,Housing,2019,543204
acfr2025,gf_revenues,433,238,Health,2016,353139
acfr2025,gf_revenues,433,238,Health,2017,311032
acfr2025,gf_revenues,433,238,Health,2018,348442
acfr2025,gf_revenues,433,238,Health,2019,305851
acfr2025,gf_revenues,433,239,Libraries,2016,0
acfr2025,gf_revenues,433,239,Libraries,2017,0
acfr2025,gf_revenues,433,239,Libraries,2018,0
acfr2025,gf_revenues,433,239,Libraries,2019,0
acfr2025,gf_revenues,433,240,City University,2016,444
acfr2025,gf_revenues,433,240,City University,2017,-1630
acfr2025,gf_revenues,433,240,City University,2018,0
acfr2025,gf_revenues,433,240,City University,2019,0
acfr2025,gf_revenues,433,241,Total Federal Grants,2016,7195098
acfr2025,gf_revenues,433,241,Total Federal Grants,2017,7728070
acfr2025,gf_revenues,433,241,Total Federal Grants,2018,7767631
acfr2025,gf_revenues,433,241,Total Federal Grants,2019,7521888
acfr2025,gf_revenues,433,242,State Grants and Contracts—Categorical: General Government,2016,798438
acfr2025,gf_revenues,433,242,State Grants and Contracts—Categorical: General Government,2017,705576
acfr2025,gf_revenues,433,242,State Grants and Contracts—Categorical: General Government,2018,944486
acfr2025,gf_revenues,433,242,State Grants and Contracts—Categorical: General Government,2019,923324
acfr2025,gf_revenues,433,243,Public Safety and Judicial,2016,118435
acfr2025,gf_revenues,433,243,Public Safety and Judicial,2017,125739
acfr2025,gf_revenues,433,243,Public Safety and Judicial,2018,124955
acfr2025,gf_revenues,433,243,Public Safety and Judicial,2019,125169
acfr2025,gf_revenues,433,244,Education,2016,9612191
acfr2025,gf_revenues,433,244,Education,2017,10250072
acfr2025,gf_revenues,433,244,Education,2018,10709714
acfr2025,gf_revenues,433,244,Education,2019,11185252
acfr2025,gf_revenues,433,245,Social Services,2016,1533403
acfr2025,gf_revenues,433,245,Social Services,2017,1751993
acfr2025,gf_revenues,433,245,Social Services,2018,1652486
acfr2025,gf_revenues,433,245,Social Services,2019,1739804
acfr2025,gf_revenues,433,246,Environmental Protection,2016,506
acfr2025,gf_revenues,433,246,Environmental Protection,2017,649
acfr2025,gf_revenues,433,246,Environmental Protection,2018,10882
acfr2025,gf_revenues,433,246,Environmental Protection,2019,1966
acfr2025,gf_revenues,433,247,Transportation Services,2016,163311
acfr2025,gf_revenues,433,247,Transportation Services,2017,332716
acfr2025,gf_revenues,433,247,Transportation Services,2018,219065
acfr2025,gf_revenues,433,247,Transportation Services,2019,205732
acfr2025,gf_revenues,433,248,"Parks, Recreation and Cultural Activities",2016,875
acfr2025,gf_revenues,433,248,"Parks, Recreation and Cultural Activities",2017,1083
acfr2025,gf_revenues,433,248,"Parks, Recreation and Cultural Activities",2018,1394
acfr2025,gf_revenues,433,248,"Parks, Recreation and Cultural Activities",2019,1280
acfr2025,gf_revenues,433,249,Housing,2016,867
acfr2025,gf_revenues,433,249,Housing,2017,784
acfr2025,gf_revenues,433,249,Housing,2018,795
acfr2025,gf_revenues,433,249,Housing,2019,988
acfr2025,gf_revenues,435,250,Health,2016,534486
acfr2025,gf_revenues,435,250,Health,2017,573166
acfr2025,gf_revenues,435,250,Health,2018,534843
acfr2025,gf_revenues,435,250,Health,2019,523468
acfr2025,gf_revenues,435,251,City University,2016,239245
acfr2025,gf_revenues,435,251,City University,2017,248267
acfr2025,gf_revenues,435,251,City University,2018,254513
acfr2025,gf_revenues,435,251,City University,2019,263317
acfr2025,gf_revenues,435,252,Total State Grants,2016,13001757
acfr2025,gf_revenues,435,252,Total State Grants,2017,13990045
acfr2025,gf_revenues,435,252,Total State Grants,2018,14453133
acfr2025,gf_revenues,435,252,Total State Grants,2019,14970300
acfr2025,gf_revenues,435,253,Non-Governmental Grants: General Government,2016,322643
acfr2025,gf_revenues,435,253,Non-Governmental Grants: General Government,2017,594600
acfr2025,gf_revenues,435,253,Non-Governmental Grants: General Government,2018,547890
acfr2025,gf_revenues,435,253,Non-Governmental Grants: General Government,2019,693885
acfr2025,gf_revenues,435,254,Public Safety and Judicial,2016,212186
acfr2025,gf_revenues,435,254,Public Safety and Judicial,2017,214833
acfr2025,gf_revenues,435,254,Public Safety and Judicial,2018,225917
acfr2025,gf_revenues,435,254,Public Safety and Judicial,2019,226278
acfr2025,gf_revenues,435,255,Education,2016,125011
acfr2025,gf_revenues,435,255,Education,2017,175892
acfr2025,gf_revenues,435,255,Education,2018,193276
acfr2025,gf_revenues,435,255,Education,2019,179971
acfr2025,gf_revenues,435,256,Social Services,2016,3039
acfr2025,gf_revenues,435,256,Social Services,2017,3131
acfr2025,gf_revenues,435,256,Social Services,2018,1351
acfr2025,gf_revenues,435,256,Social Services,2019,3985
acfr2025,gf_revenues,435,257,Environmental Protection,2016,6506
acfr2025,gf_revenues,435,257,Environmental Protection,2017,12207
acfr2025,gf_revenues,435,257,Environmental Protection,2018,7451
acfr2025,gf_revenues,435,257,Environmental Protection,2019,12731
acfr2025,gf_revenues,435,258,Transportation Services,2016,1890
acfr2025,gf_revenues,435,258,Transportation Services,2017,4774
acfr2025,gf_revenues,435,258,Transportation Services,2018,3923
acfr2025,gf_revenues,435,258,Transportation Services,2019,2686
acfr2025,gf_revenues,435,259,"Parks, Recreation and Cultural Activities",2016,16056
acfr2025,gf_revenues,435,259,"Parks, Recreation and Cultural Activities",2017,13186
acfr2025,gf_revenues,435,259,"Parks, Recreation and Cultural Activities",2018,12965
acfr2025,gf_revenues,435,259,"Parks, Recreation and Cultural Activities",2019,16882
acfr2025,gf_revenues,435,260,Housing,2016,2304
acfr2025,gf_revenues,435,260,Housing,2017,15816
acfr2025,gf_revenues,435,260,Housing,2018,29162
acfr2025,gf_revenues,435,260,Housing,2019,13561
acfr2025,gf_revenues,435,261,Health,2016,2773
acfr2025,gf_revenues,435,261,Health,2017,20373
acfr2025,gf_revenues,435,261,Health,2018,65869
acfr2025,gf_revenues,435,261,Health,2019,30405
acfr2025,gf_revenues,435,262,Libraries,2016,0
acfr2025,gf_revenues,435,262,Libraries,2017,0
acfr2025,gf_revenues,435,262,Libraries,2018,0
acfr2025,gf_revenues,435,262,Libraries,2019,0
acfr2025,gf_revenues,435,263,City University,2016,9100
acfr2025,gf_revenues,435,263,City University,2017,13891
acfr2025,gf_revenues,435,263,City University,2018,17243
acfr2025,gf_revenues,435,263,City University,2019,19693
acfr2025,gf_revenues,435,264,Total Non-Governmental Grants,2016,701508
acfr2025,gf_revenues,435,264,Total Non-Governmental Grants,2017,1068703
acfr2025,gf_revenues,435,264,Total Non-Governmental Grants,2018,1105047
acfr2025,gf_revenues,435,264,Total Non-Governmental Grants,2019,1200077
acfr2025,gf_revenues,435,265,"Provision for Disallowances of Federal, State and Other Aid",2016,-772
acfr2025,gf_revenues,435,265,"Provision for Disallowances of Federal, State and Other Aid",2017,557638
acfr2025,gf_revenues,435,265,"Provision for Disallowances of Federal, State and Other Aid",2018,139428
acfr2025,gf_revenues,435,265,"Provision for Disallowances of Federal, State and Other Aid",2019,112543
acfr2025,gf_revenues,435,266,Unrestricted Federal and State Aid: Intergovernmental Aid,2016,6168
acfr2025,gf_revenues,435,266,Unrestricted Federal and State Aid: Intergovernmental Aid,2017,59058
acfr2025,gf_revenues,435,266,Unrestricted Federal and State Aid: Intergovernmental Aid,2018,0
acfr2025,gf_revenues,435,266,Unrestricted Federal and State Aid: Intergovernmental Aid,2019,150539
acfr2025,gf_revenues,435,267,Total Unrestricted Federal and State Aid,2016,6168
acfr2025,gf_revenues,435,267,Total Unrestricted Federal and State Aid,2017,59058
acfr2025,gf_revenues,435,267,Total Unrestricted Federal and State Aid,2018,0
acfr2025,gf_revenues,435,267,Total Unrestricted Federal and State Aid,2019,150539
acfr2025,gf_revenues,435,268,Charges for Services: General Government Charges,2016,1000531
acfr2025,gf_revenues,435,268,Charges for Services: General Government Charges,2017,1032731
acfr2025,gf_revenues,435,268,Charges for Services: General Government Charges,2018,1026587
acfr2025,gf_revenues,435,268,Charges for Services: General Government Charges,2019,1030694
acfr2025,gf_revenues,435,269,Water and Sewer,2016,1297294
acfr2025,gf_revenues,435,269,Water and Sewer,2017,1385446
acfr2025,gf_revenues,435,269,Water and Sewer,2018,1389954
acfr2025,gf_revenues,435,269,Water and Sewer,2019,1469601
acfr2025,gf_revenues,435,270,Housing,2016,47413
acfr2025,gf_revenues,435,270,Housing,2017,40384
acfr2025,gf_revenues,435,270,Housing,2018,34652
acfr2025,gf_revenues,435,270,Housing,2019,27854
acfr2025,gf_revenues,435,271,Rental Income,2016,279119
acfr2025,gf_revenues,435,271,Rental Income,2017,252867
acfr2025,gf_revenues,435,271,Rental Income,2018,260504
acfr2025,gf_revenues,435,271,Rental Income,2019,273141
acfr2025,gf_revenues,435,272,Total Charges for Services,2016,2624357
acfr2025,gf_revenues,435,272,Total Charges for Services,2017,2711428
acfr2025,gf_revenues,435,272,Total Charges for Services,2018,2711697
acfr2025,gf_revenues,435,272,Total Charges for Services,2019,2801290
acfr2025,gf_revenues,437,273,Investment Income,2016,78791
acfr2025,gf_revenues,437,273,Investment Income,2017,73125
acfr2025,gf_revenues,437,273,Investment Income,2018,125353
acfr2025,gf_revenues,437,273,Investment Income,2019,225904
acfr2025,gf_revenues,437,274,"Licenses, Permits, Privileges and Franchises: Licenses",2016,90592
acfr2025,gf_revenues,437,274,"Licenses, Permits, Privileges and Franchises: Licenses",2017,102915
acfr2025,gf_revenues,437,274,"Licenses, Permits, Privileges and Franchises: Licenses",2018,91433
acfr2025,gf_revenues,437,274,"Licenses, Permits, Privileges and Franchises: Licenses",2019,85140
acfr2025,gf_revenues,437,275,Permits,2016,285909
acfr2025,gf_revenues,437,275,Permits,2017,288628
acfr2025,gf_revenues,437,275,Permits,2018,310314
acfr2025,gf_revenues,437,275,Permits,2019,356561
acfr2025,gf_revenues,437,276,Privileges and Franchises,2016,352041
acfr2025,gf_revenues,437,276,Privileges and Franchises,2017,378638
acfr2025,gf_revenues,437,276,Privileges and Franchises,2018,373795
acfr2025,gf_revenues,437,276,Privileges and Franchises,2019,360650
acfr2025,gf_revenues,437,277,"Total Licenses, Permits, Privileges and Franchises",2016,728542
acfr2025,gf_revenues,437,277,"Total Licenses, Permits, Privileges and Franchises",2017,770181
acfr2025,gf_revenues,437,277,"Total Licenses, Permits, Privileges and Franchises",2018,775542
acfr2025,gf_revenues,437,277,"Total Licenses, Permits, Privileges and Franchises",2019,802351
acfr2025,gf_revenues,437,278,Fines and Forfeitures: Fines,2016,992714
acfr2025,gf_revenues,437,278,Fines and Forfeitures: Fines,2017,983551
acfr2025,gf_revenues,437,278,Fines and Forfeitures: Fines,2018,1025910
acfr2025,gf_revenues,437,278,Fines and Forfeitures: Fines,2019,1107441
acfr2025,gf_revenues,437,279,Forfeitures,2016,1859
acfr2025,gf_revenues,437,279,Forfeitures,2017,1305
acfr2025,gf_revenues,437,279,Forfeitures,2018,1547
acfr2025,gf_revenues,437,279,Forfeitures,2019,1287
acfr2025,gf_revenues,437,280,Total Fines and Forfeitures,2016,994573
acfr2025,gf_revenues,437,280,Total Fines and Forfeitures,2017,984856
acfr2025,gf_revenues,437,280,Total Fines and Forfeitures,2018,1027457
acfr2025,gf_revenues,437,280,Total Fines and Forfeitures,2019,1108728
acfr2025,gf_revenues,437,281,Miscellaneous,2016,448835
acfr2025,gf_revenues,437,281,Miscellaneous,2017,424218
acfr2025,gf_revenues,437,281,Miscellaneous,2018,270345
acfr2025,gf_revenues,437,281,Miscellaneous,2019,956681
acfr2025,gf_revenues,437,282,Pollution Remediation— Bond Sales,2016,159154
acfr2025,gf_revenues,437,282,Pollution Remediation— Bond Sales,2017,139513
acfr2025,gf_revenues,437,282,Pollution Remediation— Bond Sales,2018,149891
acfr2025,gf_revenues,437,282,Pollution Remediation— Bond Sales,2019,140310
acfr2025,gf_revenues,437,283,Transfer from General Debt Service Fund,2016,82047
acfr2025,gf_revenues,437,283,Transfer from General Debt Service Fund,2017,82067
acfr2025,gf_revenues,437,283,Transfer from General Debt Service Fund,2018,81810
acfr2025,gf_revenues,437,283,Transfer from General Debt Service Fund,2019,80976
acfr2025,gf_revenues,437,284,Transfer from Nonmajor Debt Service Fund,2016,345777
acfr2025,gf_revenues,437,284,Transfer from Nonmajor Debt Service Fund,2017,217051
acfr2025,gf_revenues,437,284,Transfer from Nonmajor Debt Service Fund,2018,225114
acfr2025,gf_revenues,437,284,Transfer from Nonmajor Debt Service Fund,2019,219215
acfr2025,gf_revenues,437,285,Total Revenues,2016,79986484
acfr2025,gf_revenues,437,285,Total Revenues,2017,83468358
acfr2025,gf_revenues,437,285,Total Revenues,2018,87936395
acfr2025,gf_revenues,437,285,Total Revenues,2019,91784302
acfr2015,fund_balances,358,286,Revenues: Real estate taxes,2006,12636355
acfr2015,fund_balances,358,286,Revenues: Real estate taxes,2007,13122812
acfr2015,fund_balances,358,286,Revenues: Real estate taxes,2008,13203930
acfr2015,fund_balances,358,286,Revenues: Real estate taxes,2009,14487231
acfr2015,fund_balances,358,286,Revenues: Real estate taxes,2010,16369447
acfr2015,fund_balances,358,286,Revenues: Real estate taxes,2011,17086484
acfr2015,fund_balances,358,286,Revenues: Real estate taxes,2012,18157722
acfr2015,fund_balances,358,286,Revenues: Real estate taxes,2013,18969610
acfr2015,fund_balances,358,286,Revenues: Real estate taxes,2014,20202022
acfr2015,fund_balances,358,286,Revenues: Real estate taxes,2015,21517932
acfr2015,fund_balances,358,287,Sales and use taxes,2006,5986655
acfr2015,fund_balances,358,287,Sales and use taxes,2007,6412020
acfr2015,fund_balances,358,287,Sales and use taxes,2008,6228357
acfr2015,fund_balances,358,287,Sales and use taxes,2009,5302107
acfr2015,fund_balances,358,287,Sales and use taxes,2010,5611398
acfr2015,fund_balances,358,287,Sales and use taxes,2011,6190215
acfr2015,fund_balances,358,287,Sales and use taxes,2012,6512107
acfr2015,fund_balances,358,287,Sales and use taxes,2013,7032259
acfr2015,fund_balances,358,287,Sales and use taxes,2014,7603986
acfr2015,fund_balances,358,287,Sales and use taxes,2015,8050932
acfr2015,fund_balances,358,288,Personal income tax,2006,8025813
acfr2015,fund_balances,358,288,Personal income tax,2007,8647777
acfr2015,fund_balances,358,288,Personal income tax,2008,9927965
acfr2015,fund_balances,358,288,Personal income tax,2009,7657177
acfr2015,fund_balances,358,288,Personal income tax,2010,7592657
acfr2015,fund_balances,358,288,Personal income tax,2011,8165972
acfr2015,fund_balances,358,288,Personal income tax,2012,8557002
acfr2015,fund_balances,358,288,Personal income tax,2013,9814898
acfr2015,fund_balances,358,288,Personal income tax,2014,10173614
acfr2015,fund_balances,358,288,Personal income tax,2015,11294669
acfr2015,fund_balances,358,289,"Income taxes, other",2006,5531620
acfr2015,fund_balances,358,289,"Income taxes, other",2007,7451281
acfr2015,fund_balances,358,289,"Income taxes, other",2008,6784783
acfr2015,fund_balances,358,289,"Income taxes, other",2009,6588642
acfr2015,fund_balances,358,289,"Income taxes, other",2010,5706532
acfr2015,fund_balances,358,289,"Income taxes, other",2011,6705299
acfr2015,fund_balances,358,289,"Income taxes, other",2012,6498881
acfr2015,fund_balances,358,289,"Income taxes, other",2013,7248633
acfr2015,fund_balances,358,289,"Income taxes, other",2014,7214845
acfr2015,fund_balances,358,289,"Income taxes, other",2015,7602041
acfr2015,fund_balances,358,290,Other taxes,2006,2380744
acfr2015,fund_balances,358,290,Other taxes,2007,2892579
acfr2015,fund_balances,358,290,Other taxes,2008,2619250
acfr2015,fund_balances,358,290,Other taxes,2009,1975691
acfr2015,fund_balances,358,290,Other taxes,2010,1920938
acfr2015,fund_balances,358,290,Other taxes,2011,2201835
acfr2015,fund_balances,358,290,Other taxes,2012,2385674
acfr2015,fund_balances,358,290,Other taxes,2013,2656383
acfr2015,fund_balances,358,290,Other taxes,2014,3180945
acfr2015,fund_balances,358,290,Other taxes,2015,3475767
acfr2015,fund_balances,358,291,"Federal, State and other categorical aid",2006,16044612
acfr2015,fund_balances,358,291,"Federal, State and other categorical aid",2007,17697756
acfr2015,fund_balances,358,291,"Federal, State and other categorical aid",2008,19615947
acfr2015,fund_balances,358,291,"Federal, State and other categorical aid",2009,20189664
acfr2015,fund_balances,358,291,"Federal, State and other categorical aid",2010,21476859
acfr2015,fund_balances,358,291,"Federal, State and other categorical aid",2011,20745380
acfr2015,fund_balances,358,291,"Federal, State and other categorical aid",2012,19868600
acfr2015,fund_balances,358,291,"Federal, State and other categorical aid",2013,21159400
acfr2015,fund_balances,358,291,"Federal, State and other categorical aid",2014,19145040
acfr2015,fund_balances,358,291,"Federal, State and other categorical aid",2015,20485605
acfr2015,fund_balances,358,292,Unrestricted Federal and State aid,2006,494154
acfr2015,fund_balances,358,292,Unrestricted Federal and State aid,2007,35054
acfr2015,fund_balances,358,292,Unrestricted Federal and State aid,2008,242115
acfr2015,fund_balances,358,292,Unrestricted Federal and State aid,2009,327390
acfr2015,fund_balances,358,292,Unrestricted Federal and State aid,2010,-17563
acfr2015,fund_balances,358,292,Unrestricted Federal and State aid,2011,208623
acfr2015,fund_balances,358,292,Unrestricted Federal and State aid,2012,194547
acfr2015,fund_balances,358,292,Unrestricted Federal and State aid,2013,170000
acfr2015,fund_balances,358,292,Unrestricted Federal and State aid,2014,170000
acfr2015,fund_balances,358,292,Unrestricted Federal and State aid,2015,170408
acfr2015,fund_balances,358,293,Charges for services,2006,1836959
acfr2015,fund_balances,358,293,Charges for services,2007,1920752
acfr2015,fund_balances,358,293,Charges for services,2008,2125870
acfr2015,fund_balances,358,293,Charges for services,2009,2244924
acfr2015,fund_balances,358,293,Charges for services,2010,2538984
acfr2015,fund_balances,358,293,Charges for services,2011,2344682
acfr2015,fund_balances,358,293,Charges for services,2012,2538469
acfr2015,fund_balances,358,293,Charges for services,2013,2571764
acfr2015,fund_balances,358,293,Charges for services,2014,2786460
acfr2015,fund_balances,358,293,Charges for services,2015,2745137
acfr2015,fund_balances,358,294,Tobacco settlement,2006,199098
acfr2015,fund_balances,358,294,Tobacco settlement,2007,208433
acfr2015,fund_balances,358,294,Tobacco settlement,2008,210937
acfr2015,fund_balances,358,294,Tobacco settlement,2009,232612
acfr2015,fund_balances,358,294,Tobacco settlement,2010,193580
acfr2015,fund_balances,358,294,Tobacco settlement,2011,183531
acfr2015,fund_balances,358,294,Tobacco settlement,2012,187168
acfr2015,fund_balances,358,294,Tobacco settlement,2013,187051
acfr2015,fund_balances,358,294,Tobacco settlement,2014,211616
acfr2015,fund_balances,358,294,Tobacco settlement,2015,181094
acfr2015,fund_balances,358,295,Investment income,2006,454736
acfr2015,fund_balances,358,295,Investment income,2007,665093
acfr2015,fund_balances,358,295,Investment income,2008,634530
acfr2015,fund_balances,358,295,Investment income,2009,280399
acfr2015,fund_balances,358,295,Investment income,2010,78591
acfr2015,fund_balances,358,295,Investment income,2011,105547
acfr2015,fund_balances,358,295,Investment income,2012,117813
acfr2015,fund_balances,358,295,Investment income,2013,89278
acfr2015,fund_balances,358,295,Investment income,2014,119460
acfr2015,fund_balances,358,295,Investment income,2015,142995
acfr2015,fund_balances,358,296,"Interest on mortgages, net",2006,4809
acfr2015,fund_balances,358,296,"Interest on mortgages, net",2007,4080
acfr2015,fund_balances,358,296,"Interest on mortgages, net",2008,3181
acfr2015,fund_balances,358,296,"Interest on mortgages, net",2009,6469
acfr2015,fund_balances,358,296,"Interest on mortgages, net",2010,2319
acfr2015,fund_balances,358,296,"Interest on mortgages, net",2011,2096
acfr2015,fund_balances,358,296,"Interest on mortgages, net",2012,976
acfr2015,fund_balances,358,296,"Interest on mortgages, net",2013,775
acfr2015,fund_balances,358,296,"Interest on mortgages, net",2014,605
acfr2015,fund_balances,358,296,"Interest on mortgages, net",2015,0
acfr2015,fund_balances,358,297,327 Other revenues,2006,3321152
acfr2015,fund_balances,358,297,327 Other revenues,2007,3867093
acfr2015,fund_balances,358,297,327 Other revenues,2008,4331232
acfr2015,fund_balances,358,297,327 Other revenues,2009,5028821
acfr2015,fund_balances,358,297,327 Other revenues,2010,4569161
acfr2015,fund_balances,358,297,327 Other revenues,2011,4720509
acfr2015,fund_balances,358,297,327 Other revenues,2012,5152282
acfr2015,fund_balances,358,297,327 Other revenues,2013,4059518
acfr2015,fund_balances,358,297,327 Other revenues,2014,4662173
acfr2015,fund_balances,358,297,327 Other revenues,2015,5978750
acfr2015,fund_balances,358,298,Total revenues,2006,56916707
acfr2015,fund_balances,358,298,Total revenues,2007,62924730
acfr2015,fund_balances,358,298,Total revenues,2008,65928097
acfr2015,fund_balances,358,298,Total revenues,2009,64321127
acfr2015,fund_balances,358,298,Total revenues,2010,66042903
acfr2015,fund_balances,358,298,Total revenues,2011,68660173
acfr2015,fund_balances,358,298,Total revenues,2012,70171241
acfr2015,fund_balances,358,298,Total revenues,2013,73959569
acfr2015,fund_balances,358,298,Total revenues,2014,75470766
acfr2015,fund_balances,358,298,Total revenues,2015,81645330
acfr2015,fund_balances,358,299,Expenditures: General government,2006,2198405
acfr2015,fund_balances,358,299,Expenditures: General government,2007,2683276
acfr2015,fund_balances,358,299,Expenditures: General government,2008,3992653
acfr2015,fund_balances,358,299,Expenditures: General government,2009,3617367
acfr2015,fund_balances,358,299,Expenditures: General government,2010,3699732
acfr2015,fund_balances,358,299,Expenditures: General government,2011,3302864
acfr2015,fund_balances,358,299,Expenditures: General government,2012,3216709
acfr2015,fund_balances,358,299,Expenditures: General government,2013,3514957
acfr2015,fund_balances,358,299,Expenditures: General government,2014,3606908
acfr2015,fund_balances,358,299,Expenditures: General government,2015,3386214
acfr2015,fund_balances,358,300,Public safety and judicial,2006,6906022
acfr2015,fund_balances,358,300,Public safety and judicial,2007,7048447
acfr2015,fund_balances,358,300,Public safety and judicial,2008,7541195
acfr2015,fund_balances,358,300,Public safety and judicial,2009,8019618
acfr2015,fund_balances,358,300,Public safety and judicial,2010,8314308
acfr2015,fund_balances,358,300,Public safety and judicial,2011,8668216
acfr2015,fund_balances,358,300,Public safety and judicial,2012,8613048
acfr2015,fund_balances,358,300,Public safety and judicial,2013,8972925
acfr2015,fund_balances,358,300,Public safety and judicial,2014,9023331
acfr2015,fund_balances,358,300,Public safety and judicial,2015,9129695
acfr2015,fund_balances,358,301,Education,2006,16576114
acfr2015,fund_balances,358,301,Education,2007,17881193
acfr2015,fund_balances,358,301,Education,2008,19193800
acfr2015,fund_balances,358,301,Education,2009,20520932
acfr2015,fund_balances,358,301,Education,2010,21413573
acfr2015,fund_balances,358,301,Education,2011,20928096
acfr2015,fund_balances,358,301,Education,2012,21089708
acfr2015,fund_balances,358,301,Education,2013,20046804
acfr2015,fund_balances,358,301,Education,2014,20754960
acfr2015,fund_balances,358,301,Education,2015,23024615
acfr2015,fund_balances,358,302,City University,2006,564146
acfr2015,fund_balances,358,302,City University,2007,595610
acfr2015,fund_balances,358,302,City University,2008,658075
acfr2015,fund_balances,358,302,City University,2009,725065
acfr2015,fund_balances,358,302,City University,2010,816147
acfr2015,fund_balances,358,302,City University,2011,819408
acfr2015,fund_balances,358,302,City University,2012,837853
acfr2015,fund_balances,358,302,City University,2013,859535
acfr2015,fund_balances,358,302,City University,2014,887622
acfr2015,fund_balances,358,302,City University,2015,974258
acfr2015,fund_balances,358,303,Social services,2006,10186977
acfr2015,fund_balances,358,303,Social services,2007,11150695
acfr2015,fund_balances,358,303,Social services,2008,12575788
acfr2015,fund_balances,358,303,Social services,2009,12242222
acfr2015,fund_balances,358,303,Social services,2010,12438116
acfr2015,fund_balances,358,303,Social services,2011,11845951
acfr2015,fund_balances,358,303,Social services,2012,13311116
acfr2015,fund_balances,358,303,Social services,2013,13490218
acfr2015,fund_balances,358,303,Social services,2014,13536580
acfr2015,fund_balances,358,303,Social services,2015,14052464
acfr2015,fund_balances,358,304,Environmental protection,2006,3771669
acfr2015,fund_balances,358,304,Environmental protection,2007,4023264
acfr2015,fund_balances,358,304,Environmental protection,2008,4583582
acfr2015,fund_balances,358,304,Environmental protection,2009,5129731
acfr2015,fund_balances,358,304,Environmental protection,2010,5639188
acfr2015,fund_balances,358,304,Environmental protection,2011,5397833
acfr2015,fund_balances,358,304,Environmental protection,2012,4974241
acfr2015,fund_balances,358,304,Environmental protection,2013,5199876
acfr2015,fund_balances,358,304,Environmental protection,2014,4364146
acfr2015,fund_balances,358,304,Environmental protection,2015,4160176
acfr2015,fund_balances,358,305,Transportation services,2006,1737059
acfr2015,fund_balances,358,305,Transportation services,2007,1848570
acfr2015,fund_balances,358,305,Transportation services,2008,2001000
acfr2015,fund_balances,358,305,Transportation services,2009,2272385
acfr2015,fund_balances,358,305,Transportation services,2010,2379371
acfr2015,fund_balances,358,305,Transportation services,2011,2176070
acfr2015,fund_balances,358,305,Transportation services,2012,2618898
acfr2015,fund_balances,358,305,Transportation services,2013,2638589
acfr2015,fund_balances,358,305,Transportation services,2014,2488614
acfr2015,fund_balances,358,305,Transportation services,2015,2527388
acfr2015,fund_balances,358,306,"Parks, recreation and cultural activities",2006,759653
acfr2015,fund_balances,358,306,"Parks, recreation and cultural activities",2007,904723
acfr2015,fund_balances,358,306,"Parks, recreation and cultural activities",2008,1014037
acfr2015,fund_balances,358,306,"Parks, recreation and cultural activities",2009,1276999
acfr2015,fund_balances,358,306,"Parks, recreation and cultural activities",2010,1267509
acfr2015,fund_balances,358,306,"Parks, recreation and cultural activities",2011,1317125
acfr2015,fund_balances,358,306,"Parks, recreation and cultural activities",2012,1066828
acfr2015,fund_balances,358,306,"Parks, recreation and cultural activities",2013,1203891
acfr2015,fund_balances,358,306,"Parks, recreation and cultural activities",2014,1056093
acfr2015,fund_balances,358,306,"Parks, recreation and cultural activities",2015,1131656
acfr2015,fund_balances,358,307,Housing,2006,1180859
acfr2015,fund_balances,358,307,Housing,2007,1077223
acfr2015,fund_balances,358,307,Housing,2008,1182201
acfr2015,fund_balances,358,307,Housing,2009,1209793
acfr2015,fund_balances,358,307,Housing,2010,1242741
acfr2015,fund_balances,358,307,Housing,2011,1118070
acfr2015,fund_balances,358,307,Housing,2012,1159805
acfr2015,fund_balances,358,307,Housing,2013,1170118
acfr2015,fund_balances,358,307,Housing,2014,1256718
acfr2015,fund_balances,358,307,Housing,2015,1446407
acfr2015,fund_balances,358,308,Health (including payments to HHC),2006,3027475
acfr2015,fund_balances,358,308,Health (including payments to HHC),2007,2518738
acfr2015,fund_balances,358,308,Health (including payments to HHC),2008,1793468
acfr2015,fund_balances,358,308,Health (including payments to HHC),2009,2075921
acfr2015,fund_balances,358,308,Health (including payments to HHC),2010,1945901
acfr2015,fund_balances,358,308,Health (including payments to HHC),2011,1932878
acfr2015,fund_balances,358,308,Health (including payments to HHC),2012,1818498
acfr2015,fund_balances,358,308,Health (including payments to HHC),2013,2185235
acfr2015,fund_balances,358,308,Health (including payments to HHC),2014,1863412
acfr2015,fund_balances,358,308,Health (including payments to HHC),2015,1876122
acfr2015,fund_balances,359,309,Libraries,2006,313457
acfr2015,fund_balances,359,309,Libraries,2007,367918
acfr2015,fund_balances,359,309,Libraries,2008,291693
acfr2015,fund_balances,359,309,Libraries,2009,413773
acfr2015,fund_balances,359,309,Libraries,2010,300733
acfr2015,fund_balances,359,309,Libraries,2011,362729
acfr2015,fund_balances,359,309,Libraries,2012,240497
acfr2015,fund_balances,359,309,Libraries,2013,341912
acfr2015,fund_balances,359,309,Libraries,2014,276247
acfr2015,fund_balances,359,309,Libraries,2015,359147
acfr2015,fund_balances,359,310,Pensions,2006,3878950
acfr2015,fund_balances,359,310,Pensions,2007,4726200
acfr2015,fund_balances,359,310,Pensions,2008,5616289
acfr2015,fund_balances,359,310,Pensions,2009,6264914
acfr2015,fund_balances,359,310,Pensions,2010,6631325
acfr2015,fund_balances,359,310,Pensions,2011,6842573
acfr2015,fund_balances,359,310,Pensions,2012,7830440
acfr2015,fund_balances,359,310,Pensions,2013,8054284
acfr2015,fund_balances,359,310,Pensions,2014,8141099
acfr2015,fund_balances,359,310,Pensions,2015,8489857
acfr2015,fund_balances,359,311,Judgments and claims,2006,516801
acfr2015,fund_balances,359,311,Judgments and claims,2007,564037
acfr2015,fund_balances,359,311,Judgments and claims,2008,625395
acfr2015,fund_balances,359,311,Judgments and claims,2009,623192
acfr2015,fund_balances,359,311,Judgments and claims,2010,568246
acfr2015,fund_balances,359,311,Judgments and claims,2011,664073
acfr2015,fund_balances,359,311,Judgments and claims,2012,582869
acfr2015,fund_balances,359,311,Judgments and claims,2013,524483
acfr2015,fund_balances,359,311,Judgments and claims,2014,732222
acfr2015,fund_balances,359,311,Judgments and claims,2015,679605
acfr2015,fund_balances,359,312,Fringe benefits and other benefit payments,2006,4154015
acfr2015,fund_balances,359,312,Fringe benefits and other benefit payments,2007,4846211
acfr2015,fund_balances,359,312,Fringe benefits and other benefit payments,2008,3956861
acfr2015,fund_balances,359,312,Fringe benefits and other benefit payments,2009,3524852
acfr2015,fund_balances,359,312,Fringe benefits and other benefit payments,2010,3733084
acfr2015,fund_balances,359,312,Fringe benefits and other benefit payments,2011,3846135
acfr2015,fund_balances,359,312,Fringe benefits and other benefit payments,2012,3879655
acfr2015,fund_balances,359,312,Fringe benefits and other benefit payments,2013,3829655
acfr2015,fund_balances,359,312,Fringe benefits and other benefit payments,2014,5841923
acfr2015,fund_balances,359,312,Fringe benefits and other benefit payments,2015,5862664
acfr2015,fund_balances,359,313,Administrative and other,2006,308927
acfr2015,fund_balances,359,313,Administrative and other,2007,405011
acfr2015,fund_balances,359,313,Administrative and other,2008,477658
acfr2015,fund_balances,359,313,Administrative and other,2009,326398
acfr2015,fund_balances,359,313,Administrative and other,2010,-521256
acfr2015,fund_balances,359,313,Administrative and other,2011,165438
acfr2015,fund_balances,359,313,Administrative and other,2012,494347
acfr2015,fund_balances,359,313,Administrative and other,2013,513306
acfr2015,fund_balances,359,313,Administrative and other,2014,2206147
acfr2015,fund_balances,359,313,Administrative and other,2015,1854687
acfr2015,fund_balances,359,314,Debt Service: Interest,2006,2378802
acfr2015,fund_balances,359,314,Debt Service: Interest,2007,2426572
acfr2015,fund_balances,359,314,Debt Service: Interest,2008,2582324
acfr2015,fund_balances,359,314,Debt Service: Interest,2009,2484015
acfr2015,fund_balances,359,314,Debt Service: Interest,2010,2648952
acfr2015,fund_balances,359,314,Debt Service: Interest,2011,2908387
acfr2015,fund_balances,359,314,Debt Service: Interest,2012,3052362
acfr2015,fund_balances,359,314,Debt Service: Interest,2013,3111664
acfr2015,fund_balances,359,314,Debt Service: Interest,2014,3241987
acfr2015,fund_balances,359,314,Debt Service: Interest,2015,3251959
acfr2015,fund_balances,359,315,Redemptions,2006,2551132
acfr2015,fund_balances,359,315,Redemptions,2007,3213987
acfr2015,fund_balances,359,315,Redemptions,2008,2308208
acfr2015,fund_balances,359,315,Redemptions,2009,1879676
acfr2015,fund_balances,359,315,Redemptions,2010,2191705
acfr2015,fund_balances,359,315,Redemptions,2011,2470288
acfr2015,fund_balances,359,315,Redemptions,2012,4620451
acfr2015,fund_balances,359,315,Redemptions,2013,3108856
acfr2015,fund_balances,359,315,Redemptions,2014,3295271
acfr2015,fund_balances,359,315,Redemptions,2015,5750685
acfr2015,fund_balances,359,316,Lease Payments,2006,228846
acfr2015,fund_balances,359,316,Lease Payments,2007,309612
acfr2015,fund_balances,359,316,Lease Payments,2008,158482
acfr2015,fund_balances,359,316,Lease Payments,2009,174523
acfr2015,fund_balances,359,316,Lease Payments,2010,53562
acfr2015,fund_balances,359,316,Lease Payments,2011,145336
acfr2015,fund_balances,359,316,Lease Payments,2012,137659
acfr2015,fund_balances,359,316,Lease Payments,2013,151420
acfr2015,fund_balances,359,316,Lease Payments,2014,152613
acfr2015,fund_balances,359,316,Lease Payments,2015,148847
acfr2015,fund_balances,359,317,Total expenditures,2006,61239309
acfr2015,fund_balances,359,317,Total expenditures,2007,66591287
acfr2015,fund_balances,359,317,Total expenditures,2008,70552709
acfr2015,fund_balances,359,317,Total expenditures,2009,72781376
acfr2015,fund_balances,359,317,Total expenditures,2010,74762937
acfr2015,fund_balances,359,317,Total expenditures,2011,74911470
acfr2015,fund_balances,359,317,Total expenditures,2012,79544984
acfr2015,fund_balances,359,317,Total expenditures,2013,79917728
acfr2015,fund_balances,359,317,Total expenditures,2014,82725893
acfr2015,fund_balances,359,317,Total expenditures,2015,88106446
acfr2015,fund_balances,359,318,Deficiency of revenues over expenditures,2006,-4322602
acfr2015,fund_balances,359,318,Deficiency of revenues over expenditures,2007,-3666557
acfr2015,fund_balances,359,318,Deficiency of revenues over expenditures,2008,-4624612
acfr2015,fund_balances,359,318,Deficiency of revenues over expenditures,2009,-8460249
acfr2015,fund_balances,359,318,Deficiency of revenues over expenditures,2010,-8720034
acfr2015,fund_balances,359,318,Deficiency of revenues over expenditures,2011,-6251297
acfr2015,fund_balances,359,318,Deficiency of revenues over expenditures,2012,-9373743
acfr2015,fund_balances,359,318,Deficiency of revenues over expenditures,2013,-5958159
acfr2015,fund_balances,359,318,Deficiency of revenues over expenditures,2014,-7255127
acfr2015,fund_balances,359,318,Deficiency of revenues over expenditures,2015,-6461116
acfr2015,fund_balances,359,319,Other Financing Sources (Uses): 328 Transfers from General Fund,2006,4388072
acfr2015,fund_balances,359,319,Other Financing Sources (Uses): 328 Transfers from General Fund,2007,5660573
acfr2015,fund_balances,359,319,Other Financing Sources (Uses): 328 Transfers from General Fund,2008,5421706
acfr2015,fund_balances,359,319,Other Financing Sources (Uses): 328 Transfers from General Fund,2009,2154918
acfr2015,fund_balances,359,319,Other Financing Sources (Uses): 328 Transfers from General Fund,2010,3594946
acfr2015,fund_balances,359,319,Other Financing Sources (Uses): 328 Transfers from General Fund,2011,4585836
acfr2015,fund_balances,359,319,Other Financing Sources (Uses): 328 Transfers from General Fund,2012,3413130
acfr2015,fund_balances,359,319,Other Financing Sources (Uses): 328 Transfers from General Fund,2013,5203219
acfr2015,fund_balances,359,319,Other Financing Sources (Uses): 328 Transfers from General Fund,2014,3201115
acfr2015,fund_balances,359,319,Other Financing Sources (Uses): 328 Transfers from General Fund,2015,6965395
acfr2015,fund_balances,359,320,Transfers from (to) Nonmajor Capital Project Funds,2006,-1500
acfr2015,fund_balances,359,320,Transfers from (to) Nonmajor Capital Project Funds,2007,2498101
acfr2015,fund_balances,359,320,Transfers from (to) Nonmajor Capital Project Funds,2008,1811340
acfr2015,fund_balances,359,320,Transfers from (to) Nonmajor Capital Project Funds,2009,2445113
acfr2015,fund_balances,359,320,Transfers from (to) Nonmajor Capital Project Funds,2010,3218777
acfr2015,fund_balances,359,320,Transfers from (to) Nonmajor Capital Project Funds,2011,4022408
acfr2015,fund_balances,359,320,Transfers from (to) Nonmajor Capital Project Funds,2012,3185336
acfr2015,fund_balances,359,320,Transfers from (to) Nonmajor Capital Project Funds,2013,3901487
acfr2015,fund_balances,359,320,Transfers from (to) Nonmajor Capital Project Funds,2014,3522599
acfr2015,fund_balances,359,320,Transfers from (to) Nonmajor Capital Project Funds,2015,5767616
acfr2015,fund_balances,359,321,Transfer from Nonmajor Special Revenue Funds,2006,0
acfr2015,fund_balances,359,321,Transfer from Nonmajor Special Revenue Funds,2007,0
acfr2015,fund_balances,359,321,Transfer from Nonmajor Special Revenue Funds,2008,0
acfr2015,fund_balances,359,321,Transfer from Nonmajor Special Revenue Funds,2009,0
acfr2015,fund_balances,359,321,Transfer from Nonmajor Special Revenue Funds,2010,0
acfr2015,fund_balances,359,321,Transfer from Nonmajor Special Revenue Funds,2011,102631
acfr2015,fund_balances,359,321,Transfer from Nonmajor Special Revenue Funds,2012,72619
acfr2015,fund_balances,359,321,Transfer from Nonmajor Special Revenue Funds,2013,103343
acfr2015,fund_balances,359,321,Transfer from Nonmajor Special Revenue Funds,2014,36020
acfr2015,fund_balances,359,321,Transfer from Nonmajor Special Revenue Funds,2015,121258
acfr2015,fund_balances,359,322,Principal amount of bonds issued,2006,3405000
acfr2015,fund_balances,359,322,Principal amount of bonds issued,2007,6160710
acfr2015,fund_balances,359,322,Principal amount of bonds issued,2008,4125400
acfr2015,fund_balances,359,322,Principal amount of bonds issued,2009,7751000
acfr2015,fund_balances,359,322,Principal amount of bonds issued,2010,7036630
acfr2015,fund_balances,359,322,Principal amount of bonds issued,2011,6640953
acfr2015,fund_balances,359,322,Principal amount of bonds issued,2012,7245053
acfr2015,fund_balances,359,322,Principal amount of bonds issued,2013,5474749
acfr2015,fund_balances,359,322,Principal amount of bonds issued,2014,5171646
acfr2015,fund_balances,359,322,Principal amount of bonds issued,2015,7570809
acfr2015,fund_balances,359,323,Bond premium,2006,141000
acfr2015,fund_balances,359,323,Bond premium,2007,334192
acfr2015,fund_balances,359,323,Bond premium,2008,155919
acfr2015,fund_balances,359,323,Bond premium,2009,98498
acfr2015,fund_balances,359,323,Bond premium,2010,404415
acfr2015,fund_balances,359,323,Bond premium,2011,315466
acfr2015,fund_balances,359,323,Bond premium,2012,1121909
acfr2015,fund_balances,359,323,Bond premium,2013,1398561
acfr2015,fund_balances,359,323,Bond premium,2014,622151
acfr2015,fund_balances,359,323,Bond premium,2015,1278429
acfr2015,fund_balances,359,324,Capitalized leases,2006,14191
acfr2015,fund_balances,359,324,Capitalized leases,2007,45265
acfr2015,fund_balances,359,324,Capitalized leases,2008,16743
acfr2015,fund_balances,359,324,Capitalized leases,2009,26237
acfr2015,fund_balances,359,324,Capitalized leases,2010,14977
acfr2015,fund_balances,359,324,Capitalized leases,2011,139026
acfr2015,fund_balances,359,324,Capitalized leases,2012,28746
acfr2015,fund_balances,359,324,Capitalized leases,2013,28262
acfr2015,fund_balances,359,324,Capitalized leases,2014,75467
acfr2015,fund_balances,359,324,Capitalized leases,2015,126544
acfr2015,fund_balances,359,325,Issuance of refunding debt,2006,3364784
acfr2015,fund_balances,359,325,Issuance of refunding debt,2007,1449230
acfr2015,fund_balances,359,325,Issuance of refunding debt,2008,3956945
acfr2015,fund_balances,359,325,Issuance of refunding debt,2009,669370
acfr2015,fund_balances,359,325,Issuance of refunding debt,2010,3781330
acfr2015,fund_balances,359,325,Issuance of refunding debt,2011,2652380
acfr2015,fund_balances,359,325,Issuance of refunding debt,2012,4406280
acfr2015,fund_balances,359,325,Issuance of refunding debt,2013,4897795
acfr2015,fund_balances,359,325,Issuance of refunding debt,2014,3186670
acfr2015,fund_balances,359,325,Issuance of refunding debt,2015,2565455
acfr2015,fund_balances,359,326,Transfers to Capital Projects Fund,2006,-200000
acfr2015,fund_balances,359,326,Transfers to Capital Projects Fund,2007,-2683609
acfr2015,fund_balances,359,326,Transfers to Capital Projects Fund,2008,-1656409
acfr2015,fund_balances,359,326,Transfers to Capital Projects Fund,2009,-2321950
acfr2015,fund_balances,359,326,Transfers to Capital Projects Fund,2010,-3147139
acfr2015,fund_balances,359,326,Transfers to Capital Projects Fund,2011,-3979583
acfr2015,fund_balances,359,326,Transfers to Capital Projects Fund,2012,-3176386
acfr2015,fund_balances,359,326,Transfers to Capital Projects Fund,2013,-3895842
acfr2015,fund_balances,359,326,Transfers to Capital Projects Fund,2014,-3518579
acfr2015,fund_balances,359,326,Transfers to Capital Projects Fund,2015,-5765533
acfr2015,fund_balances,360,327,"Transfers to General Debt Service Fund, net",2006,-4280812
acfr2015,fund_balances,360,327,"Transfers to General Debt Service Fund, net",2007,-4019580
acfr2015,fund_balances,360,327,"Transfers to General Debt Service Fund, net",2008,-5207378
acfr2015,fund_balances,360,327,"Transfers to General Debt Service Fund, net",2009,-1414067
acfr2015,fund_balances,360,327,"Transfers to General Debt Service Fund, net",2010,-2949702
acfr2015,fund_balances,360,327,"Transfers to General Debt Service Fund, net",2011,-3483767
acfr2015,fund_balances,360,327,"Transfers to General Debt Service Fund, net",2012,-2265764
acfr2015,fund_balances,360,327,"Transfers to General Debt Service Fund, net",2013,-5049784
acfr2015,fund_balances,360,327,"Transfers to General Debt Service Fund, net",2014,-1477135
acfr2015,fund_balances,360,327,"Transfers to General Debt Service Fund, net",2015,-4979173
acfr2015,fund_balances,360,328,"Transfers from (to) Nonmajor Debt Service Funds, net",2006,94240
acfr2015,fund_balances,360,328,"Transfers from (to) Nonmajor Debt Service Funds, net",2007,-1455485
acfr2015,fund_balances,360,328,"Transfers from (to) Nonmajor Debt Service Funds, net",2008,-369259
acfr2015,fund_balances,360,328,"Transfers from (to) Nonmajor Debt Service Funds, net",2009,-864014
acfr2015,fund_balances,360,328,"Transfers from (to) Nonmajor Debt Service Funds, net",2010,-716882
acfr2015,fund_balances,360,328,"Transfers from (to) Nonmajor Debt Service Funds, net",2011,-1247525
acfr2015,fund_balances,360,328,"Transfers from (to) Nonmajor Debt Service Funds, net",2012,-1228935
acfr2015,fund_balances,360,328,"Transfers from (to) Nonmajor Debt Service Funds, net",2013,-262423
acfr2015,fund_balances,360,328,"Transfers from (to) Nonmajor Debt Service Funds, net",2014,-1764020
acfr2015,fund_balances,360,328,"Transfers from (to) Nonmajor Debt Service Funds, net",2015,-2109563
acfr2015,fund_balances,360,329,Payments to refunded bond escrow holder,2006,-3338587
acfr2015,fund_balances,360,329,Payments to refunded bond escrow holder,2007,-1544054
acfr2015,fund_balances,360,329,Payments to refunded bond escrow holder,2008,-4045690
acfr2015,fund_balances,360,329,Payments to refunded bond escrow holder,2009,-711336
acfr2015,fund_balances,360,329,Payments to refunded bond escrow holder,2010,-4099077
acfr2015,fund_balances,360,329,Payments to refunded bond escrow holder,2011,-2976451
acfr2015,fund_balances,360,329,Payments to refunded bond escrow holder,2012,-3381501
acfr2015,fund_balances,360,329,Payments to refunded bond escrow holder,2013,-5518133
acfr2015,fund_balances,360,329,Payments to refunded bond escrow holder,2014,-3316979
acfr2015,fund_balances,360,329,Payments to refunded bond escrow holder,2015,-2975177
acfr2015,fund_balances,360,330,Transferable development rights installment purchase agreement,2006,0
acfr2015,fund_balances,360,330,Transferable development rights installment purchase agreement,2007,102345
acfr2015,fund_balances,360,330,Transferable development rights installment purchase agreement,2008,-33333
acfr2015,fund_balances,360,330,Transferable development rights installment purchase agreement,2009,-33333
acfr2015,fund_balances,360,330,Transferable development rights installment purchase agreement,2010,0
acfr2015,fund_balances,360,330,Transferable development rights installment purchase agreement,2011,0
acfr2015,fund_balances,360,330,Transferable development rights installment purchase agreement,2012,0
acfr2015,fund_balances,360,330,Transferable development rights installment purchase agreement,2013,0
acfr2015,fund_balances,360,330,Transferable development rights installment purchase agreement,2014,0
acfr2015,fund_balances,360,330,Transferable development rights installment purchase agreement,2015,0
acfr2015,fund_balances,360,331,Total other financing sources,2006,3586388
acfr2015,fund_balances,360,331,Total other financing sources,2007,6547688
acfr2015,fund_balances,360,331,Total other financing sources,2008,4175984
acfr2015,fund_balances,360,331,Total other financing sources,2009,7800436
acfr2015,fund_balances,360,331,Total other financing sources,2010,7138275
acfr2015,fund_balances,360,331,Total other financing sources,2011,6771374
acfr2015,fund_balances,360,331,Total other financing sources,2012,9420487
acfr2015,fund_balances,360,331,Total other financing sources,2013,6281234
acfr2015,fund_balances,360,331,Total other financing sources,2014,5738955
acfr2015,fund_balances,360,331,Total other financing sources,2015,8566060
acfr2015,fund_balances,360,332,Net changes in fund balances (deficit),2006,-736214
acfr2015,fund_balances,360,332,Net changes in fund balances (deficit),2007,2881131
acfr2015,fund_balances,360,332,Net changes in fund balances (deficit),2008,-448628
acfr2015,fund_balances,360,332,Net changes in fund balances (deficit),2009,-659813
acfr2015,fund_balances,360,332,Net changes in fund balances (deficit),2010,-1581759
acfr2015,fund_balances,360,332,Net changes in fund balances (deficit),2011,520077
acfr2015,fund_balances,360,332,Net changes in fund balances (deficit),2012,46744
acfr2015,fund_balances,360,332,Net changes in fund balances (deficit),2013,325075
acfr2015,fund_balances,360,332,Net changes in fund balances (deficit),2014,-1516172
acfr2015,fund_balances,360,332,Net changes in fund balances (deficit),2015,2104944
acfr2015,fund_balances,360,333,Total Debt Service as a percent of Net Outlay: Debt Service: 329 Interest,2006,2378802
acfr2015,fund_balances,360,333,Total Debt Service as a percent of Net Outlay: Debt Service: 329 Interest,2007,2426572
acfr2015,fund_balances,360,333,Total Debt Service as a percent of Net Outlay: Debt Service: 329 Interest,2008,2582324
acfr2015,fund_balances,360,333,Total Debt Service as a percent of Net Outlay: Debt Service: 329 Interest,2009,2484015
acfr2015,fund_balances,360,333,Total Debt Service as a percent of Net Outlay: Debt Service: 329 Interest,2010,2648952
acfr2015,fund_balances,360,333,Total Debt Service as a percent of Net Outlay: Debt Service: 329 Interest,2011,2908387
acfr2015,fund_balances,360,333,Total Debt Service as a percent of Net Outlay: Debt Service: 329 Interest,2012,3052362
acfr2015,fund_balances,360,333,Total Debt Service as a percent of Net Outlay: Debt Service: 329 Interest,2013,3111664
acfr2015,fund_balances,360,333,Total Debt Service as a percent of Net Outlay: Debt Service: 329 Interest,2014,3241987
acfr2015,fund_balances,360,333,Total Debt Service as a percent of Net Outlay: Debt Service: 329 Interest,2015,3251959
acfr2015,fund_balances,360,334,Redemptions,2006,2551132
acfr2015,fund_balances,360,334,Redemptions,2007,3213987
acfr2015,fund_balances,360,334,Redemptions,2008,2308208
acfr2015,fund_balances,360,334,Redemptions,2009,1879676
acfr2015,fund_balances,360,334,Redemptions,2010,2191705
acfr2015,fund_balances,360,334,Redemptions,2011,2470288
acfr2015,fund_balances,360,334,Redemptions,2012,4620451
acfr2015,fund_balances,360,334,Redemptions,2013,3108856
acfr2015,fund_balances,360,334,Redemptions,2014,3295271
acfr2015,fund_balances,360,334,Redemptions,2015,5750685
acfr2015,fund_balances,360,335,Lease payments,2006,228846
acfr2015,fund_balances,360,335,Lease payments,2007,309612
acfr2015,fund_balances,360,335,Lease payments,2008,158482
acfr2015,fund_balances,360,335,Lease payments,2009,174523
acfr2015,fund_balances,360,335,Lease payments,2010,53562
acfr2015,fund_balances,360,335,Lease payments,2011,145336
acfr2015,fund_balances,360,335,Lease payments,2012,137659
acfr2015,fund_balances,360,335,Lease payments,2013,151420
acfr2015,fund_balances,360,335,Lease payments,2014,152613
acfr2015,fund_balances,360,335,Lease payments,2015,148847
acfr2015,fund_balances,360,336,Total Debt Service,2006,5158780
acfr2015,fund_balances,360,336,Total Debt Service,2007,5950171
acfr2015,fund_balances,360,336,Total Debt Service,2008,5049014
acfr2015,fund_balances,360,336,Total Debt Service,2009,4538214
acfr2015,fund_balances,360,336,Total Debt Service,2010,4894219
acfr2015,fund_balances,360,336,Total Debt Service,2011,5524011
acfr2015,fund_balances,360,336,Total Debt Service,2012,7810472
acfr2015,fund_balances,360,336,Total Debt Service,2013,6371940
acfr2015,fund_balances,360,336,Total Debt Service,2014,6689871
acfr2015,fund_balances,360,336,Total Debt Service,2015,9151491
acfr2015,fund_balances,360,337,Total Expenditures (Governmental Funds),2006,61239309
acfr2015,fund_balances,360,337,Total Expenditures (Governmental Funds),2007,66591287
acfr2015,fund_balances,360,337,Total Expenditures (Governmental Funds),2008,70552709
acfr2015,fund_balances,360,337,Total Expenditures (Governmental Funds),2009,72781376
acfr2015,fund_balances,360,337,Total Expenditures (Governmental Funds),2010,74762937
acfr2015,fund_balances,360,337,Total Expenditures (Governmental Funds),2011,74911470
acfr2015,fund_balances,360,337,Total Expenditures (Governmental Funds),2012,79544984
acfr2015,fund_balances,360,337,Total Expenditures (Governmental Funds),2013,79917728
acfr2015,fund_balances,360,337,Total Expenditures (Governmental Funds),2014,82725893
acfr2015,fund_balances,360,337,Total Expenditures (Governmental Funds),2015,88106446
acfr2015,fund_balances,360,338,Less Capital Outlays (Capital Fund Expenditures),2006,3522523
acfr2015,fund_balances,360,338,Less Capital Outlays (Capital Fund Expenditures),2007,6162674
acfr2015,fund_balances,360,338,Less Capital Outlays (Capital Fund Expenditures),2008,5542866
acfr2015,fund_balances,360,338,Less Capital Outlays (Capital Fund Expenditures),2009,5843732
acfr2015,fund_balances,360,338,Less Capital Outlays (Capital Fund Expenditures),2010,5783049
acfr2015,fund_balances,360,338,Less Capital Outlays (Capital Fund Expenditures),2011,5452333
acfr2015,fund_balances,360,338,Less Capital Outlays (Capital Fund Expenditures),2012,5005942
acfr2015,fund_balances,360,338,Less Capital Outlays (Capital Fund Expenditures),2013,5559669
acfr2015,fund_balances,360,338,Less Capital Outlays (Capital Fund Expenditures),2014,5289193
acfr2015,fund_balances,360,338,Less Capital Outlays (Capital Fund Expenditures),2015,5528102
acfr2015,fund_balances,360,339,Net Outlay,2006,57716786
acfr2015,fund_balances,360,339,Net Outlay,2007,60428613
acfr2015,fund_balances,360,339,Net Outlay,2008,65009843
acfr2015,fund_balances,360,339,Net Outlay,2009,66937644
acfr2015,fund_balances,360,339,Net Outlay,2010,68979888
acfr2015,fund_balances,360,339,Net Outlay,2011,69459137
acfr2015,fund_balances,360,339,Net Outlay,2012,74539042
acfr2015,fund_balances,360,339,Net Outlay,2013,74358059
acfr2015,fund_balances,360,339,Net Outlay,2014,77436700
acfr2015,fund_balances,360,339,Net Outlay,2015,82578344
acfr2015,gf_revenues,361,340,Taxes (Net of Refunds): Real Estate Taxes,2006,12636355
acfr2015,gf_revenues,361,340,Taxes (Net of Refunds): Real Estate Taxes,2007,13122812
acfr2015,gf_revenues,361,340,Taxes (Net of Refunds): Real Estate Taxes,2008,13203930
acfr2015,gf_revenues,361,340,Taxes (Net of Refunds): Real Estate Taxes,2009,14487231
acfr2015,gf_revenues,361,340,Taxes (Net of Refunds): Real Estate Taxes,2010,16369447
acfr2015,gf_revenues,361,340,Taxes (Net of Refunds): Real Estate Taxes,2011,17086484
acfr2015,gf_revenues,361,340,Taxes (Net of Refunds): Real Estate Taxes,2012,18157722
acfr2015,gf_revenues,361,340,Taxes (Net of Refunds): Real Estate Taxes,2013,18969610
acfr2015,gf_revenues,361,340,Taxes (Net of Refunds): Real Estate Taxes,2014,20202022
acfr2015,gf_revenues,361,340,Taxes (Net of Refunds): Real Estate Taxes,2015,21517932
acfr2015,gf_revenues,361,341,Sales and Use Taxes (Net of Refunds): General Sales,2006,4439362
acfr2015,gf_revenues,361,341,Sales and Use Taxes (Net of Refunds): General Sales,2007,4644539
acfr2015,gf_revenues,361,341,Sales and Use Taxes (Net of Refunds): General Sales,2008,4890738
acfr2015,gf_revenues,361,341,Sales and Use Taxes (Net of Refunds): General Sales,2009,4614926
acfr2015,gf_revenues,361,341,Sales and Use Taxes (Net of Refunds): General Sales,2010,5076371
acfr2015,gf_revenues,361,341,Sales and Use Taxes (Net of Refunds): General Sales,2011,5610243
acfr2015,gf_revenues,361,341,Sales and Use Taxes (Net of Refunds): General Sales,2012,5826046
acfr2015,gf_revenues,361,341,Sales and Use Taxes (Net of Refunds): General Sales,2013,6149880
acfr2015,gf_revenues,361,341,Sales and Use Taxes (Net of Refunds): General Sales,2014,6508814
acfr2015,gf_revenues,361,341,Sales and Use Taxes (Net of Refunds): General Sales,2015,6755971
acfr2015,gf_revenues,361,342,Cigarette,2006,123287
acfr2015,gf_revenues,361,342,Cigarette,2007,123259
acfr2015,gf_revenues,361,342,Cigarette,2008,123792
acfr2015,gf_revenues,361,342,Cigarette,2009,96438
acfr2015,gf_revenues,361,342,Cigarette,2010,94053
acfr2015,gf_revenues,361,342,Cigarette,2011,69795
acfr2015,gf_revenues,361,342,Cigarette,2012,67561
acfr2015,gf_revenues,361,342,Cigarette,2013,61071
acfr2015,gf_revenues,361,342,Cigarette,2014,55123
acfr2015,gf_revenues,361,342,Cigarette,2015,49897
acfr2015,gf_revenues,361,343,Vault,2006,507
acfr2015,gf_revenues,361,343,Vault,2007,57
acfr2015,gf_revenues,361,343,Vault,2008,0
acfr2015,gf_revenues,361,343,Vault,2009,0
acfr2015,gf_revenues,361,343,Vault,2010,0
acfr2015,gf_revenues,361,343,Vault,2011,0
acfr2015,gf_revenues,361,343,Vault,2012,0
acfr2015,gf_revenues,361,343,Vault,2013,0
acfr2015,gf_revenues,361,343,Vault,2014,0
acfr2015,gf_revenues,361,343,Vault,2015,0
acfr2015,gf_revenues,361,344,Commercial Motor Vehicle,2006,43548
acfr2015,gf_revenues,361,344,Commercial Motor Vehicle,2007,46528
acfr2015,gf_revenues,361,344,Commercial Motor Vehicle,2008,47553
acfr2015,gf_revenues,361,344,Commercial Motor Vehicle,2009,47785
acfr2015,gf_revenues,361,344,Commercial Motor Vehicle,2010,46519
acfr2015,gf_revenues,361,344,Commercial Motor Vehicle,2011,47720
acfr2015,gf_revenues,361,344,Commercial Motor Vehicle,2012,53675
acfr2015,gf_revenues,361,344,Commercial Motor Vehicle,2013,48247
acfr2015,gf_revenues,361,344,Commercial Motor Vehicle,2014,50299
acfr2015,gf_revenues,361,344,Commercial Motor Vehicle,2015,60757
acfr2015,gf_revenues,361,345,Mortgage,2006,1352585
acfr2015,gf_revenues,361,345,Mortgage,2007,1569640
acfr2015,gf_revenues,361,345,Mortgage,2008,1137845
acfr2015,gf_revenues,361,345,Mortgage,2009,515131
acfr2015,gf_revenues,361,345,Mortgage,2010,366390
acfr2015,gf_revenues,361,345,Mortgage,2011,434418
acfr2015,gf_revenues,361,345,Mortgage,2012,536737
acfr2015,gf_revenues,361,345,Mortgage,2013,742086
acfr2015,gf_revenues,361,345,Mortgage,2014,960852
acfr2015,gf_revenues,361,345,Mortgage,2015,1154627
acfr2015,gf_revenues,361,346,Stock Transfer,2006,5
acfr2015,gf_revenues,361,346,Stock Transfer,2007,5
acfr2015,gf_revenues,361,346,Stock Transfer,2008,9
acfr2015,gf_revenues,361,346,Stock Transfer,2009,133
acfr2015,gf_revenues,361,346,Stock Transfer,2010,0
acfr2015,gf_revenues,361,346,Stock Transfer,2011,0
acfr2015,gf_revenues,361,346,Stock Transfer,2012,0
acfr2015,gf_revenues,361,346,Stock Transfer,2013,28225
acfr2015,gf_revenues,361,346,Stock Transfer,2014,0
acfr2015,gf_revenues,361,346,Stock Transfer,2015,0
acfr2015,gf_revenues,361,347,Auto Use,2006,27362
acfr2015,gf_revenues,361,347,Auto Use,2007,27992
acfr2015,gf_revenues,361,347,Auto Use,2008,28420
acfr2015,gf_revenues,361,347,Auto Use,2009,27694
acfr2015,gf_revenues,361,347,Auto Use,2010,28065
acfr2015,gf_revenues,361,347,Auto Use,2011,28039
acfr2015,gf_revenues,361,347,Auto Use,2012,28088
acfr2015,gf_revenues,361,347,Auto Use,2013,2750
acfr2015,gf_revenues,361,347,Auto Use,2014,28898
acfr2015,gf_revenues,361,347,Auto Use,2015,29680
acfr2015,gf_revenues,361,348,Total Sales and Use Taxes,2006,5986656
acfr2015,gf_revenues,361,348,Total Sales and Use Taxes,2007,6412020
acfr2015,gf_revenues,361,348,Total Sales and Use Taxes,2008,6228357
acfr2015,gf_revenues,361,348,Total Sales and Use Taxes,2009,5302107
acfr2015,gf_revenues,361,348,Total Sales and Use Taxes,2010,5611398
acfr2015,gf_revenues,361,348,Total Sales and Use Taxes,2011,6190215
acfr2015,gf_revenues,361,348,Total Sales and Use Taxes,2012,6512107
acfr2015,gf_revenues,361,348,Total Sales and Use Taxes,2013,7032259
acfr2015,gf_revenues,361,348,Total Sales and Use Taxes,2014,7603986
acfr2015,gf_revenues,361,348,Total Sales and Use Taxes,2015,8050932
acfr2015,gf_revenues,361,349,Personal Income Taxes (Net of Refunds),2006,7675813
acfr2015,gf_revenues,361,349,Personal Income Taxes (Net of Refunds),2007,7963170
acfr2015,gf_revenues,361,349,Personal Income Taxes (Net of Refunds),2008,9764209
acfr2015,gf_revenues,361,349,Personal Income Taxes (Net of Refunds),2009,7518903
acfr2015,gf_revenues,361,349,Personal Income Taxes (Net of Refunds),2010,7592657
acfr2015,gf_revenues,361,349,Personal Income Taxes (Net of Refunds),2011,8165972
acfr2015,gf_revenues,361,349,Personal Income Taxes (Net of Refunds),2012,8557002
acfr2015,gf_revenues,361,349,Personal Income Taxes (Net of Refunds),2013,9814898
acfr2015,gf_revenues,361,349,Personal Income Taxes (Net of Refunds),2014,10173614
acfr2015,gf_revenues,361,349,Personal Income Taxes (Net of Refunds),2015,11294669
acfr2015,gf_revenues,361,350,"330 Income Taxes, Other (Net of Refunds): General Corporation",2006,2738481
acfr2015,gf_revenues,361,350,"330 Income Taxes, Other (Net of Refunds): General Corporation",2007,3874665
acfr2015,gf_revenues,361,350,"330 Income Taxes, Other (Net of Refunds): General Corporation",2008,3710121
acfr2015,gf_revenues,361,350,"330 Income Taxes, Other (Net of Refunds): General Corporation",2009,2806050
acfr2015,gf_revenues,361,350,"330 Income Taxes, Other (Net of Refunds): General Corporation",2010,2441560
acfr2015,gf_revenues,361,350,"330 Income Taxes, Other (Net of Refunds): General Corporation",2011,2898760
acfr2015,gf_revenues,361,350,"330 Income Taxes, Other (Net of Refunds): General Corporation",2012,2845794
acfr2015,gf_revenues,361,350,"330 Income Taxes, Other (Net of Refunds): General Corporation",2013,3348349
acfr2015,gf_revenues,361,350,"330 Income Taxes, Other (Net of Refunds): General Corporation",2014,3367328
acfr2015,gf_revenues,361,350,"330 Income Taxes, Other (Net of Refunds): General Corporation",2015,3335917
acfr2015,gf_revenues,361,351,Financial Corporation,2006,925029
acfr2015,gf_revenues,361,351,Financial Corporation,2007,1387977
acfr2015,gf_revenues,361,351,Financial Corporation,2008,690830
acfr2015,gf_revenues,361,351,Financial Corporation,2009,1398491
acfr2015,gf_revenues,361,351,Financial Corporation,2010,1145165
acfr2015,gf_revenues,361,351,Financial Corporation,2011,1519450
acfr2015,gf_revenues,361,351,Financial Corporation,2012,1421401
acfr2015,gf_revenues,361,351,Financial Corporation,2013,1467473
acfr2015,gf_revenues,361,351,Financial Corporation,2014,1352349
acfr2015,gf_revenues,361,351,Financial Corporation,2015,1658179
acfr2015,gf_revenues,361,352,Unincorporated Business,2006,1366345
acfr2015,gf_revenues,361,352,Unincorporated Business,2007,1731579
acfr2015,gf_revenues,361,352,Unincorporated Business,2008,1891657
acfr2015,gf_revenues,361,352,Unincorporated Business,2009,1825642
acfr2015,gf_revenues,361,352,Unincorporated Business,2010,1591919
acfr2015,gf_revenues,361,352,Unincorporated Business,2011,1733426
acfr2015,gf_revenues,361,352,Unincorporated Business,2012,1688318
acfr2015,gf_revenues,361,352,Unincorporated Business,2013,1894021
acfr2015,gf_revenues,361,352,Unincorporated Business,2014,1954138
acfr2015,gf_revenues,361,352,Unincorporated Business,2015,2064596
acfr2015,gf_revenues,361,353,Personal Income— (Non-Resident City Employees),2006,99313
acfr2015,gf_revenues,361,353,Personal Income— (Non-Resident City Employees),2007,88959
acfr2015,gf_revenues,361,353,Personal Income— (Non-Resident City Employees),2008,92992
acfr2015,gf_revenues,361,353,Personal Income— (Non-Resident City Employees),2009,116374
acfr2015,gf_revenues,361,353,Personal Income— (Non-Resident City Employees),2010,123498
acfr2015,gf_revenues,361,353,Personal Income— (Non-Resident City Employees),2011,120192
acfr2015,gf_revenues,361,353,Personal Income— (Non-Resident City Employees),2012,123792
acfr2015,gf_revenues,361,353,Personal Income— (Non-Resident City Employees),2013,128664
acfr2015,gf_revenues,361,353,Personal Income— (Non-Resident City Employees),2014,130688
acfr2015,gf_revenues,361,353,Personal Income— (Non-Resident City Employees),2015,145436
acfr2015,gf_revenues,361,354,Utility,2006,402452
acfr2015,gf_revenues,361,354,Utility,2007,368101
acfr2015,gf_revenues,361,354,Utility,2008,399183
acfr2015,gf_revenues,361,354,Utility,2009,442085
acfr2015,gf_revenues,361,354,Utility,2010,404391
acfr2015,gf_revenues,361,354,Utility,2011,433471
acfr2015,gf_revenues,361,354,Utility,2012,419576
acfr2015,gf_revenues,361,354,Utility,2013,410126
acfr2015,gf_revenues,361,354,Utility,2014,410342
acfr2015,gf_revenues,361,354,Utility,2015,397914
acfr2015,gf_revenues,361,355,"Total Income Taxes, Other",2006,5531620
acfr2015,gf_revenues,361,355,"Total Income Taxes, Other",2007,7451281
acfr2015,gf_revenues,361,355,"Total Income Taxes, Other",2008,6784783
acfr2015,gf_revenues,361,355,"Total Income Taxes, Other",2009,6588642
acfr2015,gf_revenues,361,355,"Total Income Taxes, Other",2010,5706533
acfr2015,gf_revenues,361,355,"Total Income Taxes, Other",2011,6705299
acfr2015,gf_revenues,361,355,"Total Income Taxes, Other",2012,6498881
acfr2015,gf_revenues,361,355,"Total Income Taxes, Other",2013,7248633
acfr2015,gf_revenues,361,355,"Total Income Taxes, Other",2014,7214845
acfr2015,gf_revenues,361,355,"Total Income Taxes, Other",2015,7602042
acfr2015,gf_revenues,361,356,Other Taxes: Payments in Lieu of Taxes,2006,205574
acfr2015,gf_revenues,361,356,Other Taxes: Payments in Lieu of Taxes,2007,229397
acfr2015,gf_revenues,361,356,Other Taxes: Payments in Lieu of Taxes,2008,186382
acfr2015,gf_revenues,361,356,Other Taxes: Payments in Lieu of Taxes,2009,221011
acfr2015,gf_revenues,361,356,Other Taxes: Payments in Lieu of Taxes,2010,262351
acfr2015,gf_revenues,361,356,Other Taxes: Payments in Lieu of Taxes,2011,276082
acfr2015,gf_revenues,361,356,Other Taxes: Payments in Lieu of Taxes,2012,261128
acfr2015,gf_revenues,361,356,Other Taxes: Payments in Lieu of Taxes,2013,265164
acfr2015,gf_revenues,361,356,Other Taxes: Payments in Lieu of Taxes,2014,270131
acfr2015,gf_revenues,361,356,Other Taxes: Payments in Lieu of Taxes,2015,304585
acfr2015,gf_revenues,361,357,Hotel Room Occupancy,2006,298734
acfr2015,gf_revenues,361,357,Hotel Room Occupancy,2007,330097
acfr2015,gf_revenues,361,357,Hotel Room Occupancy,2008,382306
acfr2015,gf_revenues,361,357,Hotel Room Occupancy,2009,343341
acfr2015,gf_revenues,361,357,Hotel Room Occupancy,2010,369126
acfr2015,gf_revenues,361,357,Hotel Room Occupancy,2011,431980
acfr2015,gf_revenues,361,357,Hotel Room Occupancy,2012,485258
acfr2015,gf_revenues,361,357,Hotel Room Occupancy,2013,512342
acfr2015,gf_revenues,361,357,Hotel Room Occupancy,2014,541293
acfr2015,gf_revenues,361,357,Hotel Room Occupancy,2015,559846
acfr2015,gf_revenues,361,358,Commercial Rents,2006,499370
acfr2015,gf_revenues,361,358,Commercial Rents,2007,542754
acfr2015,gf_revenues,361,358,Commercial Rents,2008,569967
acfr2015,gf_revenues,361,358,Commercial Rents,2009,603217
acfr2015,gf_revenues,361,358,Commercial Rents,2010,618177
acfr2015,gf_revenues,361,358,Commercial Rents,2011,630670
acfr2015,gf_revenues,361,358,Commercial Rents,2012,673326
acfr2015,gf_revenues,361,358,Commercial Rents,2013,721213
acfr2015,gf_revenues,361,358,Commercial Rents,2014,771186
acfr2015,gf_revenues,361,358,Commercial Rents,2015,787035
acfr2015,gf_revenues,361,359,Horse Race Admissions,2006,61
acfr2015,gf_revenues,361,359,Horse Race Admissions,2007,28
acfr2015,gf_revenues,361,359,Horse Race Admissions,2008,31
acfr2015,gf_revenues,361,359,Horse Race Admissions,2009,28
acfr2015,gf_revenues,361,359,Horse Race Admissions,2010,17
acfr2015,gf_revenues,361,359,Horse Race Admissions,2011,20
acfr2015,gf_revenues,361,359,Horse Race Admissions,2012,22
acfr2015,gf_revenues,361,359,Horse Race Admissions,2013,22
acfr2015,gf_revenues,361,359,Horse Race Admissions,2014,20
acfr2015,gf_revenues,361,359,Horse Race Admissions,2015,38
acfr2015,gf_revenues,361,360,Conveyance of Real Property,2006,1305502
acfr2015,gf_revenues,361,360,Conveyance of Real Property,2007,1726232
acfr2015,gf_revenues,361,360,Conveyance of Real Property,2008,1416913
acfr2015,gf_revenues,361,360,Conveyance of Real Property,2009,746522
acfr2015,gf_revenues,361,360,Conveyance of Real Property,2010,616157
acfr2015,gf_revenues,361,360,Conveyance of Real Property,2011,798977
acfr2015,gf_revenues,361,360,Conveyance of Real Property,2012,917652
acfr2015,gf_revenues,361,360,Conveyance of Real Property,2013,1096432
acfr2015,gf_revenues,361,360,Conveyance of Real Property,2014,1530167
acfr2015,gf_revenues,361,360,Conveyance of Real Property,2015,1772193
acfr2015,gf_revenues,361,361,Beer and Liquor Excise,2006,22927
acfr2015,gf_revenues,361,361,Beer and Liquor Excise,2007,22563
acfr2015,gf_revenues,361,361,Beer and Liquor Excise,2008,23720
acfr2015,gf_revenues,361,361,Beer and Liquor Excise,2009,23503
acfr2015,gf_revenues,361,361,Beer and Liquor Excise,2010,23682
acfr2015,gf_revenues,361,361,Beer and Liquor Excise,2011,23617
acfr2015,gf_revenues,361,361,Beer and Liquor Excise,2012,22733
acfr2015,gf_revenues,361,361,Beer and Liquor Excise,2013,24038
acfr2015,gf_revenues,361,361,Beer and Liquor Excise,2014,22604
acfr2015,gf_revenues,361,361,Beer and Liquor Excise,2015,24585
acfr2015,gf_revenues,361,362,Taxi Medallion Transfer,2006,7003
acfr2015,gf_revenues,361,362,Taxi Medallion Transfer,2007,6889
acfr2015,gf_revenues,361,362,Taxi Medallion Transfer,2008,6651
acfr2015,gf_revenues,361,362,Taxi Medallion Transfer,2009,11331
acfr2015,gf_revenues,361,362,Taxi Medallion Transfer,2010,10468
acfr2015,gf_revenues,361,362,Taxi Medallion Transfer,2011,11009
acfr2015,gf_revenues,361,362,Taxi Medallion Transfer,2012,8003
acfr2015,gf_revenues,361,362,Taxi Medallion Transfer,2013,9757
acfr2015,gf_revenues,361,362,Taxi Medallion Transfer,2014,5735
acfr2015,gf_revenues,361,362,Taxi Medallion Transfer,2015,3401
acfr2015,gf_revenues,361,363,Off-Track Betting Surtax,2006,19995
acfr2015,gf_revenues,361,363,Off-Track Betting Surtax,2007,19014
acfr2015,gf_revenues,361,363,Off-Track Betting Surtax,2008,17717
acfr2015,gf_revenues,361,363,Off-Track Betting Surtax,2009,3632
acfr2015,gf_revenues,361,363,Off-Track Betting Surtax,2010,2966
acfr2015,gf_revenues,361,363,Off-Track Betting Surtax,2011,1272
acfr2015,gf_revenues,361,363,Off-Track Betting Surtax,2012,1128
acfr2015,gf_revenues,361,363,Off-Track Betting Surtax,2013,1405
acfr2015,gf_revenues,361,363,Off-Track Betting Surtax,2014,1241
acfr2015,gf_revenues,361,363,Off-Track Betting Surtax,2015,1028
acfr2015,gf_revenues,362,364,Taxes: (cont.) Other Taxes (cont.) Surcharge on Liquor Licenses,2006,4912
acfr2015,gf_revenues,362,364,Taxes: (cont.) Other Taxes (cont.) Surcharge on Liquor Licenses,2007,5186
acfr2015,gf_revenues,362,364,Taxes: (cont.) Other Taxes (cont.) Surcharge on Liquor Licenses,2008,5520
acfr2015,gf_revenues,362,364,Taxes: (cont.) Other Taxes (cont.) Surcharge on Liquor Licenses,2009,5104
acfr2015,gf_revenues,362,364,Taxes: (cont.) Other Taxes (cont.) Surcharge on Liquor Licenses,2010,5132
acfr2015,gf_revenues,362,364,Taxes: (cont.) Other Taxes (cont.) Surcharge on Liquor Licenses,2011,5487
acfr2015,gf_revenues,362,364,Taxes: (cont.) Other Taxes (cont.) Surcharge on Liquor Licenses,2012,5759
acfr2015,gf_revenues,362,364,Taxes: (cont.) Other Taxes (cont.) Surcharge on Liquor Licenses,2013,5772
acfr2015,gf_revenues,362,364,Taxes: (cont.) Other Taxes (cont.) Surcharge on Liquor Licenses,2014,6309
acfr2015,gf_revenues,362,364,Taxes: (cont.) Other Taxes (cont.) Surcharge on Liquor Licenses,2015,6176
acfr2015,gf_revenues,362,365,Refunds of Other Taxes,2006,-25091
acfr2015,gf_revenues,362,365,Refunds of Other Taxes,2007,-30587
acfr2015,gf_revenues,362,365,Refunds of Other Taxes,2008,-28906
acfr2015,gf_revenues,362,365,Refunds of Other Taxes,2009,-30639
acfr2015,gf_revenues,362,365,Refunds of Other Taxes,2010,-27380
acfr2015,gf_revenues,362,365,Refunds of Other Taxes,2011,-23366
acfr2015,gf_revenues,362,365,Refunds of Other Taxes,2012,-31422
acfr2015,gf_revenues,362,365,Refunds of Other Taxes,2013,-33985
acfr2015,gf_revenues,362,365,Refunds of Other Taxes,2014,-28608
acfr2015,gf_revenues,362,365,Refunds of Other Taxes,2015,-33654
acfr2015,gf_revenues,362,366,Total Other Taxes,2006,2338987
acfr2015,gf_revenues,362,366,Total Other Taxes,2007,2851573
acfr2015,gf_revenues,362,366,Total Other Taxes,2008,2580301
acfr2015,gf_revenues,362,366,Total Other Taxes,2009,1927050
acfr2015,gf_revenues,362,366,Total Other Taxes,2010,1880696
acfr2015,gf_revenues,362,366,Total Other Taxes,2011,2155748
acfr2015,gf_revenues,362,366,Total Other Taxes,2012,2343587
acfr2015,gf_revenues,362,366,Total Other Taxes,2013,2602160
acfr2015,gf_revenues,362,366,Total Other Taxes,2014,3120078
acfr2015,gf_revenues,362,366,Total Other Taxes,2015,3425233
acfr2015,gf_revenues,362,367,Penalties and Interest on Delinquent Taxes: Penalties and Interest on Real Estate Taxes,2006,43193
acfr2015,gf_revenues,362,367,Penalties and Interest on Delinquent Taxes: Penalties and Interest on Real Estate Taxes,2007,46680
acfr2015,gf_revenues,362,367,Penalties and Interest on Delinquent Taxes: Penalties and Interest on Real Estate Taxes,2008,41801
acfr2015,gf_revenues,362,367,Penalties and Interest on Delinquent Taxes: Penalties and Interest on Real Estate Taxes,2009,50849
acfr2015,gf_revenues,362,367,Penalties and Interest on Delinquent Taxes: Penalties and Interest on Real Estate Taxes,2010,42982
acfr2015,gf_revenues,362,367,Penalties and Interest on Delinquent Taxes: Penalties and Interest on Real Estate Taxes,2011,46857
acfr2015,gf_revenues,362,367,Penalties and Interest on Delinquent Taxes: Penalties and Interest on Real Estate Taxes,2012,42494
acfr2015,gf_revenues,362,367,Penalties and Interest on Delinquent Taxes: Penalties and Interest on Real Estate Taxes,2013,54569
acfr2015,gf_revenues,362,367,Penalties and Interest on Delinquent Taxes: Penalties and Interest on Real Estate Taxes,2014,64231
acfr2015,gf_revenues,362,367,Penalties and Interest on Delinquent Taxes: Penalties and Interest on Real Estate Taxes,2015,56594
acfr2015,gf_revenues,362,368,Refunds—Penalties and Interest on Other Taxes,2006,-1436
acfr2015,gf_revenues,362,368,Refunds—Penalties and Interest on Other Taxes,2007,-5674
acfr2015,gf_revenues,362,368,Refunds—Penalties and Interest on Other Taxes,2008,-2852
acfr2015,gf_revenues,362,368,Refunds—Penalties and Interest on Other Taxes,2009,-2208
acfr2015,gf_revenues,362,368,Refunds—Penalties and Interest on Other Taxes,2010,-2740
acfr2015,gf_revenues,362,368,Refunds—Penalties and Interest on Other Taxes,2011,-771
acfr2015,gf_revenues,362,368,Refunds—Penalties and Interest on Other Taxes,2012,-407
acfr2015,gf_revenues,362,368,Refunds—Penalties and Interest on Other Taxes,2013,-346
acfr2015,gf_revenues,362,368,Refunds—Penalties and Interest on Other Taxes,2014,-3364
acfr2015,gf_revenues,362,368,Refunds—Penalties and Interest on Other Taxes,2015,-6061
acfr2015,gf_revenues,362,369,Total Penalties and Interest on Delinquent Taxes,2006,41757
acfr2015,gf_revenues,362,369,Total Penalties and Interest on Delinquent Taxes,2007,41006
acfr2015,gf_revenues,362,369,Total Penalties and Interest on Delinquent Taxes,2008,38949
acfr2015,gf_revenues,362,369,Total Penalties and Interest on Delinquent Taxes,2009,48641
acfr2015,gf_revenues,362,369,Total Penalties and Interest on Delinquent Taxes,2010,40242
acfr2015,gf_revenues,362,369,Total Penalties and Interest on Delinquent Taxes,2011,46086
acfr2015,gf_revenues,362,369,Total Penalties and Interest on Delinquent Taxes,2012,42087
acfr2015,gf_revenues,362,369,Total Penalties and Interest on Delinquent Taxes,2013,54223
acfr2015,gf_revenues,362,369,Total Penalties and Interest on Delinquent Taxes,2014,60867
acfr2015,gf_revenues,362,369,Total Penalties and Interest on Delinquent Taxes,2015,50533
acfr2015,gf_revenues,362,370,Total Taxes,2006,34211188
acfr2015,gf_revenues,362,370,Total Taxes,2007,37841862
acfr2015,gf_revenues,362,370,Total Taxes,2008,38600529
acfr2015,gf_revenues,362,370,Total Taxes,2009,35872574
acfr2015,gf_revenues,362,370,Total Taxes,2010,37200973
acfr2015,gf_revenues,362,370,Total Taxes,2011,40349804
acfr2015,gf_revenues,362,370,Total Taxes,2012,42111386
acfr2015,gf_revenues,362,370,Total Taxes,2013,45721783
acfr2015,gf_revenues,362,370,Total Taxes,2014,48375411
acfr2015,gf_revenues,362,370,Total Taxes,2015,51941341
acfr2015,gf_revenues,362,371,331 Federal Grants— Categorical: General Government,2006,441288
acfr2015,gf_revenues,362,371,331 Federal Grants— Categorical: General Government,2007,363310
acfr2015,gf_revenues,362,371,331 Federal Grants— Categorical: General Government,2008,406315
acfr2015,gf_revenues,362,371,331 Federal Grants— Categorical: General Government,2009,423889
acfr2015,gf_revenues,362,371,331 Federal Grants— Categorical: General Government,2010,528590
acfr2015,gf_revenues,362,371,331 Federal Grants— Categorical: General Government,2011,461414
acfr2015,gf_revenues,362,371,331 Federal Grants— Categorical: General Government,2012,411744
acfr2015,gf_revenues,362,371,331 Federal Grants— Categorical: General Government,2013,843974
acfr2015,gf_revenues,362,371,331 Federal Grants— Categorical: General Government,2014,487580
acfr2015,gf_revenues,362,371,331 Federal Grants— Categorical: General Government,2015,697636
acfr2015,gf_revenues,362,372,Public Safety and Judicial,2006,181667
acfr2015,gf_revenues,362,372,Public Safety and Judicial,2007,161450
acfr2015,gf_revenues,362,372,Public Safety and Judicial,2008,131974
acfr2015,gf_revenues,362,372,Public Safety and Judicial,2009,140138
acfr2015,gf_revenues,362,372,Public Safety and Judicial,2010,209990
acfr2015,gf_revenues,362,372,Public Safety and Judicial,2011,299543
acfr2015,gf_revenues,362,372,Public Safety and Judicial,2012,291806
acfr2015,gf_revenues,362,372,Public Safety and Judicial,2013,488961
acfr2015,gf_revenues,362,372,Public Safety and Judicial,2014,404044
acfr2015,gf_revenues,362,372,Public Safety and Judicial,2015,374406
acfr2015,gf_revenues,362,373,Education,2006,1693170
acfr2015,gf_revenues,362,373,Education,2007,1744740
acfr2015,gf_revenues,362,373,Education,2008,1738835
acfr2015,gf_revenues,362,373,Education,2009,1716836
acfr2015,gf_revenues,362,373,Education,2010,2911468
acfr2015,gf_revenues,362,373,Education,2011,2761498
acfr2015,gf_revenues,362,373,Education,2012,1860509
acfr2015,gf_revenues,362,373,Education,2013,1872591
acfr2015,gf_revenues,362,373,Education,2014,1672473
acfr2015,gf_revenues,362,373,Education,2015,1676898
acfr2015,gf_revenues,362,374,Social Services,2006,2284066
acfr2015,gf_revenues,362,374,Social Services,2007,2522283
acfr2015,gf_revenues,362,374,Social Services,2008,2728381
acfr2015,gf_revenues,362,374,Social Services,2009,2841140
acfr2015,gf_revenues,362,374,Social Services,2010,3164127
acfr2015,gf_revenues,362,374,Social Services,2011,3290895
acfr2015,gf_revenues,362,374,Social Services,2012,3362564
acfr2015,gf_revenues,362,374,Social Services,2013,3392702
acfr2015,gf_revenues,362,374,Social Services,2014,3274678
acfr2015,gf_revenues,362,374,Social Services,2015,3140540
acfr2015,gf_revenues,362,375,Environmental Protection,2006,53
acfr2015,gf_revenues,362,375,Environmental Protection,2007,5468
acfr2015,gf_revenues,362,375,Environmental Protection,2008,9346
acfr2015,gf_revenues,362,375,Environmental Protection,2009,5936
acfr2015,gf_revenues,362,375,Environmental Protection,2010,7010
acfr2015,gf_revenues,362,375,Environmental Protection,2011,7833
acfr2015,gf_revenues,362,375,Environmental Protection,2012,26945
acfr2015,gf_revenues,362,375,Environmental Protection,2013,694502
acfr2015,gf_revenues,362,375,Environmental Protection,2014,28267
acfr2015,gf_revenues,362,375,Environmental Protection,2015,6502
acfr2015,gf_revenues,362,376,Transportation Services,2006,32190
acfr2015,gf_revenues,362,376,Transportation Services,2007,42360
acfr2015,gf_revenues,362,376,Transportation Services,2008,44681
acfr2015,gf_revenues,362,376,Transportation Services,2009,75964
acfr2015,gf_revenues,362,376,Transportation Services,2010,89413
acfr2015,gf_revenues,362,376,Transportation Services,2011,102798
acfr2015,gf_revenues,362,376,Transportation Services,2012,87728
acfr2015,gf_revenues,362,376,Transportation Services,2013,133872
acfr2015,gf_revenues,362,376,Transportation Services,2014,86934
acfr2015,gf_revenues,362,376,Transportation Services,2015,86336
acfr2015,gf_revenues,362,377,"Parks, Recreation and Cultural Activities",2006,1137
acfr2015,gf_revenues,362,377,"Parks, Recreation and Cultural Activities",2007,1062
acfr2015,gf_revenues,362,377,"Parks, Recreation and Cultural Activities",2008,1143
acfr2015,gf_revenues,362,377,"Parks, Recreation and Cultural Activities",2009,921
acfr2015,gf_revenues,362,377,"Parks, Recreation and Cultural Activities",2010,697
acfr2015,gf_revenues,362,377,"Parks, Recreation and Cultural Activities",2011,1442
acfr2015,gf_revenues,362,377,"Parks, Recreation and Cultural Activities",2012,13046
acfr2015,gf_revenues,362,377,"Parks, Recreation and Cultural Activities",2013,63031
acfr2015,gf_revenues,362,377,"Parks, Recreation and Cultural Activities",2014,10278
acfr2015,gf_revenues,362,377,"Parks, Recreation and Cultural Activities",2015,1342
acfr2015,gf_revenues,362,378,Housing,2006,323702
acfr2015,gf_revenues,362,378,Housing,2007,331523
acfr2015,gf_revenues,362,378,Housing,2008,342584
acfr2015,gf_revenues,362,378,Housing,2009,435566
acfr2015,gf_revenues,362,378,Housing,2010,492310
acfr2015,gf_revenues,362,378,Housing,2011,483787
acfr2015,gf_revenues,362,378,Housing,2012,522728
acfr2015,gf_revenues,362,378,Housing,2013,506463
acfr2015,gf_revenues,362,378,Housing,2014,472450
acfr2015,gf_revenues,362,378,Housing,2015,478273
acfr2015,gf_revenues,362,379,Health,2006,285839
acfr2015,gf_revenues,362,379,Health,2007,298999
acfr2015,gf_revenues,362,379,Health,2008,288419
acfr2015,gf_revenues,362,379,Health,2009,300260
acfr2015,gf_revenues,362,379,Health,2010,282589
acfr2015,gf_revenues,362,379,Health,2011,304615
acfr2015,gf_revenues,362,379,Health,2012,420758
acfr2015,gf_revenues,362,379,Health,2013,422472
acfr2015,gf_revenues,362,379,Health,2014,332299
acfr2015,gf_revenues,362,379,Health,2015,320211
acfr2015,gf_revenues,362,380,Libraries,2006,0
acfr2015,gf_revenues,362,380,Libraries,2007,0
acfr2015,gf_revenues,362,380,Libraries,2008,0
acfr2015,gf_revenues,362,380,Libraries,2009,0
acfr2015,gf_revenues,362,380,Libraries,2010,0
acfr2015,gf_revenues,362,380,Libraries,2011,0
acfr2015,gf_revenues,362,380,Libraries,2012,0
acfr2015,gf_revenues,362,380,Libraries,2013,156
acfr2015,gf_revenues,362,380,Libraries,2014,0
acfr2015,gf_revenues,362,380,Libraries,2015,0
acfr2015,gf_revenues,362,381,City University,2006,308
acfr2015,gf_revenues,362,381,City University,2007,10
acfr2015,gf_revenues,362,381,City University,2008,0
acfr2015,gf_revenues,362,381,City University,2009,47
acfr2015,gf_revenues,362,381,City University,2010,13815
acfr2015,gf_revenues,362,381,City University,2011,32836
acfr2015,gf_revenues,362,381,City University,2012,0
acfr2015,gf_revenues,362,381,City University,2013,2306
acfr2015,gf_revenues,362,381,City University,2014,-1941
acfr2015,gf_revenues,362,381,City University,2015,1892
acfr2015,gf_revenues,362,382,Total Federal Grants,2006,5243420
acfr2015,gf_revenues,362,382,Total Federal Grants,2007,5471205
acfr2015,gf_revenues,362,382,Total Federal Grants,2008,5691678
acfr2015,gf_revenues,362,382,Total Federal Grants,2009,5940697
acfr2015,gf_revenues,362,382,Total Federal Grants,2010,7700009
acfr2015,gf_revenues,362,382,Total Federal Grants,2011,7746661
acfr2015,gf_revenues,362,382,Total Federal Grants,2012,6997828
acfr2015,gf_revenues,362,382,Total Federal Grants,2013,8421030
acfr2015,gf_revenues,362,382,Total Federal Grants,2014,6767062
acfr2015,gf_revenues,362,382,Total Federal Grants,2015,6784036
acfr2015,gf_revenues,363,383,State Grants—Categorical: General Government,2006,91508
acfr2015,gf_revenues,363,383,State Grants—Categorical: General Government,2007,212062
acfr2015,gf_revenues,363,383,State Grants—Categorical: General Government,2008,324546
acfr2015,gf_revenues,363,383,State Grants—Categorical: General Government,2009,452632
acfr2015,gf_revenues,363,383,State Grants—Categorical: General Government,2010,509370
acfr2015,gf_revenues,363,383,State Grants—Categorical: General Government,2011,518005
acfr2015,gf_revenues,363,383,State Grants—Categorical: General Government,2012,351598
acfr2015,gf_revenues,363,383,State Grants—Categorical: General Government,2013,480178
acfr2015,gf_revenues,363,383,State Grants—Categorical: General Government,2014,642319
acfr2015,gf_revenues,363,383,State Grants—Categorical: General Government,2015,671196
acfr2015,gf_revenues,363,384,Public Safety and Judicial,2006,147592
acfr2015,gf_revenues,363,384,Public Safety and Judicial,2007,175945
acfr2015,gf_revenues,363,384,Public Safety and Judicial,2008,161601
acfr2015,gf_revenues,363,384,Public Safety and Judicial,2009,152265
acfr2015,gf_revenues,363,384,Public Safety and Judicial,2010,138919
acfr2015,gf_revenues,363,384,Public Safety and Judicial,2011,130013
acfr2015,gf_revenues,363,384,Public Safety and Judicial,2012,70658
acfr2015,gf_revenues,363,384,Public Safety and Judicial,2013,71952
acfr2015,gf_revenues,363,384,Public Safety and Judicial,2014,79452
acfr2015,gf_revenues,363,384,Public Safety and Judicial,2015,84679
acfr2015,gf_revenues,363,385,Education,2006,6702434
acfr2015,gf_revenues,363,385,Education,2007,7206930
acfr2015,gf_revenues,363,385,Education,2008,8010807
acfr2015,gf_revenues,363,385,Education,2009,8638846
acfr2015,gf_revenues,363,385,Education,2010,8077849
acfr2015,gf_revenues,363,385,Education,2011,8110198
acfr2015,gf_revenues,363,385,Education,2012,8011639
acfr2015,gf_revenues,363,385,Education,2013,7933480
acfr2015,gf_revenues,363,385,Education,2014,7907175
acfr2015,gf_revenues,363,385,Education,2015,9131458
acfr2015,gf_revenues,363,386,Social Services,2006,1934180
acfr2015,gf_revenues,363,386,Social Services,2007,1924215
acfr2015,gf_revenues,363,386,Social Services,2008,2097658
acfr2015,gf_revenues,363,386,Social Services,2009,2072897
acfr2015,gf_revenues,363,386,Social Services,2010,2138936
acfr2015,gf_revenues,363,386,Social Services,2011,1780578
acfr2015,gf_revenues,363,386,Social Services,2012,1568400
acfr2015,gf_revenues,363,386,Social Services,2013,1546463
acfr2015,gf_revenues,363,386,Social Services,2014,1452253
acfr2015,gf_revenues,363,386,Social Services,2015,1450044
acfr2015,gf_revenues,363,387,Environmental Protection,2006,21279
acfr2015,gf_revenues,363,387,Environmental Protection,2007,1435
acfr2015,gf_revenues,363,387,Environmental Protection,2008,7130
acfr2015,gf_revenues,363,387,Environmental Protection,2009,8060
acfr2015,gf_revenues,363,387,Environmental Protection,2010,2062
acfr2015,gf_revenues,363,387,Environmental Protection,2011,10215
acfr2015,gf_revenues,363,387,Environmental Protection,2012,4941
acfr2015,gf_revenues,363,387,Environmental Protection,2013,1859
acfr2015,gf_revenues,363,387,Environmental Protection,2014,162
acfr2015,gf_revenues,363,387,Environmental Protection,2015,877
acfr2015,gf_revenues,363,388,Transportation Services,2006,119862
acfr2015,gf_revenues,363,388,Transportation Services,2007,131567
acfr2015,gf_revenues,363,388,Transportation Services,2008,155426
acfr2015,gf_revenues,363,388,Transportation Services,2009,149021
acfr2015,gf_revenues,363,388,Transportation Services,2010,154443
acfr2015,gf_revenues,363,388,Transportation Services,2011,152532
acfr2015,gf_revenues,363,388,Transportation Services,2012,167427
acfr2015,gf_revenues,363,388,Transportation Services,2013,150030
acfr2015,gf_revenues,363,388,Transportation Services,2014,158183
acfr2015,gf_revenues,363,388,Transportation Services,2015,165084
acfr2015,gf_revenues,363,389,"Parks, Recreation and Cultural Activities",2006,690
acfr2015,gf_revenues,363,389,"Parks, Recreation and Cultural Activities",2007,868
acfr2015,gf_revenues,363,389,"Parks, Recreation and Cultural Activities",2008,931
acfr2015,gf_revenues,363,389,"Parks, Recreation and Cultural Activities",2009,2207
acfr2015,gf_revenues,363,389,"Parks, Recreation and Cultural Activities",2010,1370
acfr2015,gf_revenues,363,389,"Parks, Recreation and Cultural Activities",2011,1064
acfr2015,gf_revenues,363,389,"Parks, Recreation and Cultural Activities",2012,1296
acfr2015,gf_revenues,363,389,"Parks, Recreation and Cultural Activities",2013,1895
acfr2015,gf_revenues,363,389,"Parks, Recreation and Cultural Activities",2014,1362
acfr2015,gf_revenues,363,389,"Parks, Recreation and Cultural Activities",2015,2250
acfr2015,gf_revenues,363,390,Housing,2006,59
acfr2015,gf_revenues,363,390,Housing,2007,1820
acfr2015,gf_revenues,363,390,Housing,2008,1723
acfr2015,gf_revenues,363,390,Housing,2009,1945
acfr2015,gf_revenues,363,390,Housing,2010,1075
acfr2015,gf_revenues,363,390,Housing,2011,1718
acfr2015,gf_revenues,363,390,Housing,2012,3708
acfr2015,gf_revenues,363,390,Housing,2013,2820
acfr2015,gf_revenues,363,390,Housing,2014,649
acfr2015,gf_revenues,363,390,Housing,2015,683
acfr2015,gf_revenues,363,391,Health,2006,414531
acfr2015,gf_revenues,363,391,Health,2007,427484
acfr2015,gf_revenues,363,391,Health,2008,486845
acfr2015,gf_revenues,363,391,Health,2009,467757
acfr2015,gf_revenues,363,391,Health,2010,448319
acfr2015,gf_revenues,363,391,Health,2011,397240
acfr2015,gf_revenues,363,391,Health,2012,535597
acfr2015,gf_revenues,363,391,Health,2013,494823
acfr2015,gf_revenues,363,391,Health,2014,453532
acfr2015,gf_revenues,363,391,Health,2015,363987
acfr2015,gf_revenues,363,392,City University,2006,153431
acfr2015,gf_revenues,363,392,City University,2007,164725
acfr2015,gf_revenues,363,392,City University,2008,174465
acfr2015,gf_revenues,363,392,City University,2009,178471
acfr2015,gf_revenues,363,392,City University,2010,173227
acfr2015,gf_revenues,363,392,City University,2011,153802
acfr2015,gf_revenues,363,392,City University,2012,178590
acfr2015,gf_revenues,363,392,City University,2013,200461
acfr2015,gf_revenues,363,392,City University,2014,221004
acfr2015,gf_revenues,363,392,City University,2015,226761
acfr2015,gf_revenues,363,393,General Debt Service Fund,2006,0
acfr2015,gf_revenues,363,393,General Debt Service Fund,2007,0
acfr2015,gf_revenues,363,393,General Debt Service Fund,2008,0
acfr2015,gf_revenues,363,393,General Debt Service Fund,2009,0
acfr2015,gf_revenues,363,393,General Debt Service Fund,2010,0
acfr2015,gf_revenues,363,393,General Debt Service Fund,2011,0
acfr2015,gf_revenues,363,393,General Debt Service Fund,2012,219921
acfr2015,gf_revenues,363,393,General Debt Service Fund,2013,143000
acfr2015,gf_revenues,363,393,General Debt Service Fund,2014,0
acfr2015,gf_revenues,363,393,General Debt Service Fund,2015,0
acfr2015,gf_revenues,363,394,Total State Grants,2006,9585566
acfr2015,gf_revenues,363,394,Total State Grants,2007,10247051
acfr2015,gf_revenues,363,394,Total State Grants,2008,11421132
acfr2015,gf_revenues,363,394,Total State Grants,2009,12124101
acfr2015,gf_revenues,363,394,Total State Grants,2010,11645570
acfr2015,gf_revenues,363,394,Total State Grants,2011,11255365
acfr2015,gf_revenues,363,394,Total State Grants,2012,11113775
acfr2015,gf_revenues,363,394,Total State Grants,2013,11026961
acfr2015,gf_revenues,363,394,Total State Grants,2014,10916091
acfr2015,gf_revenues,363,394,Total State Grants,2015,12097019
acfr2015,gf_revenues,363,395,332 Non-Governmental Grants: General Government,2006,620496
acfr2015,gf_revenues,363,395,332 Non-Governmental Grants: General Government,2007,469166
acfr2015,gf_revenues,363,395,332 Non-Governmental Grants: General Government,2008,448293
acfr2015,gf_revenues,363,395,332 Non-Governmental Grants: General Government,2009,361852
acfr2015,gf_revenues,363,395,332 Non-Governmental Grants: General Government,2010,428688
acfr2015,gf_revenues,363,395,332 Non-Governmental Grants: General Government,2011,505560
acfr2015,gf_revenues,363,395,332 Non-Governmental Grants: General Government,2012,455264
acfr2015,gf_revenues,363,395,332 Non-Governmental Grants: General Government,2013,426223
acfr2015,gf_revenues,363,395,332 Non-Governmental Grants: General Government,2014,296578
acfr2015,gf_revenues,363,395,332 Non-Governmental Grants: General Government,2015,270342
acfr2015,gf_revenues,363,396,Public Safety and Judicial,2006,232904
acfr2015,gf_revenues,363,396,Public Safety and Judicial,2007,238939
acfr2015,gf_revenues,363,396,Public Safety and Judicial,2008,262196
acfr2015,gf_revenues,363,396,Public Safety and Judicial,2009,302314
acfr2015,gf_revenues,363,396,Public Safety and Judicial,2010,287729
acfr2015,gf_revenues,363,396,Public Safety and Judicial,2011,301750
acfr2015,gf_revenues,363,396,Public Safety and Judicial,2012,314376
acfr2015,gf_revenues,363,396,Public Safety and Judicial,2013,283613
acfr2015,gf_revenues,363,396,Public Safety and Judicial,2014,222536
acfr2015,gf_revenues,363,396,Public Safety and Judicial,2015,190415
acfr2015,gf_revenues,363,397,Education,2006,56098
acfr2015,gf_revenues,363,397,Education,2007,56407
acfr2015,gf_revenues,363,397,Education,2008,89232
acfr2015,gf_revenues,363,397,Education,2009,71685
acfr2015,gf_revenues,363,397,Education,2010,76511
acfr2015,gf_revenues,363,397,Education,2011,106145
acfr2015,gf_revenues,363,397,Education,2012,80973
acfr2015,gf_revenues,363,397,Education,2013,121244
acfr2015,gf_revenues,363,397,Education,2014,153342
acfr2015,gf_revenues,363,397,Education,2015,151461
acfr2015,gf_revenues,363,398,Social Services,2006,-43
acfr2015,gf_revenues,363,398,Social Services,2007,5
acfr2015,gf_revenues,363,398,Social Services,2008,584
acfr2015,gf_revenues,363,398,Social Services,2009,324
acfr2015,gf_revenues,363,398,Social Services,2010,290
acfr2015,gf_revenues,363,398,Social Services,2011,199
acfr2015,gf_revenues,363,398,Social Services,2012,6
acfr2015,gf_revenues,363,398,Social Services,2013,206
acfr2015,gf_revenues,363,398,Social Services,2014,44
acfr2015,gf_revenues,363,398,Social Services,2015,3000
acfr2015,gf_revenues,363,399,Environmental Protection,2006,2092
acfr2015,gf_revenues,363,399,Environmental Protection,2007,3056
acfr2015,gf_revenues,363,399,Environmental Protection,2008,2832
acfr2015,gf_revenues,363,399,Environmental Protection,2009,62437
acfr2015,gf_revenues,363,399,Environmental Protection,2010,250707
acfr2015,gf_revenues,363,399,Environmental Protection,2011,20952
acfr2015,gf_revenues,363,399,Environmental Protection,2012,24667
acfr2015,gf_revenues,363,399,Environmental Protection,2013,11088
acfr2015,gf_revenues,363,399,Environmental Protection,2014,23331
acfr2015,gf_revenues,363,399,Environmental Protection,2015,17714
acfr2015,gf_revenues,363,400,Transportation Services,2006,893
acfr2015,gf_revenues,363,400,Transportation Services,2007,1809
acfr2015,gf_revenues,363,400,Transportation Services,2008,1697
acfr2015,gf_revenues,363,400,Transportation Services,2009,1161
acfr2015,gf_revenues,363,400,Transportation Services,2010,1891
acfr2015,gf_revenues,363,400,Transportation Services,2011,1853
acfr2015,gf_revenues,363,400,Transportation Services,2012,1256
acfr2015,gf_revenues,363,400,Transportation Services,2013,1339
acfr2015,gf_revenues,363,400,Transportation Services,2014,1916
acfr2015,gf_revenues,363,400,Transportation Services,2015,2026
acfr2015,gf_revenues,363,401,"Parks, Recreation and Cultural Activities",2006,14615
acfr2015,gf_revenues,363,401,"Parks, Recreation and Cultural Activities",2007,7768
acfr2015,gf_revenues,363,401,"Parks, Recreation and Cultural Activities",2008,10658
acfr2015,gf_revenues,363,401,"Parks, Recreation and Cultural Activities",2009,11703
acfr2015,gf_revenues,363,401,"Parks, Recreation and Cultural Activities",2010,13512
acfr2015,gf_revenues,363,401,"Parks, Recreation and Cultural Activities",2011,14354
acfr2015,gf_revenues,363,401,"Parks, Recreation and Cultural Activities",2012,11900
acfr2015,gf_revenues,363,401,"Parks, Recreation and Cultural Activities",2013,11683
acfr2015,gf_revenues,363,401,"Parks, Recreation and Cultural Activities",2014,14270
acfr2015,gf_revenues,363,401,"Parks, Recreation and Cultural Activities",2015,14839
acfr2015,gf_revenues,363,402,Housing,2006,0
acfr2015,gf_revenues,363,402,Housing,2007,31713
acfr2015,gf_revenues,363,402,Housing,2008,32645
acfr2015,gf_revenues,363,402,Housing,2009,36773
acfr2015,gf_revenues,363,402,Housing,2010,18013
acfr2015,gf_revenues,363,402,Housing,2011,9293
acfr2015,gf_revenues,363,402,Housing,2012,31079
acfr2015,gf_revenues,363,402,Housing,2013,5450
acfr2015,gf_revenues,363,402,Housing,2014,13014
acfr2015,gf_revenues,363,402,Housing,2015,6812
acfr2015,gf_revenues,363,403,Health,2006,219922
acfr2015,gf_revenues,363,403,Health,2007,226869
acfr2015,gf_revenues,363,403,Health,2008,239641
acfr2015,gf_revenues,363,403,Health,2009,253611
acfr2015,gf_revenues,363,403,Health,2010,294284
acfr2015,gf_revenues,363,403,Health,2011,284969
acfr2015,gf_revenues,363,403,Health,2012,9588
acfr2015,gf_revenues,363,403,Health,2013,1668
acfr2015,gf_revenues,363,403,Health,2014,-3059
acfr2015,gf_revenues,363,403,Health,2015,1144
acfr2015,gf_revenues,363,404,City University,2006,2628
acfr2015,gf_revenues,363,404,City University,2007,1657
acfr2015,gf_revenues,363,404,City University,2008,1731
acfr2015,gf_revenues,363,404,City University,2009,1364
acfr2015,gf_revenues,363,404,City University,2010,1154
acfr2015,gf_revenues,363,404,City University,2011,9820
acfr2015,gf_revenues,363,404,City University,2012,9605
acfr2015,gf_revenues,363,404,City University,2013,8411
acfr2015,gf_revenues,363,404,City University,2014,8669
acfr2015,gf_revenues,363,404,City University,2015,8906
acfr2015,gf_revenues,363,405,Total Non-Governmental Grants,2006,1149605
acfr2015,gf_revenues,363,405,Total Non-Governmental Grants,2007,1037389
acfr2015,gf_revenues,363,405,Total Non-Governmental Grants,2008,1089509
acfr2015,gf_revenues,363,405,Total Non-Governmental Grants,2009,1103224
acfr2015,gf_revenues,363,405,Total Non-Governmental Grants,2010,1372779
acfr2015,gf_revenues,363,405,Total Non-Governmental Grants,2011,1254895
acfr2015,gf_revenues,363,405,Total Non-Governmental Grants,2012,938714
acfr2015,gf_revenues,363,405,Total Non-Governmental Grants,2013,870925
acfr2015,gf_revenues,363,405,Total Non-Governmental Grants,2014,730641
acfr2015,gf_revenues,363,405,Total Non-Governmental Grants,2015,666659
acfr2015,gf_revenues,363,406,"Provision for Disallowances of Federal, State and Other Aid",2006,-542000
acfr2015,gf_revenues,363,406,"Provision for Disallowances of Federal, State and Other Aid",2007,-102900
acfr2015,gf_revenues,363,406,"Provision for Disallowances of Federal, State and Other Aid",2008,-114300
acfr2015,gf_revenues,363,406,"Provision for Disallowances of Federal, State and Other Aid",2009,0
acfr2015,gf_revenues,363,406,"Provision for Disallowances of Federal, State and Other Aid",2010,0
acfr2015,gf_revenues,363,406,"Provision for Disallowances of Federal, State and Other Aid",2011,-111659
acfr2015,gf_revenues,363,406,"Provision for Disallowances of Federal, State and Other Aid",2012,166018
acfr2015,gf_revenues,363,406,"Provision for Disallowances of Federal, State and Other Aid",2013,-59202
acfr2015,gf_revenues,363,406,"Provision for Disallowances of Federal, State and Other Aid",2014,-18556
acfr2015,gf_revenues,363,406,"Provision for Disallowances of Federal, State and Other Aid",2015,-109972
acfr2015,gf_revenues,364,407,Unrestricted Federal and State Aid: Federal and State Revenue Sharing,2006,327390
acfr2015,gf_revenues,364,407,Unrestricted Federal and State Aid: Federal and State Revenue Sharing,2007,20000
acfr2015,gf_revenues,364,407,Unrestricted Federal and State Aid: Federal and State Revenue Sharing,2008,242090
acfr2015,gf_revenues,364,407,Unrestricted Federal and State Aid: Federal and State Revenue Sharing,2009,327390
acfr2015,gf_revenues,364,407,Unrestricted Federal and State Aid: Federal and State Revenue Sharing,2010,-25731
acfr2015,gf_revenues,364,407,Unrestricted Federal and State Aid: Federal and State Revenue Sharing,2011,0
acfr2015,gf_revenues,364,407,Unrestricted Federal and State Aid: Federal and State Revenue Sharing,2012,0
acfr2015,gf_revenues,364,407,Unrestricted Federal and State Aid: Federal and State Revenue Sharing,2013,0
acfr2015,gf_revenues,364,407,Unrestricted Federal and State Aid: Federal and State Revenue Sharing,2014,0
acfr2015,gf_revenues,364,407,Unrestricted Federal and State Aid: Federal and State Revenue Sharing,2015,0
acfr2015,gf_revenues,364,408,Intergovernmental Aid,2006,166764
acfr2015,gf_revenues,364,408,Intergovernmental Aid,2007,15054
acfr2015,gf_revenues,364,408,Intergovernmental Aid,2008,26
acfr2015,gf_revenues,364,408,Intergovernmental Aid,2009,0
acfr2015,gf_revenues,364,408,Intergovernmental Aid,2010,8168
acfr2015,gf_revenues,364,408,Intergovernmental Aid,2011,38997
acfr2015,gf_revenues,364,408,Intergovernmental Aid,2012,25000
acfr2015,gf_revenues,364,408,Intergovernmental Aid,2013,0
acfr2015,gf_revenues,364,408,Intergovernmental Aid,2014,0
acfr2015,gf_revenues,364,408,Intergovernmental Aid,2015,409
acfr2015,gf_revenues,364,409,Total Unrestricted Federal and State Aid,2006,494154
acfr2015,gf_revenues,364,409,Total Unrestricted Federal and State Aid,2007,35054
acfr2015,gf_revenues,364,409,Total Unrestricted Federal and State Aid,2008,242116
acfr2015,gf_revenues,364,409,Total Unrestricted Federal and State Aid,2009,327390
acfr2015,gf_revenues,364,409,Total Unrestricted Federal and State Aid,2010,-17563
acfr2015,gf_revenues,364,409,Total Unrestricted Federal and State Aid,2011,38997
acfr2015,gf_revenues,364,409,Total Unrestricted Federal and State Aid,2012,25000
acfr2015,gf_revenues,364,409,Total Unrestricted Federal and State Aid,2013,0
acfr2015,gf_revenues,364,409,Total Unrestricted Federal and State Aid,2014,0
acfr2015,gf_revenues,364,409,Total Unrestricted Federal and State Aid,2015,409
acfr2015,gf_revenues,364,410,Charges for Services: General Government Charges,2006,611316
acfr2015,gf_revenues,364,410,Charges for Services: General Government Charges,2007,613162
acfr2015,gf_revenues,364,410,Charges for Services: General Government Charges,2008,638214
acfr2015,gf_revenues,364,410,Charges for Services: General Government Charges,2009,687060
acfr2015,gf_revenues,364,410,Charges for Services: General Government Charges,2010,745949
acfr2015,gf_revenues,364,410,Charges for Services: General Government Charges,2011,776041
acfr2015,gf_revenues,364,410,Charges for Services: General Government Charges,2012,850005
acfr2015,gf_revenues,364,410,Charges for Services: General Government Charges,2013,871676
acfr2015,gf_revenues,364,410,Charges for Services: General Government Charges,2014,950834
acfr2015,gf_revenues,364,410,Charges for Services: General Government Charges,2015,973756
acfr2015,gf_revenues,364,411,Water and Sewer,2006,989545
acfr2015,gf_revenues,364,411,Water and Sewer,2007,1063873
acfr2015,gf_revenues,364,411,Water and Sewer,2008,1202190
acfr2015,gf_revenues,364,411,Water and Sewer,2009,1283505
acfr2015,gf_revenues,364,411,Water and Sewer,2010,1539845
acfr2015,gf_revenues,364,411,Water and Sewer,2011,1294533
acfr2015,gf_revenues,364,411,Water and Sewer,2012,1373038
acfr2015,gf_revenues,364,411,Water and Sewer,2013,1361055
acfr2015,gf_revenues,364,411,Water and Sewer,2014,1490550
acfr2015,gf_revenues,364,411,Water and Sewer,2015,1439415
acfr2015,gf_revenues,364,412,Housing,2006,26909
acfr2015,gf_revenues,364,412,Housing,2007,32441
acfr2015,gf_revenues,364,412,Housing,2008,28661
acfr2015,gf_revenues,364,412,Housing,2009,18925
acfr2015,gf_revenues,364,412,Housing,2010,18802
acfr2015,gf_revenues,364,412,Housing,2011,20705
acfr2015,gf_revenues,364,412,Housing,2012,24201
acfr2015,gf_revenues,364,412,Housing,2013,42280
acfr2015,gf_revenues,364,412,Housing,2014,33635
acfr2015,gf_revenues,364,412,Housing,2015,48131
acfr2015,gf_revenues,364,413,Rental Income,2006,209189
acfr2015,gf_revenues,364,413,Rental Income,2007,211276
acfr2015,gf_revenues,364,413,Rental Income,2008,256805
acfr2015,gf_revenues,364,413,Rental Income,2009,255434
acfr2015,gf_revenues,364,413,Rental Income,2010,234388
acfr2015,gf_revenues,364,413,Rental Income,2011,253403
acfr2015,gf_revenues,364,413,Rental Income,2012,291225
acfr2015,gf_revenues,364,413,Rental Income,2013,296753
acfr2015,gf_revenues,364,413,Rental Income,2014,311441
acfr2015,gf_revenues,364,413,Rental Income,2015,283835
acfr2015,gf_revenues,364,414,Total Charges for Services,2006,1836959
acfr2015,gf_revenues,364,414,Total Charges for Services,2007,1920752
acfr2015,gf_revenues,364,414,Total Charges for Services,2008,2125870
acfr2015,gf_revenues,364,414,Total Charges for Services,2009,2244924
acfr2015,gf_revenues,364,414,Total Charges for Services,2010,2538984
acfr2015,gf_revenues,364,414,Total Charges for Services,2011,2344682
acfr2015,gf_revenues,364,414,Total Charges for Services,2012,2538469
acfr2015,gf_revenues,364,414,Total Charges for Services,2013,2571764
acfr2015,gf_revenues,364,414,Total Charges for Services,2014,2786460
acfr2015,gf_revenues,364,414,Total Charges for Services,2015,2745137
acfr2015,gf_revenues,364,415,Investment Income,2006,362197
acfr2015,gf_revenues,364,415,Investment Income,2007,473060
acfr2015,gf_revenues,364,415,Investment Income,2008,376798
acfr2015,gf_revenues,364,415,Investment Income,2009,123903
acfr2015,gf_revenues,364,415,Investment Income,2010,22159
acfr2015,gf_revenues,364,415,Investment Income,2011,20786
acfr2015,gf_revenues,364,415,Investment Income,2012,16221
acfr2015,gf_revenues,364,415,Investment Income,2013,16196
acfr2015,gf_revenues,364,415,Investment Income,2014,15985
acfr2015,gf_revenues,364,415,Investment Income,2015,29889
acfr2015,gf_revenues,364,416,"333 Licenses, Permits, Privileges and Franchises: Licenses",2006,50221
acfr2015,gf_revenues,364,416,"333 Licenses, Permits, Privileges and Franchises: Licenses",2007,45568
acfr2015,gf_revenues,364,416,"333 Licenses, Permits, Privileges and Franchises: Licenses",2008,52805
acfr2015,gf_revenues,364,416,"333 Licenses, Permits, Privileges and Franchises: Licenses",2009,49436
acfr2015,gf_revenues,364,416,"333 Licenses, Permits, Privileges and Franchises: Licenses",2010,56306
acfr2015,gf_revenues,364,416,"333 Licenses, Permits, Privileges and Franchises: Licenses",2011,57027
acfr2015,gf_revenues,364,416,"333 Licenses, Permits, Privileges and Franchises: Licenses",2012,64116
acfr2015,gf_revenues,364,416,"333 Licenses, Permits, Privileges and Franchises: Licenses",2013,64696
acfr2015,gf_revenues,364,416,"333 Licenses, Permits, Privileges and Franchises: Licenses",2014,80082
acfr2015,gf_revenues,364,416,"333 Licenses, Permits, Privileges and Franchises: Licenses",2015,81458
acfr2015,gf_revenues,364,417,Permits,2006,136475
acfr2015,gf_revenues,364,417,Permits,2007,146683
acfr2015,gf_revenues,364,417,Permits,2008,160791
acfr2015,gf_revenues,364,417,Permits,2009,151234
acfr2015,gf_revenues,364,417,Permits,2010,140419
acfr2015,gf_revenues,364,417,Permits,2011,160422
acfr2015,gf_revenues,364,417,Permits,2012,190358
acfr2015,gf_revenues,364,417,Permits,2013,204191
acfr2015,gf_revenues,364,417,Permits,2014,233044
acfr2015,gf_revenues,364,417,Permits,2015,277378
acfr2015,gf_revenues,364,418,Privileges and Franchises,2006,231198
acfr2015,gf_revenues,364,418,Privileges and Franchises,2007,277776
acfr2015,gf_revenues,364,418,Privileges and Franchises,2008,288635
acfr2015,gf_revenues,364,418,Privileges and Franchises,2009,291969
acfr2015,gf_revenues,364,418,Privileges and Franchises,2010,290716
acfr2015,gf_revenues,364,418,Privileges and Franchises,2011,307221
acfr2015,gf_revenues,364,418,Privileges and Franchises,2012,328780
acfr2015,gf_revenues,364,418,Privileges and Franchises,2013,323703
acfr2015,gf_revenues,364,418,Privileges and Franchises,2014,334707
acfr2015,gf_revenues,364,418,Privileges and Franchises,2015,344172
acfr2015,gf_revenues,364,419,"Total Licenses, Permits, Privileges and Franchises",2006,417894
acfr2015,gf_revenues,364,419,"Total Licenses, Permits, Privileges and Franchises",2007,470027
acfr2015,gf_revenues,364,419,"Total Licenses, Permits, Privileges and Franchises",2008,502231
acfr2015,gf_revenues,364,419,"Total Licenses, Permits, Privileges and Franchises",2009,492639
acfr2015,gf_revenues,364,419,"Total Licenses, Permits, Privileges and Franchises",2010,487441
acfr2015,gf_revenues,364,419,"Total Licenses, Permits, Privileges and Franchises",2011,524670
acfr2015,gf_revenues,364,419,"Total Licenses, Permits, Privileges and Franchises",2012,583254
acfr2015,gf_revenues,364,419,"Total Licenses, Permits, Privileges and Franchises",2013,592590
acfr2015,gf_revenues,364,419,"Total Licenses, Permits, Privileges and Franchises",2014,647833
acfr2015,gf_revenues,364,419,"Total Licenses, Permits, Privileges and Franchises",2015,703008
acfr2015,gf_revenues,364,420,Fines and Forfeitures: Fines,2006,717805
acfr2015,gf_revenues,364,420,Fines and Forfeitures: Fines,2007,738016
acfr2015,gf_revenues,364,420,Fines and Forfeitures: Fines,2008,825177
acfr2015,gf_revenues,364,420,Fines and Forfeitures: Fines,2009,798055
acfr2015,gf_revenues,364,420,Fines and Forfeitures: Fines,2010,828713
acfr2015,gf_revenues,364,420,Fines and Forfeitures: Fines,2011,816664
acfr2015,gf_revenues,364,420,Fines and Forfeitures: Fines,2012,854677
acfr2015,gf_revenues,364,420,Fines and Forfeitures: Fines,2013,811355
acfr2015,gf_revenues,364,420,Fines and Forfeitures: Fines,2014,890356
acfr2015,gf_revenues,364,420,Fines and Forfeitures: Fines,2015,957006
acfr2015,gf_revenues,364,421,Forfeitures,2006,5719
acfr2015,gf_revenues,364,421,Forfeitures,2007,3355
acfr2015,gf_revenues,364,421,Forfeitures,2008,4477
acfr2015,gf_revenues,364,421,Forfeitures,2009,4182
acfr2015,gf_revenues,364,421,Forfeitures,2010,4397
acfr2015,gf_revenues,364,421,Forfeitures,2011,3431
acfr2015,gf_revenues,364,421,Forfeitures,2012,3885
acfr2015,gf_revenues,364,421,Forfeitures,2013,3372
acfr2015,gf_revenues,364,421,Forfeitures,2014,1826
acfr2015,gf_revenues,364,421,Forfeitures,2015,2279
acfr2015,gf_revenues,364,422,Total Fines and Forfeitures,2006,723524
acfr2015,gf_revenues,364,422,Total Fines and Forfeitures,2007,741371
acfr2015,gf_revenues,364,422,Total Fines and Forfeitures,2008,829654
acfr2015,gf_revenues,364,422,Total Fines and Forfeitures,2009,802237
acfr2015,gf_revenues,364,422,Total Fines and Forfeitures,2010,833110
acfr2015,gf_revenues,364,422,Total Fines and Forfeitures,2011,820095
acfr2015,gf_revenues,364,422,Total Fines and Forfeitures,2012,858562
acfr2015,gf_revenues,364,422,Total Fines and Forfeitures,2013,814727
acfr2015,gf_revenues,364,422,Total Fines and Forfeitures,2014,892182
acfr2015,gf_revenues,364,422,Total Fines and Forfeitures,2015,959285
acfr2015,gf_revenues,364,423,Miscellaneous,2006,412862
acfr2015,gf_revenues,364,423,Miscellaneous,2007,638099
acfr2015,gf_revenues,364,423,Miscellaneous,2008,658300
acfr2015,gf_revenues,364,423,Miscellaneous,2009,817404
acfr2015,gf_revenues,364,423,Miscellaneous,2010,687114
acfr2015,gf_revenues,364,423,Miscellaneous,2011,562542
acfr2015,gf_revenues,364,423,Miscellaneous,2012,1133029
acfr2015,gf_revenues,364,423,Miscellaneous,2013,545253
acfr2015,gf_revenues,364,423,Miscellaneous,2014,1146660
acfr2015,gf_revenues,364,423,Miscellaneous,2015,1665640
acfr2015,gf_revenues,364,424,Tobacco Settlement,2006,5410
acfr2015,gf_revenues,364,424,Tobacco Settlement,2007,0
acfr2015,gf_revenues,364,424,Tobacco Settlement,2008,0
acfr2015,gf_revenues,364,424,Tobacco Settlement,2009,0
acfr2015,gf_revenues,364,424,Tobacco Settlement,2010,0
acfr2015,gf_revenues,364,424,Tobacco Settlement,2011,0
acfr2015,gf_revenues,364,424,Tobacco Settlement,2012,0
acfr2015,gf_revenues,364,424,Tobacco Settlement,2013,0
acfr2015,gf_revenues,364,424,Tobacco Settlement,2014,0
acfr2015,gf_revenues,364,424,Tobacco Settlement,2015,0
acfr2015,gf_revenues,365,425,Pollution Remediation— Bond Sales,2006,0
acfr2015,gf_revenues,365,425,Pollution Remediation— Bond Sales,2007,0
acfr2015,gf_revenues,365,425,Pollution Remediation— Bond Sales,2008,0
acfr2015,gf_revenues,365,425,Pollution Remediation— Bond Sales,2009,176425
acfr2015,gf_revenues,365,425,Pollution Remediation— Bond Sales,2010,205972
acfr2015,gf_revenues,365,425,Pollution Remediation— Bond Sales,2011,267801
acfr2015,gf_revenues,365,425,Pollution Remediation— Bond Sales,2012,201830
acfr2015,gf_revenues,365,425,Pollution Remediation— Bond Sales,2013,191547
acfr2015,gf_revenues,365,425,Pollution Remediation— Bond Sales,2014,293586
acfr2015,gf_revenues,365,425,Pollution Remediation— Bond Sales,2015,241126
acfr2015,gf_revenues,365,426,Transfer from General Debt Service Fund,2006,0
acfr2015,gf_revenues,365,426,Transfer from General Debt Service Fund,2007,0
acfr2015,gf_revenues,365,426,Transfer from General Debt Service Fund,2008,0
acfr2015,gf_revenues,365,426,Transfer from General Debt Service Fund,2009,0
acfr2015,gf_revenues,365,426,Transfer from General Debt Service Fund,2010,11798
acfr2015,gf_revenues,365,426,Transfer from General Debt Service Fund,2011,67503
acfr2015,gf_revenues,365,426,Transfer from General Debt Service Fund,2012,88133
acfr2015,gf_revenues,365,426,Transfer from General Debt Service Fund,2013,86115
acfr2015,gf_revenues,365,426,Transfer from General Debt Service Fund,2014,81474
acfr2015,gf_revenues,365,426,Transfer from General Debt Service Fund,2015,81786
acfr2015,gf_revenues,365,427,Transfer from Nonmajor Debt Service Fund,2006,102938
acfr2015,gf_revenues,365,427,Transfer from Nonmajor Debt Service Fund,2007,0
acfr2015,gf_revenues,365,427,Transfer from Nonmajor Debt Service Fund,2008,552006
acfr2015,gf_revenues,365,427,Transfer from Nonmajor Debt Service Fund,2009,145644
acfr2015,gf_revenues,365,427,Transfer from Nonmajor Debt Service Fund,2010,124968
acfr2015,gf_revenues,365,427,Transfer from Nonmajor Debt Service Fund,2011,177755
acfr2015,gf_revenues,365,427,Transfer from Nonmajor Debt Service Fund,2012,209446
acfr2015,gf_revenues,365,427,Transfer from Nonmajor Debt Service Fund,2013,229538
acfr2015,gf_revenues,365,427,Transfer from Nonmajor Debt Service Fund,2014,245700
acfr2015,gf_revenues,365,427,Transfer from Nonmajor Debt Service Fund,2015,229949
acfr2015,gf_revenues,365,428,Total Revenues,2006,54003717
acfr2015,gf_revenues,365,428,Total Revenues,2007,58772970
acfr2015,gf_revenues,365,428,Total Revenues,2008,61975523
acfr2015,gf_revenues,365,428,Total Revenues,2009,60171162
acfr2015,gf_revenues,365,428,Total Revenues,2010,62813314
acfr2015,gf_revenues,365,428,Total Revenues,2011,65319897
acfr2015,gf_revenues,365,428,Total Revenues,2012,66981665
acfr2015,gf_revenues,365,428,Total Revenues,2013,71029227
acfr2015,gf_revenues,365,428,Total Revenues,2014,72880530
acfr2015,gf_revenues,365,428,Total Revenues,2015,78035312
acfr2005,fund_balances,276,429,REVENUES: Real estate taxes,1996,7100360
acfr2005,fund_balances,276,429,REVENUES: Real estate taxes,1997,7290685
acfr2005,fund_balances,276,429,REVENUES: Real estate taxes,1998,7239193
acfr2005,fund_balances,276,429,REVENUES: Real estate taxes,1999,7630673
acfr2005,fund_balances,276,429,REVENUES: Real estate taxes,2000,7849962
acfr2005,fund_balances,276,429,REVENUES: Real estate taxes,2001,8245585
acfr2005,fund_balances,276,429,REVENUES: Real estate taxes,2002,8760872
acfr2005,fund_balances,276,429,REVENUES: Real estate taxes,2003,10062930
acfr2005,fund_balances,276,429,REVENUES: Real estate taxes,2004,11582328
acfr2005,fund_balances,276,429,REVENUES: Real estate taxes,2005,11615939
acfr2005,fund_balances,276,430,Sales and use taxes,1996,3110850
acfr2005,fund_balances,276,430,Sales and use taxes,1997,3346458
acfr2005,fund_balances,276,430,Sales and use taxes,1998,3523209
acfr2005,fund_balances,276,430,Sales and use taxes,1999,3825997
acfr2005,fund_balances,276,430,Sales and use taxes,2000,4159943
acfr2005,fund_balances,276,430,Sales and use taxes,2001,4195594
acfr2005,fund_balances,276,430,Sales and use taxes,2002,3957386
acfr2005,fund_balances,276,430,Sales and use taxes,2003,4321464
acfr2005,fund_balances,276,430,Sales and use taxes,2004,5081287
acfr2005,fund_balances,276,430,Sales and use taxes,2005,5822751
acfr2005,fund_balances,276,431,Personal income tax,1996,6807762
acfr2005,fund_balances,276,431,Personal income tax,1997,7567224
acfr2005,fund_balances,276,431,Personal income tax,1998,5152936
acfr2005,fund_balances,276,431,Personal income tax,1999,5527827
acfr2005,fund_balances,276,431,Personal income tax,2000,5611710
acfr2005,fund_balances,276,431,Personal income tax,2001,6164516
acfr2005,fund_balances,276,431,Personal income tax,2002,5005606
acfr2005,fund_balances,276,431,Personal income tax,2003,5029749
acfr2005,fund_balances,276,431,Personal income tax,2004,6068475
acfr2005,fund_balances,276,431,Personal income tax,2005,7200060
acfr2005,fund_balances,276,432,"Income taxes, other",1996,0
acfr2005,fund_balances,276,432,"Income taxes, other",1997,0
acfr2005,fund_balances,276,432,"Income taxes, other",1998,3393756
acfr2005,fund_balances,276,432,"Income taxes, other",1999,3218165
acfr2005,fund_balances,276,432,"Income taxes, other",2000,3589023
acfr2005,fund_balances,276,432,"Income taxes, other",2001,3685224
acfr2005,fund_balances,276,432,"Income taxes, other",2002,3192084
acfr2005,fund_balances,276,432,"Income taxes, other",2003,3137916
acfr2005,fund_balances,276,432,"Income taxes, other",2004,3690835
acfr2005,fund_balances,276,432,"Income taxes, other",2005,4640541
acfr2005,fund_balances,276,433,Other taxes,1996,1120931
acfr2005,fund_balances,276,433,Other taxes,1997,1093761
acfr2005,fund_balances,276,433,Other taxes,1998,1116703
acfr2005,fund_balances,276,433,Other taxes,1999,1224987
acfr2005,fund_balances,276,433,Other taxes,2000,1295458
acfr2005,fund_balances,276,433,Other taxes,2001,1327058
acfr2005,fund_balances,276,433,Other taxes,2002,1252537
acfr2005,fund_balances,276,433,Other taxes,2003,1345142
acfr2005,fund_balances,276,433,Other taxes,2004,1798313
acfr2005,fund_balances,276,433,Other taxes,2005,2130072
acfr2005,fund_balances,276,434,"Federal, State and other categorical aid",1996,11142358
acfr2005,fund_balances,276,434,"Federal, State and other categorical aid",1997,11118053
acfr2005,fund_balances,276,434,"Federal, State and other categorical aid",1998,11385764
acfr2005,fund_balances,276,434,"Federal, State and other categorical aid",1999,11580800
acfr2005,fund_balances,276,434,"Federal, State and other categorical aid",2000,12217907
acfr2005,fund_balances,276,434,"Federal, State and other categorical aid",2001,13119042
acfr2005,fund_balances,276,434,"Federal, State and other categorical aid",2002,15035121
acfr2005,fund_balances,276,434,"Federal, State and other categorical aid",2003,15203732
acfr2005,fund_balances,276,434,"Federal, State and other categorical aid",2004,15227762
acfr2005,fund_balances,276,434,"Federal, State and other categorical aid",2005,16936023
acfr2005,fund_balances,276,435,Unrestricted Federal and State aid,1996,620806
acfr2005,fund_balances,276,435,Unrestricted Federal and State aid,1997,653569
acfr2005,fund_balances,276,435,Unrestricted Federal and State aid,1998,621676
acfr2005,fund_balances,276,435,Unrestricted Federal and State aid,1999,652343
acfr2005,fund_balances,276,435,Unrestricted Federal and State aid,2000,631224
acfr2005,fund_balances,276,435,Unrestricted Federal and State aid,2001,634380
acfr2005,fund_balances,276,435,Unrestricted Federal and State aid,2002,665820
acfr2005,fund_balances,276,435,Unrestricted Federal and State aid,2003,1442813
acfr2005,fund_balances,276,435,Unrestricted Federal and State aid,2004,963445
acfr2005,fund_balances,276,435,Unrestricted Federal and State aid,2005,603500
acfr2005,fund_balances,276,436,Charges for services,1996,1312440
acfr2005,fund_balances,276,436,Charges for services,1997,1364083
acfr2005,fund_balances,276,436,Charges for services,1998,1421455
acfr2005,fund_balances,276,436,Charges for services,1999,1353164
acfr2005,fund_balances,276,436,Charges for services,2000,1400506
acfr2005,fund_balances,276,436,Charges for services,2001,1460891
acfr2005,fund_balances,276,436,Charges for services,2002,1458393
acfr2005,fund_balances,276,436,Charges for services,2003,1481382
acfr2005,fund_balances,276,436,Charges for services,2004,1602899
acfr2005,fund_balances,276,436,Charges for services,2005,2479372
acfr2005,fund_balances,276,437,Tobacco settlement,1996,0
acfr2005,fund_balances,276,437,Tobacco settlement,1997,0
acfr2005,fund_balances,276,437,Tobacco settlement,1998,0
acfr2005,fund_balances,276,437,Tobacco settlement,1999,0
acfr2005,fund_balances,276,437,Tobacco settlement,2000,274923
acfr2005,fund_balances,276,437,Tobacco settlement,2001,204328
acfr2005,fund_balances,276,437,Tobacco settlement,2002,256612
acfr2005,fund_balances,276,437,Tobacco settlement,2003,252843
acfr2005,fund_balances,276,437,Tobacco settlement,2004,213726
acfr2005,fund_balances,276,437,Tobacco settlement,2005,216920
acfr2005,fund_balances,276,438,Investment income,1996,0
acfr2005,fund_balances,276,438,Investment income,1997,0
acfr2005,fund_balances,276,438,Investment income,1998,0
acfr2005,fund_balances,276,438,Investment income,1999,718213
acfr2005,fund_balances,276,438,Investment income,2000,294576
acfr2005,fund_balances,276,438,Investment income,2001,347158
acfr2005,fund_balances,276,438,Investment income,2002,150111
acfr2005,fund_balances,276,438,Investment income,2003,89080
acfr2005,fund_balances,276,438,Investment income,2004,46543
acfr2005,fund_balances,276,438,Investment income,2005,219881
acfr2005,fund_balances,276,439,"Interest on mortgages, net",1996,0
acfr2005,fund_balances,276,439,"Interest on mortgages, net",1997,0
acfr2005,fund_balances,276,439,"Interest on mortgages, net",1998,0
acfr2005,fund_balances,276,439,"Interest on mortgages, net",1999,0
acfr2005,fund_balances,276,439,"Interest on mortgages, net",2000,7516
acfr2005,fund_balances,276,439,"Interest on mortgages, net",2001,6329
acfr2005,fund_balances,276,439,"Interest on mortgages, net",2002,5011
acfr2005,fund_balances,276,439,"Interest on mortgages, net",2003,3981
acfr2005,fund_balances,276,439,"Interest on mortgages, net",2004,5474
acfr2005,fund_balances,276,439,"Interest on mortgages, net",2005,3743
acfr2005,fund_balances,276,440,Unrealized loss on 249 investment,1996,0
acfr2005,fund_balances,276,440,Unrealized loss on 249 investment,1997,0
acfr2005,fund_balances,276,440,Unrealized loss on 249 investment,1998,0
acfr2005,fund_balances,276,440,Unrealized loss on 249 investment,1999,0
acfr2005,fund_balances,276,440,Unrealized loss on 249 investment,2000,0
acfr2005,fund_balances,276,440,Unrealized loss on 249 investment,2001,0
acfr2005,fund_balances,276,440,Unrealized loss on 249 investment,2002,0
acfr2005,fund_balances,276,440,Unrealized loss on 249 investment,2003,0
acfr2005,fund_balances,276,440,Unrealized loss on 249 investment,2004,-9044
acfr2005,fund_balances,276,440,Unrealized loss on 249 investment,2005,-1182
acfr2005,fund_balances,276,441,Other interest income,1996,0
acfr2005,fund_balances,276,441,Other interest income,1997,0
acfr2005,fund_balances,276,441,Other interest income,1998,0
acfr2005,fund_balances,276,441,Other interest income,1999,0
acfr2005,fund_balances,276,441,Other interest income,2000,5719
acfr2005,fund_balances,276,441,Other interest income,2001,0
acfr2005,fund_balances,276,441,Other interest income,2002,0
acfr2005,fund_balances,276,441,Other interest income,2003,0
acfr2005,fund_balances,276,441,Other interest income,2004,0
acfr2005,fund_balances,276,441,Other interest income,2005,0
acfr2005,fund_balances,276,442,Other revenues,1996,2443597
acfr2005,fund_balances,276,442,Other revenues,1997,2759672
acfr2005,fund_balances,276,442,Other revenues,1998,2250971
acfr2005,fund_balances,276,442,Other revenues,1999,2435951
acfr2005,fund_balances,276,442,Other revenues,2000,2065295
acfr2005,fund_balances,276,442,Other revenues,2001,2837138
acfr2005,fund_balances,276,442,Other revenues,2002,2804426
acfr2005,fund_balances,276,442,Other revenues,2003,2721672
acfr2005,fund_balances,276,442,Other revenues,2004,3265536
acfr2005,fund_balances,276,442,Other revenues,2005,3457253
acfr2005,fund_balances,276,443,Total revenues,1996,33659104
acfr2005,fund_balances,276,443,Total revenues,1997,35193505
acfr2005,fund_balances,276,443,Total revenues,1998,36105663
acfr2005,fund_balances,276,443,Total revenues,1999,38168120
acfr2005,fund_balances,276,443,Total revenues,2000,39403762
acfr2005,fund_balances,276,443,Total revenues,2001,42227243
acfr2005,fund_balances,276,443,Total revenues,2002,42543979
acfr2005,fund_balances,276,443,Total revenues,2003,45092704
acfr2005,fund_balances,276,443,Total revenues,2004,49537579
acfr2005,fund_balances,276,443,Total revenues,2005,55324873
acfr2005,fund_balances,276,444,EXPENDITURES: General government,1996,854884
acfr2005,fund_balances,276,444,EXPENDITURES: General government,1997,846778
acfr2005,fund_balances,276,444,EXPENDITURES: General government,1998,884801
acfr2005,fund_balances,276,444,EXPENDITURES: General government,1999,925886
acfr2005,fund_balances,276,444,EXPENDITURES: General government,2000,1443041
acfr2005,fund_balances,276,444,EXPENDITURES: General government,2001,1675025
acfr2005,fund_balances,276,444,EXPENDITURES: General government,2002,2399885
acfr2005,fund_balances,276,444,EXPENDITURES: General government,2003,1881248
acfr2005,fund_balances,276,444,EXPENDITURES: General government,2004,1974354
acfr2005,fund_balances,276,444,EXPENDITURES: General government,2005,3105156
acfr2005,fund_balances,276,445,Public safety and judicial,1996,4445658
acfr2005,fund_balances,276,445,Public safety and judicial,1997,4727205
acfr2005,fund_balances,276,445,Public safety and judicial,1998,4945534
acfr2005,fund_balances,276,445,Public safety and judicial,1999,5317541
acfr2005,fund_balances,276,445,Public safety and judicial,2000,6171545
acfr2005,fund_balances,276,445,Public safety and judicial,2001,6111212
acfr2005,fund_balances,276,445,Public safety and judicial,2002,7290772
acfr2005,fund_balances,276,445,Public safety and judicial,2003,6493918
acfr2005,fund_balances,276,445,Public safety and judicial,2004,6366694
acfr2005,fund_balances,276,445,Public safety and judicial,2005,7502776
acfr2005,fund_balances,276,446,Education,1996,7835002
acfr2005,fund_balances,276,446,Education,1997,8085127
acfr2005,fund_balances,276,446,Education,1998,8812494
acfr2005,fund_balances,276,446,Education,1999,9478352
acfr2005,fund_balances,276,446,Education,2000,11789587
acfr2005,fund_balances,276,446,Education,2001,13248411
acfr2005,fund_balances,276,446,Education,2002,13480872
acfr2005,fund_balances,276,446,Education,2003,14024704
acfr2005,fund_balances,276,446,Education,2004,14248479
acfr2005,fund_balances,276,446,Education,2005,14747204
acfr2005,fund_balances,276,447,City University,1996,347715
acfr2005,fund_balances,276,447,City University,1997,354056
acfr2005,fund_balances,276,447,City University,1998,363997
acfr2005,fund_balances,276,447,City University,1999,376943
acfr2005,fund_balances,276,447,City University,2000,398177
acfr2005,fund_balances,276,447,City University,2001,401974
acfr2005,fund_balances,276,447,City University,2002,428480
acfr2005,fund_balances,276,447,City University,2003,456417
acfr2005,fund_balances,276,447,City University,2004,508887
acfr2005,fund_balances,276,447,City University,2005,581655
acfr2005,fund_balances,276,448,Social services,1996,7901581
acfr2005,fund_balances,276,448,Social services,1997,7748606
acfr2005,fund_balances,276,448,Social services,1998,7785697
acfr2005,fund_balances,276,448,Social services,1999,7891625
acfr2005,fund_balances,276,448,Social services,2000,8468165
acfr2005,fund_balances,276,448,Social services,2001,8878962
acfr2005,fund_balances,276,448,Social services,2002,9203914
acfr2005,fund_balances,276,448,Social services,2003,9401895
acfr2005,fund_balances,276,448,Social services,2004,9762125
acfr2005,fund_balances,276,448,Social services,2005,10386332
acfr2005,fund_balances,276,449,Environmental protection,1996,1138363
acfr2005,fund_balances,276,449,Environmental protection,1997,1116699
acfr2005,fund_balances,276,449,Environmental protection,1998,1266500
acfr2005,fund_balances,276,449,Environmental protection,1999,1241171
acfr2005,fund_balances,276,449,Environmental protection,2000,2313180
acfr2005,fund_balances,276,449,Environmental protection,2001,2536507
acfr2005,fund_balances,276,449,Environmental protection,2002,2824480
acfr2005,fund_balances,276,449,Environmental protection,2003,3053724
acfr2005,fund_balances,276,449,Environmental protection,2004,3442433
acfr2005,fund_balances,276,449,Environmental protection,2005,3544814
acfr2005,fund_balances,276,450,Transportation services,1996,731890
acfr2005,fund_balances,276,450,Transportation services,1997,600769
acfr2005,fund_balances,276,450,Transportation services,1998,758849
acfr2005,fund_balances,276,450,Transportation services,1999,682994
acfr2005,fund_balances,276,450,Transportation services,2000,1669896
acfr2005,fund_balances,276,450,Transportation services,2001,1605359
acfr2005,fund_balances,276,450,Transportation services,2002,1593460
acfr2005,fund_balances,276,450,Transportation services,2003,2201392
acfr2005,fund_balances,276,450,Transportation services,2004,1801729
acfr2005,fund_balances,276,450,Transportation services,2005,1902688
acfr2005,fund_balances,276,451,"Parks, recreation and cultural activities",1996,244288
acfr2005,fund_balances,276,451,"Parks, recreation and cultural activities",1997,235795
acfr2005,fund_balances,276,451,"Parks, recreation and cultural activities",1998,259588
acfr2005,fund_balances,276,451,"Parks, recreation and cultural activities",1999,264787
acfr2005,fund_balances,276,451,"Parks, recreation and cultural activities",2000,550587
acfr2005,fund_balances,276,451,"Parks, recreation and cultural activities",2001,573058
acfr2005,fund_balances,276,451,"Parks, recreation and cultural activities",2002,674602
acfr2005,fund_balances,276,451,"Parks, recreation and cultural activities",2003,653990
acfr2005,fund_balances,276,451,"Parks, recreation and cultural activities",2004,645100
acfr2005,fund_balances,276,451,"Parks, recreation and cultural activities",2005,660255
acfr2005,fund_balances,276,452,Housing,1996,454664
acfr2005,fund_balances,276,452,Housing,1997,455585
acfr2005,fund_balances,276,452,Housing,1998,443553
acfr2005,fund_balances,276,452,Housing,1999,429861
acfr2005,fund_balances,276,452,Housing,2000,722770
acfr2005,fund_balances,276,452,Housing,2001,891532
acfr2005,fund_balances,276,452,Housing,2002,820668
acfr2005,fund_balances,276,452,Housing,2003,738366
acfr2005,fund_balances,276,452,Housing,2004,808268
acfr2005,fund_balances,276,452,Housing,2005,854912
acfr2005,fund_balances,276,453,Health (including payments to HHC),1996,1828756
acfr2005,fund_balances,276,453,Health (including payments to HHC),1997,1448483
acfr2005,fund_balances,276,453,Health (including payments to HHC),1998,1552726
acfr2005,fund_balances,276,453,Health (including payments to HHC),1999,1650989
acfr2005,fund_balances,276,453,Health (including payments to HHC),2000,1852857
acfr2005,fund_balances,276,453,Health (including payments to HHC),2001,2019510
acfr2005,fund_balances,276,453,Health (including payments to HHC),2002,2242730
acfr2005,fund_balances,276,453,Health (including payments to HHC),2003,2356544
acfr2005,fund_balances,276,453,Health (including payments to HHC),2004,2506602
acfr2005,fund_balances,276,453,Health (including payments to HHC),2005,2808769
acfr2005,fund_balances,277,454,Libraries,1996,252999
acfr2005,fund_balances,277,454,Libraries,1997,107577
acfr2005,fund_balances,277,454,Libraries,1998,202050
acfr2005,fund_balances,277,454,Libraries,1999,212243
acfr2005,fund_balances,277,454,Libraries,2000,253468
acfr2005,fund_balances,277,454,Libraries,2001,399615
acfr2005,fund_balances,277,454,Libraries,2002,158450
acfr2005,fund_balances,277,454,Libraries,2003,386856
acfr2005,fund_balances,277,454,Libraries,2004,285317
acfr2005,fund_balances,277,454,Libraries,2005,423990
acfr2005,fund_balances,277,455,Pensions,1996,1356476
acfr2005,fund_balances,277,455,Pensions,1997,1318556
acfr2005,fund_balances,277,455,Pensions,1998,1408604
acfr2005,fund_balances,277,455,Pensions,1999,1342415
acfr2005,fund_balances,277,455,Pensions,2000,615085
acfr2005,fund_balances,277,455,Pensions,2001,1127129
acfr2005,fund_balances,277,455,Pensions,2002,1391896
acfr2005,fund_balances,277,455,Pensions,2003,1630581
acfr2005,fund_balances,277,455,Pensions,2004,2308370
acfr2005,fund_balances,277,455,Pensions,2005,3233826
acfr2005,fund_balances,277,456,Judgments and claims,1996,308663
acfr2005,fund_balances,277,456,Judgments and claims,1997,326293
acfr2005,fund_balances,277,456,Judgments and claims,1998,386127
acfr2005,fund_balances,277,456,Judgments and claims,1999,424305
acfr2005,fund_balances,277,456,Judgments and claims,2000,490669
acfr2005,fund_balances,277,456,Judgments and claims,2001,594846
acfr2005,fund_balances,277,456,Judgments and claims,2002,521834
acfr2005,fund_balances,277,456,Judgments and claims,2003,626916
acfr2005,fund_balances,277,456,Judgments and claims,2004,591001
acfr2005,fund_balances,277,456,Judgments and claims,2005,590294
acfr2005,fund_balances,277,457,Fringe benefits and other benefit claims,1996,1581649
acfr2005,fund_balances,277,457,Fringe benefits and other benefit claims,1997,1732249
acfr2005,fund_balances,277,457,Fringe benefits and other benefit claims,1998,1811089
acfr2005,fund_balances,277,457,Fringe benefits and other benefit claims,1999,1824980
acfr2005,fund_balances,277,457,Fringe benefits and other benefit claims,2000,2065166
acfr2005,fund_balances,277,457,Fringe benefits and other benefit claims,2001,2200117
acfr2005,fund_balances,277,457,Fringe benefits and other benefit claims,2002,2426143
acfr2005,fund_balances,277,457,Fringe benefits and other benefit claims,2003,2606860
acfr2005,fund_balances,277,457,Fringe benefits and other benefit claims,2004,2755010
acfr2005,fund_balances,277,457,Fringe benefits and other benefit claims,2005,2947681
acfr2005,fund_balances,277,458,Administrative and other,1996,223812
acfr2005,fund_balances,277,458,Administrative and other,1997,274666
acfr2005,fund_balances,277,458,Administrative and other,1998,377837
acfr2005,fund_balances,277,458,Administrative and other,1999,161085
acfr2005,fund_balances,277,458,Administrative and other,2000,-19270
acfr2005,fund_balances,277,458,Administrative and other,2001,337510
acfr2005,fund_balances,277,458,Administrative and other,2002,400036
acfr2005,fund_balances,277,458,Administrative and other,2003,517027
acfr2005,fund_balances,277,458,Administrative and other,2004,514007
acfr2005,fund_balances,277,458,Administrative and other,2005,170000
acfr2005,fund_balances,277,459,Capital Projects,1996,3795586
acfr2005,fund_balances,277,459,Capital Projects,1997,3858578
acfr2005,fund_balances,277,459,Capital Projects,1998,4151385
acfr2005,fund_balances,277,459,Capital Projects,1999,4840520
acfr2005,fund_balances,277,459,Capital Projects,2000,0
acfr2005,fund_balances,277,459,Capital Projects,2001,0
acfr2005,fund_balances,277,459,Capital Projects,2002,0
acfr2005,fund_balances,277,459,Capital Projects,2003,0
acfr2005,fund_balances,277,459,Capital Projects,2004,0
acfr2005,fund_balances,277,459,Capital Projects,2005,1055044
acfr2005,fund_balances,277,460,Debt Service: Interest,1996,1717075
acfr2005,fund_balances,277,460,Debt Service: Interest,1997,1775053
acfr2005,fund_balances,277,460,Debt Service: Interest,1998,1723787
acfr2005,fund_balances,277,460,Debt Service: Interest,1999,1759820
acfr2005,fund_balances,277,460,Debt Service: Interest,2000,1874806
acfr2005,fund_balances,277,460,Debt Service: Interest,2001,2027356
acfr2005,fund_balances,277,460,Debt Service: Interest,2002,1959370
acfr2005,fund_balances,277,460,Debt Service: Interest,2003,2004513
acfr2005,fund_balances,277,460,Debt Service: Interest,2004,2108948
acfr2005,fund_balances,277,460,Debt Service: Interest,2005,2083463
acfr2005,fund_balances,277,461,Redemptions,1996,1278565
acfr2005,fund_balances,277,461,Redemptions,1997,1329141
acfr2005,fund_balances,277,461,Redemptions,1998,1295426
acfr2005,fund_balances,277,461,Redemptions,1999,1274217
acfr2005,fund_balances,277,461,Redemptions,2000,1498540
acfr2005,fund_balances,277,461,Redemptions,2001,1709428
acfr2005,fund_balances,277,461,Redemptions,2002,1797343
acfr2005,fund_balances,277,461,Redemptions,2003,1901925
acfr2005,fund_balances,277,461,Redemptions,2004,2047572
acfr2005,fund_balances,277,461,Redemptions,2005,2016317
acfr2005,fund_balances,277,462,Lease Payments,1996,60325
acfr2005,fund_balances,277,462,Lease Payments,1997,98279
acfr2005,fund_balances,277,462,Lease Payments,1998,176002
acfr2005,fund_balances,277,462,Lease Payments,1999,88105
acfr2005,fund_balances,277,462,Lease Payments,2000,158907
acfr2005,fund_balances,277,462,Lease Payments,2001,98490
acfr2005,fund_balances,277,462,Lease Payments,2002,107285
acfr2005,fund_balances,277,462,Lease Payments,2003,188990
acfr2005,fund_balances,277,462,Lease Payments,2004,134597
acfr2005,fund_balances,277,462,Lease Payments,2005,204654
acfr2005,fund_balances,277,463,Refunding Escrow,1996,6670
acfr2005,fund_balances,277,463,Refunding Escrow,1997,166030
acfr2005,fund_balances,277,463,Refunding Escrow,1998,302506
acfr2005,fund_balances,277,463,Refunding Escrow,1999,107042
acfr2005,fund_balances,277,463,Refunding Escrow,2000,16818
acfr2005,fund_balances,277,463,Refunding Escrow,2001,46182
acfr2005,fund_balances,277,463,Refunding Escrow,2002,3804
acfr2005,fund_balances,277,463,Refunding Escrow,2003,4449
acfr2005,fund_balances,277,463,Refunding Escrow,2004,3050
acfr2005,fund_balances,277,463,Refunding Escrow,2005,0
acfr2005,fund_balances,277,464,Total expenditures,1996,36364621
acfr2005,fund_balances,277,464,Total expenditures,1997,36605525
acfr2005,fund_balances,277,464,Total expenditures,1998,38908552
acfr2005,fund_balances,277,464,Total expenditures,1999,40294881
acfr2005,fund_balances,277,464,Total expenditures,2000,42333994
acfr2005,fund_balances,277,464,Total expenditures,2001,46482223
acfr2005,fund_balances,277,464,Total expenditures,2002,49726024
acfr2005,fund_balances,277,464,Total expenditures,2003,51130315
acfr2005,fund_balances,277,464,Total expenditures,2004,52812543
acfr2005,fund_balances,277,464,Total expenditures,2005,58819830
acfr2005,fund_balances,277,465,Deficiency of revenues 250 over expenditures,1996,-2705517
acfr2005,fund_balances,277,465,Deficiency of revenues 250 over expenditures,1997,-1412020
acfr2005,fund_balances,277,465,Deficiency of revenues 250 over expenditures,1998,-2802889
acfr2005,fund_balances,277,465,Deficiency of revenues 250 over expenditures,1999,-2126761
acfr2005,fund_balances,277,465,Deficiency of revenues 250 over expenditures,2000,-2930232
acfr2005,fund_balances,277,465,Deficiency of revenues 250 over expenditures,2001,-4254980
acfr2005,fund_balances,277,465,Deficiency of revenues 250 over expenditures,2002,-7182045
acfr2005,fund_balances,277,465,Deficiency of revenues 250 over expenditures,2003,-6037611
acfr2005,fund_balances,277,465,Deficiency of revenues 250 over expenditures,2004,-3274964
acfr2005,fund_balances,277,465,Deficiency of revenues 250 over expenditures,2005,-3494957
acfr2005,fund_balances,277,466,OTHER FINANCING SOURCES Transfers from General Fund,1996,2484825
acfr2005,fund_balances,277,466,OTHER FINANCING SOURCES Transfers from General Fund,1997,4306888
acfr2005,fund_balances,277,466,OTHER FINANCING SOURCES Transfers from General Fund,1998,3511188
acfr2005,fund_balances,277,466,OTHER FINANCING SOURCES Transfers from General Fund,1999,3655289
acfr2005,fund_balances,277,466,OTHER FINANCING SOURCES Transfers from General Fund,2000,3800110
acfr2005,fund_balances,277,466,OTHER FINANCING SOURCES Transfers from General Fund,2001,2848703
acfr2005,fund_balances,277,466,OTHER FINANCING SOURCES Transfers from General Fund,2002,825039
acfr2005,fund_balances,277,466,OTHER FINANCING SOURCES Transfers from General Fund,2003,1274811
acfr2005,fund_balances,277,466,OTHER FINANCING SOURCES Transfers from General Fund,2004,4431161
acfr2005,fund_balances,277,466,OTHER FINANCING SOURCES Transfers from General Fund,2005,4444647
acfr2005,fund_balances,277,467,Transfers from (to) Nonmajor Capital Project Funds,1996,0
acfr2005,fund_balances,277,467,Transfers from (to) Nonmajor Capital Project Funds,1997,0
acfr2005,fund_balances,277,467,Transfers from (to) Nonmajor Capital Project Funds,1998,0
acfr2005,fund_balances,277,467,Transfers from (to) Nonmajor Capital Project Funds,1999,0
acfr2005,fund_balances,277,467,Transfers from (to) Nonmajor Capital Project Funds,2000,115730
acfr2005,fund_balances,277,467,Transfers from (to) Nonmajor Capital Project Funds,2001,56847
acfr2005,fund_balances,277,467,Transfers from (to) Nonmajor Capital Project Funds,2002,457832
acfr2005,fund_balances,277,467,Transfers from (to) Nonmajor Capital Project Funds,2003,1778798
acfr2005,fund_balances,277,467,Transfers from (to) Nonmajor Capital Project Funds,2004,-5068
acfr2005,fund_balances,277,467,Transfers from (to) Nonmajor Capital Project Funds,2005,11703
acfr2005,fund_balances,277,468,Proceeds from sale of bonds,1996,2552979
acfr2005,fund_balances,277,468,Proceeds from sale of bonds,1997,2522343
acfr2005,fund_balances,277,468,Proceeds from sale of bonds,1998,2686701
acfr2005,fund_balances,277,468,Proceeds from sale of bonds,1999,3609732
acfr2005,fund_balances,277,468,Proceeds from sale of bonds,2000,3125230
acfr2005,fund_balances,277,468,Proceeds from sale of bonds,2001,2844665
acfr2005,fund_balances,277,468,Proceeds from sale of bonds,2002,3775552
acfr2005,fund_balances,277,468,Proceeds from sale of bonds,2003,6449607
acfr2005,fund_balances,277,468,Proceeds from sale of bonds,2004,4315307
acfr2005,fund_balances,277,468,Proceeds from sale of bonds,2005,7017685
acfr2005,fund_balances,277,469,Bond premium,1996,0
acfr2005,fund_balances,277,469,Bond premium,1997,0
acfr2005,fund_balances,277,469,Bond premium,1998,0
acfr2005,fund_balances,277,469,Bond premium,1999,0
acfr2005,fund_balances,277,469,Bond premium,2000,0
acfr2005,fund_balances,277,469,Bond premium,2001,0
acfr2005,fund_balances,277,469,Bond premium,2002,0
acfr2005,fund_balances,277,469,Bond premium,2003,99167
acfr2005,fund_balances,277,469,Bond premium,2004,49902
acfr2005,fund_balances,277,469,Bond premium,2005,381464
acfr2005,fund_balances,277,470,Capitalized leases,1996,40620
acfr2005,fund_balances,277,470,Capitalized leases,1997,40788
acfr2005,fund_balances,277,470,Capitalized leases,1998,68642
acfr2005,fund_balances,277,470,Capitalized leases,1999,146634
acfr2005,fund_balances,277,470,Capitalized leases,2000,328686
acfr2005,fund_balances,277,470,Capitalized leases,2001,55251
acfr2005,fund_balances,277,470,Capitalized leases,2002,563376
acfr2005,fund_balances,277,470,Capitalized leases,2003,41918
acfr2005,fund_balances,277,470,Capitalized leases,2004,204652
acfr2005,fund_balances,277,470,Capitalized leases,2005,835900
acfr2005,fund_balances,277,471,Income from sale of rate cap,1996,0
acfr2005,fund_balances,277,471,Income from sale of rate cap,1997,0
acfr2005,fund_balances,277,471,Income from sale of rate cap,1998,0
acfr2005,fund_balances,277,471,Income from sale of rate cap,1999,0
acfr2005,fund_balances,277,471,Income from sale of rate cap,2000,0
acfr2005,fund_balances,277,471,Income from sale of rate cap,2001,0
acfr2005,fund_balances,277,471,Income from sale of rate cap,2002,23092
acfr2005,fund_balances,277,471,Income from sale of rate cap,2003,0
acfr2005,fund_balances,277,471,Income from sale of rate cap,2004,0
acfr2005,fund_balances,277,471,Income from sale of rate cap,2005,0
acfr2005,fund_balances,277,472,Refunding bond proceeds,1996,3921033
acfr2005,fund_balances,277,472,Refunding bond proceeds,1997,6369678
acfr2005,fund_balances,277,472,Refunding bond proceeds,1998,5489898
acfr2005,fund_balances,277,472,Refunding bond proceeds,1999,2050139
acfr2005,fund_balances,277,472,Refunding bond proceeds,2000,65828
acfr2005,fund_balances,277,472,Refunding bond proceeds,2001,1147335
acfr2005,fund_balances,277,472,Refunding bond proceeds,2002,1157242
acfr2005,fund_balances,277,472,Refunding bond proceeds,2003,4932380
acfr2005,fund_balances,277,472,Refunding bond proceeds,2004,4348174
acfr2005,fund_balances,277,472,Refunding bond proceeds,2005,3934629
acfr2005,fund_balances,277,473,Transfer to New York City Capital Projects Fund,1996,0
acfr2005,fund_balances,277,473,Transfer to New York City Capital Projects Fund,1997,0
acfr2005,fund_balances,277,473,Transfer to New York City Capital Projects Fund,1998,0
acfr2005,fund_balances,277,473,Transfer to New York City Capital Projects Fund,1999,0
acfr2005,fund_balances,277,473,Transfer to New York City Capital Projects Fund,2000,-182000
acfr2005,fund_balances,277,473,Transfer to New York City Capital Projects Fund,2001,0
acfr2005,fund_balances,277,473,Transfer to New York City Capital Projects Fund,2002,0
acfr2005,fund_balances,277,473,Transfer to New York City Capital Projects Fund,2003,0
acfr2005,fund_balances,277,473,Transfer to New York City Capital Projects Fund,2004,0
acfr2005,fund_balances,277,473,Transfer to New York City Capital Projects Fund,2005,0
acfr2005,fund_balances,278,474,"Transfers to General Debt Service Fund Transfers from (to) Nonmajor Debt Service Funds, net",1996,136231
acfr2005,fund_balances,278,474,"Transfers to General Debt Service Fund Transfers from (to) Nonmajor Debt Service Funds, net",1997,-278104
acfr2005,fund_balances,278,474,"Transfers to General Debt Service Fund Transfers from (to) Nonmajor Debt Service Funds, net",1998,-783744
acfr2005,fund_balances,278,474,"Transfers to General Debt Service Fund Transfers from (to) Nonmajor Debt Service Funds, net",1999,-391443
acfr2005,fund_balances,278,474,"Transfers to General Debt Service Fund Transfers from (to) Nonmajor Debt Service Funds, net",2000,-585066
acfr2005,fund_balances,278,474,"Transfers to General Debt Service Fund Transfers from (to) Nonmajor Debt Service Funds, net",2001,-37366
acfr2005,fund_balances,278,474,"Transfers to General Debt Service Fund Transfers from (to) Nonmajor Debt Service Funds, net",2002,-28469
acfr2005,fund_balances,278,474,"Transfers to General Debt Service Fund Transfers from (to) Nonmajor Debt Service Funds, net",2003,-936551
acfr2005,fund_balances,278,474,"Transfers to General Debt Service Fund Transfers from (to) Nonmajor Debt Service Funds, net",2004,-902234
acfr2005,fund_balances,278,474,"Transfers to General Debt Service Fund Transfers from (to) Nonmajor Debt Service Funds, net",2005,-639956
acfr2005,fund_balances,278,475,Payments to refunded bond escrow holder,1996,-3921033
acfr2005,fund_balances,278,475,Payments to refunded bond escrow holder,1997,-6369678
acfr2005,fund_balances,278,475,Payments to refunded bond escrow holder,1998,-5489898
acfr2005,fund_balances,278,475,Payments to refunded bond escrow holder,1999,-2050139
acfr2005,fund_balances,278,475,Payments to refunded bond escrow holder,2000,-65828
acfr2005,fund_balances,278,475,Payments to refunded bond escrow holder,2001,-1147335
acfr2005,fund_balances,278,475,Payments to refunded bond escrow holder,2002,-1157242
acfr2005,fund_balances,278,475,Payments to refunded bond escrow holder,2003,-4918984
acfr2005,fund_balances,278,475,Payments to refunded bond escrow holder,2004,-4093285
acfr2005,fund_balances,278,475,Payments to refunded bond escrow holder,2005,-5832243
acfr2005,fund_balances,278,476,Total other financing sources (uses),1996,2593599
acfr2005,fund_balances,278,476,Total other financing sources (uses),1997,2563131
acfr2005,fund_balances,278,476,Total other financing sources (uses),1998,2755343
acfr2005,fund_balances,278,476,Total other financing sources (uses),1999,3756366
acfr2005,fund_balances,278,476,Total other financing sources (uses),2000,3453916
acfr2005,fund_balances,278,476,Total other financing sources (uses),2001,2899916
acfr2005,fund_balances,278,476,Total other financing sources (uses),2002,4362020
acfr2005,fund_balances,278,476,Total other financing sources (uses),2003,6604088
acfr2005,fund_balances,278,476,Total other financing sources (uses),2004,4824750
acfr2005,fund_balances,278,476,Total other financing sources (uses),2005,6337435
acfr2005,fund_balances,278,477,Net change in fund balances (deficit),1996,-111918
acfr2005,fund_balances,278,477,Net change in fund balances (deficit),1997,1151111
acfr2005,fund_balances,278,477,Net change in fund balances (deficit),1998,-47546
acfr2005,fund_balances,278,477,Net change in fund balances (deficit),1999,1629605
acfr2005,fund_balances,278,477,Net change in fund balances (deficit),2000,523684
acfr2005,fund_balances,278,477,Net change in fund balances (deficit),2003,566477
acfr2005,fund_balances,278,477,Net change in fund balances (deficit),2004,1549786
acfr2005,fund_balances,278,477,Net change in fund balances (deficit),2005,2842478
acfr2005,fund_balances,278,478,Total Debt Service as a percent of Net Outlay: Debt Service: 251 Interest,1996,1717075
acfr2005,fund_balances,278,478,Total Debt Service as a percent of Net Outlay: Debt Service: 251 Interest,1997,1775053
acfr2005,fund_balances,278,478,Total Debt Service as a percent of Net Outlay: Debt Service: 251 Interest,1998,1723787
acfr2005,fund_balances,278,478,Total Debt Service as a percent of Net Outlay: Debt Service: 251 Interest,1999,1759820
acfr2005,fund_balances,278,478,Total Debt Service as a percent of Net Outlay: Debt Service: 251 Interest,2000,1874806
acfr2005,fund_balances,278,478,Total Debt Service as a percent of Net Outlay: Debt Service: 251 Interest,2001,2027356
acfr2005,fund_balances,278,478,Total Debt Service as a percent of Net Outlay: Debt Service: 251 Interest,2002,1959370
acfr2005,fund_balances,278,478,Total Debt Service as a percent of Net Outlay: Debt Service: 251 Interest,2003,2004513
acfr2005,fund_balances,278,478,Total Debt Service as a percent of Net Outlay: Debt Service: 251 Interest,2004,2108948
acfr2005,fund_balances,278,478,Total Debt Service as a percent of Net Outlay: Debt Service: 251 Interest,2005,2083463
acfr2005,fund_balances,278,479,Redemptions,1996,1278565
acfr2005,fund_balances,278,479,Redemptions,1997,1329141
acfr2005,fund_balances,278,479,Redemptions,1998,1295426
acfr2005,fund_balances,278,479,Redemptions,1999,1274217
acfr2005,fund_balances,278,479,Redemptions,2000,1498540
acfr2005,fund_balances,278,479,Redemptions,2001,1709428
acfr2005,fund_balances,278,479,Redemptions,2002,1797343
acfr2005,fund_balances,278,479,Redemptions,2003,1901925
acfr2005,fund_balances,278,479,Redemptions,2004,2047572
acfr2005,fund_balances,278,479,Redemptions,2005,2016317
acfr2005,fund_balances,278,480,Total Debt Service,1996,2995640
acfr2005,fund_balances,278,480,Total Debt Service,1997,3104194
acfr2005,fund_balances,278,480,Total Debt Service,1998,3019213
acfr2005,fund_balances,278,480,Total Debt Service,1999,3034037
acfr2005,fund_balances,278,480,Total Debt Service,2000,3373346
acfr2005,fund_balances,278,480,Total Debt Service,2001,3736784
acfr2005,fund_balances,278,480,Total Debt Service,2002,3756713
acfr2005,fund_balances,278,480,Total Debt Service,2003,3906438
acfr2005,fund_balances,278,480,Total Debt Service,2004,4156520
acfr2005,fund_balances,278,480,Total Debt Service,2005,4099780
acfr2005,fund_balances,278,481,Total Expenditures (Governmental Funds),1996,36364621
acfr2005,fund_balances,278,481,Total Expenditures (Governmental Funds),1997,36605525
acfr2005,fund_balances,278,481,Total Expenditures (Governmental Funds),1998,38908552
acfr2005,fund_balances,278,481,Total Expenditures (Governmental Funds),1999,40294881
acfr2005,fund_balances,278,481,Total Expenditures (Governmental Funds),2000,42333994
acfr2005,fund_balances,278,481,Total Expenditures (Governmental Funds),2001,46482223
acfr2005,fund_balances,278,481,Total Expenditures (Governmental Funds),2002,49726024
acfr2005,fund_balances,278,481,Total Expenditures (Governmental Funds),2003,51130315
acfr2005,fund_balances,278,481,Total Expenditures (Governmental Funds),2004,52812543
acfr2005,fund_balances,278,481,Total Expenditures (Governmental Funds),2005,58819830
acfr2005,fund_balances,278,482,Less Capital Outlays (New York City Capital Projects Fund Expenditures),1996,3795586
acfr2005,fund_balances,278,482,Less Capital Outlays (New York City Capital Projects Fund Expenditures),1997,3858578
acfr2005,fund_balances,278,482,Less Capital Outlays (New York City Capital Projects Fund Expenditures),1998,4151385
acfr2005,fund_balances,278,482,Less Capital Outlays (New York City Capital Projects Fund Expenditures),1999,4840320
acfr2005,fund_balances,278,482,Less Capital Outlays (New York City Capital Projects Fund Expenditures),2000,4842614
acfr2005,fund_balances,278,482,Less Capital Outlays (New York City Capital Projects Fund Expenditures),2001,5318236
acfr2005,fund_balances,278,482,Less Capital Outlays (New York City Capital Projects Fund Expenditures),2002,6333885
acfr2005,fund_balances,278,482,Less Capital Outlays (New York City Capital Projects Fund Expenditures),2003,5804602
acfr2005,fund_balances,278,482,Less Capital Outlays (New York City Capital Projects Fund Expenditures),2004,5769389
acfr2005,fund_balances,278,482,Less Capital Outlays (New York City Capital Projects Fund Expenditures),2005,6650524
acfr2005,fund_balances,278,483,Net Outlay,1996,32569035
acfr2005,fund_balances,278,483,Net Outlay,1997,32746947
acfr2005,fund_balances,278,483,Net Outlay,1998,34757167
acfr2005,fund_balances,278,483,Net Outlay,1999,35454561
acfr2005,fund_balances,278,483,Net Outlay,2000,37491380
acfr2005,fund_balances,278,483,Net Outlay,2001,41163987
acfr2005,fund_balances,278,483,Net Outlay,2002,43392139
acfr2005,fund_balances,278,483,Net Outlay,2003,45325713
acfr2005,fund_balances,278,483,Net Outlay,2004,47043154
acfr2005,fund_balances,278,483,Net Outlay,2005,52169306
acfr2005,fund_balances,278,484,Total Debt Service,1996,2995640
acfr2005,fund_balances,278,484,Total Debt Service,1997,3104194
acfr2005,fund_balances,278,484,Total Debt Service,1998,3019213
acfr2005,fund_balances,278,484,Total Debt Service,1999,3034037
acfr2005,fund_balances,278,484,Total Debt Service,2000,3373346
acfr2005,fund_balances,278,484,Total Debt Service,2001,3736784
acfr2005,fund_balances,278,484,Total Debt Service,2002,3756713
acfr2005,fund_balances,278,484,Total Debt Service,2003,3906438
acfr2005,fund_balances,278,484,Total Debt Service,2004,4156520
acfr2005,fund_balances,278,484,Total Debt Service,2005,4099780
acfr2005,fund_balances,278,485,Net Outlay,1996,32569035
acfr2005,fund_balances,278,485,Net Outlay,1997,32746947
acfr2005,fund_balances,278,485,Net Outlay,1998,34757167
acfr2005,fund_balances,278,485,Net Outlay,1999,35454561
acfr2005,fund_balances,278,485,Net Outlay,2000,37491380
acfr2005,fund_balances,278,485,Net Outlay,2001,41163987
acfr2005,fund_balances,278,485,Net Outlay,2002,43392139
acfr2005,fund_balances,278,485,Net Outlay,2003,45325713
acfr2005,fund_balances,278,485,Net Outlay,2004,47043154
acfr2005,fund_balances,278,485,Net Outlay,2005,52169306
acfr2005,gf_revenues,279,486,TAXES (Net of Refunds): Real Estate Taxes,1996,7100360
acfr2005,gf_revenues,279,486,TAXES (Net of Refunds): Real Estate Taxes,1997,7290685
acfr2005,gf_revenues,279,486,TAXES (Net of Refunds): Real Estate Taxes,1998,7239193
acfr2005,gf_revenues,279,486,TAXES (Net of Refunds): Real Estate Taxes,1999,7630673
acfr2005,gf_revenues,279,486,TAXES (Net of Refunds): Real Estate Taxes,2000,7849962
acfr2005,gf_revenues,279,486,TAXES (Net of Refunds): Real Estate Taxes,2001,8245585
acfr2005,gf_revenues,279,486,TAXES (Net of Refunds): Real Estate Taxes,2002,8760873
acfr2005,gf_revenues,279,486,TAXES (Net of Refunds): Real Estate Taxes,2003,10062929
acfr2005,gf_revenues,279,486,TAXES (Net of Refunds): Real Estate Taxes,2004,11582328
acfr2005,gf_revenues,279,486,TAXES (Net of Refunds): Real Estate Taxes,2005,11615939
acfr2005,gf_revenues,279,487,Sales and Use Taxes (Net of Refunds): General Sales,1996,2742206
acfr2005,gf_revenues,279,487,Sales and Use Taxes (Net of Refunds): General Sales,1997,2937083
acfr2005,gf_revenues,279,487,Sales and Use Taxes (Net of Refunds): General Sales,1998,3069378
acfr2005,gf_revenues,279,487,Sales and Use Taxes (Net of Refunds): General Sales,1999,3204138
acfr2005,gf_revenues,279,487,Sales and Use Taxes (Net of Refunds): General Sales,2000,3525610
acfr2005,gf_revenues,279,487,Sales and Use Taxes (Net of Refunds): General Sales,2001,3678734
acfr2005,gf_revenues,279,487,Sales and Use Taxes (Net of Refunds): General Sales,2002,3373354
acfr2005,gf_revenues,279,487,Sales and Use Taxes (Net of Refunds): General Sales,2003,3550673
acfr2005,gf_revenues,279,487,Sales and Use Taxes (Net of Refunds): General Sales,2004,4042486
acfr2005,gf_revenues,279,487,Sales and Use Taxes (Net of Refunds): General Sales,2005,4375119
acfr2005,gf_revenues,279,488,Cigarette,1996,34208
acfr2005,gf_revenues,279,488,Cigarette,1997,32942
acfr2005,gf_revenues,279,488,Cigarette,1998,33728
acfr2005,gf_revenues,279,488,Cigarette,1999,32907
acfr2005,gf_revenues,279,488,Cigarette,2000,31117
acfr2005,gf_revenues,279,488,Cigarette,2001,27901
acfr2005,gf_revenues,279,488,Cigarette,2002,27441
acfr2005,gf_revenues,279,488,Cigarette,2003,158466
acfr2005,gf_revenues,279,488,Cigarette,2004,138809
acfr2005,gf_revenues,279,488,Cigarette,2005,126535
acfr2005,gf_revenues,279,489,Vault,1996,9335
acfr2005,gf_revenues,279,489,Vault,1997,8749
acfr2005,gf_revenues,279,489,Vault,1998,1580
acfr2005,gf_revenues,279,489,Vault,1999,398
acfr2005,gf_revenues,279,489,Vault,2000,771
acfr2005,gf_revenues,279,489,Vault,2001,529
acfr2005,gf_revenues,279,489,Vault,2002,365
acfr2005,gf_revenues,279,489,Vault,2003,525
acfr2005,gf_revenues,279,489,Vault,2004,367
acfr2005,gf_revenues,279,489,Vault,2005,272
acfr2005,gf_revenues,279,490,Commercial Motor Vehicle,1996,35873
acfr2005,gf_revenues,279,490,Commercial Motor Vehicle,1997,40342
acfr2005,gf_revenues,279,490,Commercial Motor Vehicle,1998,43901
acfr2005,gf_revenues,279,490,Commercial Motor Vehicle,1999,33765
acfr2005,gf_revenues,279,490,Commercial Motor Vehicle,2000,51022
acfr2005,gf_revenues,279,490,Commercial Motor Vehicle,2001,47855
acfr2005,gf_revenues,279,490,Commercial Motor Vehicle,2002,45023
acfr2005,gf_revenues,279,490,Commercial Motor Vehicle,2003,47386
acfr2005,gf_revenues,279,490,Commercial Motor Vehicle,2004,46474
acfr2005,gf_revenues,279,490,Commercial Motor Vehicle,2005,42355
acfr2005,gf_revenues,279,491,Mortgage,1996,147186
acfr2005,gf_revenues,279,491,Mortgage,1997,185189
acfr2005,gf_revenues,279,491,Mortgage,1998,231991
acfr2005,gf_revenues,279,491,Mortgage,1999,408004
acfr2005,gf_revenues,279,491,Mortgage,2000,403373
acfr2005,gf_revenues,279,491,Mortgage,2001,406699
acfr2005,gf_revenues,279,491,Mortgage,2002,476941
acfr2005,gf_revenues,279,491,Mortgage,2003,526293
acfr2005,gf_revenues,279,491,Mortgage,2004,817243
acfr2005,gf_revenues,279,491,Mortgage,2005,1250015
acfr2005,gf_revenues,279,492,Stock Transfer,1996,114042
acfr2005,gf_revenues,279,492,Stock Transfer,1997,114042
acfr2005,gf_revenues,279,492,Stock Transfer,1998,114043
acfr2005,gf_revenues,279,492,Stock Transfer,1999,114042
acfr2005,gf_revenues,279,492,Stock Transfer,2000,114041
acfr2005,gf_revenues,279,492,Stock Transfer,2001,4
acfr2005,gf_revenues,279,492,Stock Transfer,2002,4
acfr2005,gf_revenues,279,492,Stock Transfer,2003,5766
acfr2005,gf_revenues,279,492,Stock Transfer,2004,5
acfr2005,gf_revenues,279,492,Stock Transfer,2005,4
acfr2005,gf_revenues,279,493,Auto Use,1996,28000
acfr2005,gf_revenues,279,493,Auto Use,1997,28112
acfr2005,gf_revenues,279,493,Auto Use,1998,28588
acfr2005,gf_revenues,279,493,Auto Use,1999,32743
acfr2005,gf_revenues,279,493,Auto Use,2000,34010
acfr2005,gf_revenues,279,493,Auto Use,2001,33870
acfr2005,gf_revenues,279,493,Auto Use,2002,34258
acfr2005,gf_revenues,279,493,Auto Use,2003,32355
acfr2005,gf_revenues,279,493,Auto Use,2004,35903
acfr2005,gf_revenues,279,493,Auto Use,2005,28451
acfr2005,gf_revenues,279,494,Total Sales and Use Taxes,1996,3110850
acfr2005,gf_revenues,279,494,Total Sales and Use Taxes,1997,3346459
acfr2005,gf_revenues,279,494,Total Sales and Use Taxes,1998,3523209
acfr2005,gf_revenues,279,494,Total Sales and Use Taxes,1999,3825997
acfr2005,gf_revenues,279,494,Total Sales and Use Taxes,2000,4159944
acfr2005,gf_revenues,279,494,Total Sales and Use Taxes,2001,4195592
acfr2005,gf_revenues,279,494,Total Sales and Use Taxes,2002,3957386
acfr2005,gf_revenues,279,494,Total Sales and Use Taxes,2003,4321464
acfr2005,gf_revenues,279,494,Total Sales and Use Taxes,2004,5081287
acfr2005,gf_revenues,279,494,Total Sales and Use Taxes,2005,5822751
acfr2005,gf_revenues,279,495,Personal Income Taxes (Net of Refunds),1996,3919555
acfr2005,gf_revenues,279,495,Personal Income Taxes (Net of Refunds),1997,4377184
acfr2005,gf_revenues,279,495,Personal Income Taxes (Net of Refunds),1998,5136827
acfr2005,gf_revenues,279,495,Personal Income Taxes (Net of Refunds),1999,5389598
acfr2005,gf_revenues,279,495,Personal Income Taxes (Net of Refunds),2000,5364597
acfr2005,gf_revenues,279,495,Personal Income Taxes (Net of Refunds),2001,5757074
acfr2005,gf_revenues,279,495,Personal Income Taxes (Net of Refunds),2002,4555059
acfr2005,gf_revenues,279,495,Personal Income Taxes (Net of Refunds),2003,4492947
acfr2005,gf_revenues,279,495,Personal Income Taxes (Net of Refunds),2004,6012580
acfr2005,gf_revenues,279,495,Personal Income Taxes (Net of Refunds),2005,6656334
acfr2005,gf_revenues,279,496,"252 Income Taxes, Other (Net of Refunds): General Corporation",1996,1518634
acfr2005,gf_revenues,279,496,"252 Income Taxes, Other (Net of Refunds): General Corporation",1997,1858609
acfr2005,gf_revenues,279,496,"252 Income Taxes, Other (Net of Refunds): General Corporation",1998,1827403
acfr2005,gf_revenues,279,496,"252 Income Taxes, Other (Net of Refunds): General Corporation",1999,1752269
acfr2005,gf_revenues,279,496,"252 Income Taxes, Other (Net of Refunds): General Corporation",2000,2008778
acfr2005,gf_revenues,279,496,"252 Income Taxes, Other (Net of Refunds): General Corporation",2001,1977713
acfr2005,gf_revenues,279,496,"252 Income Taxes, Other (Net of Refunds): General Corporation",2002,1621438
acfr2005,gf_revenues,279,496,"252 Income Taxes, Other (Net of Refunds): General Corporation",2003,1533807
acfr2005,gf_revenues,279,496,"252 Income Taxes, Other (Net of Refunds): General Corporation",2004,1840392
acfr2005,gf_revenues,279,496,"252 Income Taxes, Other (Net of Refunds): General Corporation",2005,2403988
acfr2005,gf_revenues,279,497,Financial Corporation,1996,503722
acfr2005,gf_revenues,279,497,Financial Corporation,1997,459606
acfr2005,gf_revenues,279,497,Financial Corporation,1998,577702
acfr2005,gf_revenues,279,497,Financial Corporation,1999,499412
acfr2005,gf_revenues,279,497,Financial Corporation,2000,434121
acfr2005,gf_revenues,279,497,Financial Corporation,2001,469126
acfr2005,gf_revenues,279,497,Financial Corporation,2002,366920
acfr2005,gf_revenues,279,497,Financial Corporation,2003,324173
acfr2005,gf_revenues,279,497,Financial Corporation,2004,502306
acfr2005,gf_revenues,279,497,Financial Corporation,2005,651480
acfr2005,gf_revenues,279,498,Unincorporated Business,1996,516926
acfr2005,gf_revenues,279,498,Unincorporated Business,1997,606802
acfr2005,gf_revenues,279,498,Unincorporated Business,1998,696288
acfr2005,gf_revenues,279,498,Unincorporated Business,1999,687470
acfr2005,gf_revenues,279,498,Unincorporated Business,2000,832769
acfr2005,gf_revenues,279,498,Unincorporated Business,2001,859805
acfr2005,gf_revenues,279,498,Unincorporated Business,2002,829118
acfr2005,gf_revenues,279,498,Unincorporated Business,2003,888126
acfr2005,gf_revenues,279,498,Unincorporated Business,2004,975705
acfr2005,gf_revenues,279,498,Unincorporated Business,2005,1155678
acfr2005,gf_revenues,279,499,Personal Income— (Non-Resident City Employees),1996,44927
acfr2005,gf_revenues,279,499,Personal Income— (Non-Resident City Employees),1997,47695
acfr2005,gf_revenues,279,499,Personal Income— (Non-Resident City Employees),1998,64690
acfr2005,gf_revenues,279,499,Personal Income— (Non-Resident City Employees),1999,55579
acfr2005,gf_revenues,279,499,Personal Income— (Non-Resident City Employees),2000,63335
acfr2005,gf_revenues,279,499,Personal Income— (Non-Resident City Employees),2001,63641
acfr2005,gf_revenues,279,499,Personal Income— (Non-Resident City Employees),2002,69826
acfr2005,gf_revenues,279,499,Personal Income— (Non-Resident City Employees),2003,77346
acfr2005,gf_revenues,279,499,Personal Income— (Non-Resident City Employees),2004,75331
acfr2005,gf_revenues,279,499,Personal Income— (Non-Resident City Employees),2005,75971
acfr2005,gf_revenues,279,500,Utility,1996,303998
acfr2005,gf_revenues,279,500,Utility,1997,217327
acfr2005,gf_revenues,279,500,Utility,1998,227673
acfr2005,gf_revenues,279,500,Utility,1999,223435
acfr2005,gf_revenues,279,500,Utility,2000,250019
acfr2005,gf_revenues,279,500,Utility,2001,314939
acfr2005,gf_revenues,279,500,Utility,2002,304782
acfr2005,gf_revenues,279,500,Utility,2003,314464
acfr2005,gf_revenues,279,500,Utility,2004,297100
acfr2005,gf_revenues,279,500,Utility,2005,353424
acfr2005,gf_revenues,279,501,"Total Income Taxes, Other",1996,2888207
acfr2005,gf_revenues,279,501,"Total Income Taxes, Other",1997,3190039
acfr2005,gf_revenues,279,501,"Total Income Taxes, Other",1998,3393756
acfr2005,gf_revenues,279,501,"Total Income Taxes, Other",1999,3218165
acfr2005,gf_revenues,279,501,"Total Income Taxes, Other",2000,3589022
acfr2005,gf_revenues,279,501,"Total Income Taxes, Other",2001,3685224
acfr2005,gf_revenues,279,501,"Total Income Taxes, Other",2002,3192084
acfr2005,gf_revenues,279,501,"Total Income Taxes, Other",2003,3137916
acfr2005,gf_revenues,279,501,"Total Income Taxes, Other",2004,3690834
acfr2005,gf_revenues,279,501,"Total Income Taxes, Other",2005,4640541
acfr2005,gf_revenues,279,502,Other Taxes: Payments in Lieu of Taxes,1996,117910
acfr2005,gf_revenues,279,502,Other Taxes: Payments in Lieu of Taxes,1997,135031
acfr2005,gf_revenues,279,502,Other Taxes: Payments in Lieu of Taxes,1998,133864
acfr2005,gf_revenues,279,502,Other Taxes: Payments in Lieu of Taxes,1999,135780
acfr2005,gf_revenues,279,502,Other Taxes: Payments in Lieu of Taxes,2000,136640
acfr2005,gf_revenues,279,502,Other Taxes: Payments in Lieu of Taxes,2001,170575
acfr2005,gf_revenues,279,502,Other Taxes: Payments in Lieu of Taxes,2002,149026
acfr2005,gf_revenues,279,502,Other Taxes: Payments in Lieu of Taxes,2003,146270
acfr2005,gf_revenues,279,502,Other Taxes: Payments in Lieu of Taxes,2004,236700
acfr2005,gf_revenues,279,502,Other Taxes: Payments in Lieu of Taxes,2005,210098
acfr2005,gf_revenues,279,503,Hotel Room Occupancy,1996,147504
acfr2005,gf_revenues,279,503,Hotel Room Occupancy,1997,164718
acfr2005,gf_revenues,279,503,Hotel Room Occupancy,1998,189143
acfr2005,gf_revenues,279,503,Hotel Room Occupancy,1999,201258
acfr2005,gf_revenues,279,503,Hotel Room Occupancy,2000,221643
acfr2005,gf_revenues,279,503,Hotel Room Occupancy,2001,243326
acfr2005,gf_revenues,279,503,Hotel Room Occupancy,2002,186000
acfr2005,gf_revenues,279,503,Hotel Room Occupancy,2003,196871
acfr2005,gf_revenues,279,503,Hotel Room Occupancy,2004,224628
acfr2005,gf_revenues,279,503,Hotel Room Occupancy,2005,263778
acfr2005,gf_revenues,279,504,Commercial Rents,1996,575013
acfr2005,gf_revenues,279,504,Commercial Rents,1997,447153
acfr2005,gf_revenues,279,504,Commercial Rents,1998,403044
acfr2005,gf_revenues,279,504,Commercial Rents,1999,365835
acfr2005,gf_revenues,279,504,Commercial Rents,2000,376363
acfr2005,gf_revenues,279,504,Commercial Rents,2001,399591
acfr2005,gf_revenues,279,504,Commercial Rents,2002,403095
acfr2005,gf_revenues,279,504,Commercial Rents,2003,428929
acfr2005,gf_revenues,279,504,Commercial Rents,2004,468326
acfr2005,gf_revenues,279,504,Commercial Rents,2005,476265
acfr2005,gf_revenues,279,505,Horse Race Admissions,1996,45
acfr2005,gf_revenues,279,505,Horse Race Admissions,1997,37
acfr2005,gf_revenues,279,505,Horse Race Admissions,1998,47
acfr2005,gf_revenues,279,505,Horse Race Admissions,1999,32
acfr2005,gf_revenues,279,505,Horse Race Admissions,2000,51
acfr2005,gf_revenues,279,505,Horse Race Admissions,2001,33
acfr2005,gf_revenues,279,505,Horse Race Admissions,2002,36
acfr2005,gf_revenues,279,505,Horse Race Admissions,2003,30
acfr2005,gf_revenues,279,505,Horse Race Admissions,2004,35
acfr2005,gf_revenues,279,505,Horse Race Admissions,2005,30
acfr2005,gf_revenues,279,506,Conveyance of Real Property,1996,180055
acfr2005,gf_revenues,279,506,Conveyance of Real Property,1997,219612
acfr2005,gf_revenues,279,506,Conveyance of Real Property,1998,290689
acfr2005,gf_revenues,279,506,Conveyance of Real Property,1999,427918
acfr2005,gf_revenues,279,506,Conveyance of Real Property,2000,486835
acfr2005,gf_revenues,279,506,Conveyance of Real Property,2001,479708
acfr2005,gf_revenues,279,506,Conveyance of Real Property,2002,428995
acfr2005,gf_revenues,279,506,Conveyance of Real Property,2003,518700
acfr2005,gf_revenues,279,506,Conveyance of Real Property,2004,775554
acfr2005,gf_revenues,279,506,Conveyance of Real Property,2005,1062326
acfr2005,gf_revenues,279,507,Beer and Liquor Excise,1996,21813
acfr2005,gf_revenues,279,507,Beer and Liquor Excise,1997,20477
acfr2005,gf_revenues,279,507,Beer and Liquor Excise,1998,20684
acfr2005,gf_revenues,279,507,Beer and Liquor Excise,1999,20937
acfr2005,gf_revenues,279,507,Beer and Liquor Excise,2000,21227
acfr2005,gf_revenues,279,507,Beer and Liquor Excise,2001,21478
acfr2005,gf_revenues,279,507,Beer and Liquor Excise,2002,22355
acfr2005,gf_revenues,279,507,Beer and Liquor Excise,2003,21942
acfr2005,gf_revenues,279,507,Beer and Liquor Excise,2004,22182
acfr2005,gf_revenues,279,507,Beer and Liquor Excise,2005,22062
acfr2005,gf_revenues,279,508,Taxi Medallion Transfer,1996,2834
acfr2005,gf_revenues,279,508,Taxi Medallion Transfer,1997,3289
acfr2005,gf_revenues,279,508,Taxi Medallion Transfer,1998,3803
acfr2005,gf_revenues,279,508,Taxi Medallion Transfer,1999,3628
acfr2005,gf_revenues,279,508,Taxi Medallion Transfer,2000,3376
acfr2005,gf_revenues,279,508,Taxi Medallion Transfer,2001,3124
acfr2005,gf_revenues,279,508,Taxi Medallion Transfer,2002,4286
acfr2005,gf_revenues,279,508,Taxi Medallion Transfer,2003,6058
acfr2005,gf_revenues,279,508,Taxi Medallion Transfer,2004,4515
acfr2005,gf_revenues,279,508,Taxi Medallion Transfer,2005,5802
acfr2005,gf_revenues,279,509,Off-Track Betting,1996,5508
acfr2005,gf_revenues,279,509,Off-Track Betting,1997,10100
acfr2005,gf_revenues,279,509,Off-Track Betting,1998,11000
acfr2005,gf_revenues,279,509,Off-Track Betting,1999,11350
acfr2005,gf_revenues,279,509,Off-Track Betting,2000,9180
acfr2005,gf_revenues,279,509,Off-Track Betting,2001,12500
acfr2005,gf_revenues,279,509,Off-Track Betting,2002,1000
acfr2005,gf_revenues,279,509,Off-Track Betting,2003,0
acfr2005,gf_revenues,279,509,Off-Track Betting,2004,1326
acfr2005,gf_revenues,279,509,Off-Track Betting,2005,0
acfr2005,gf_revenues,279,510,Off-Track Betting Surtax,1996,20303
acfr2005,gf_revenues,279,510,Off-Track Betting Surtax,1997,20406
acfr2005,gf_revenues,279,510,Off-Track Betting Surtax,1998,20167
acfr2005,gf_revenues,279,510,Off-Track Betting Surtax,1999,19814
acfr2005,gf_revenues,279,510,Off-Track Betting Surtax,2000,20498
acfr2005,gf_revenues,279,510,Off-Track Betting Surtax,2001,20901
acfr2005,gf_revenues,279,510,Off-Track Betting Surtax,2002,20708
acfr2005,gf_revenues,279,510,Off-Track Betting Surtax,2003,19920
acfr2005,gf_revenues,279,510,Off-Track Betting Surtax,2004,20062
acfr2005,gf_revenues,279,510,Off-Track Betting Surtax,2005,19513
acfr2005,gf_revenues,280,511,Other Taxes (cont.) Surcharge on Liquor Licenses,1996,3189
acfr2005,gf_revenues,280,511,Other Taxes (cont.) Surcharge on Liquor Licenses,1997,3324
acfr2005,gf_revenues,280,511,Other Taxes (cont.) Surcharge on Liquor Licenses,1998,3184
acfr2005,gf_revenues,280,511,Other Taxes (cont.) Surcharge on Liquor Licenses,1999,4078
acfr2005,gf_revenues,280,511,Other Taxes (cont.) Surcharge on Liquor Licenses,2000,3445
acfr2005,gf_revenues,280,511,Other Taxes (cont.) Surcharge on Liquor Licenses,2001,3702
acfr2005,gf_revenues,280,511,Other Taxes (cont.) Surcharge on Liquor Licenses,2002,3973
acfr2005,gf_revenues,280,511,Other Taxes (cont.) Surcharge on Liquor Licenses,2003,4686
acfr2005,gf_revenues,280,511,Other Taxes (cont.) Surcharge on Liquor Licenses,2004,4765
acfr2005,gf_revenues,280,511,Other Taxes (cont.) Surcharge on Liquor Licenses,2005,4608
acfr2005,gf_revenues,280,512,Coin-operated Amusement Devices,1996,832
acfr2005,gf_revenues,280,512,Coin-operated Amusement Devices,1997,968
acfr2005,gf_revenues,280,512,Coin-operated Amusement Devices,1998,127
acfr2005,gf_revenues,280,512,Coin-operated Amusement Devices,1999,10
acfr2005,gf_revenues,280,512,Coin-operated Amusement Devices,2000,5
acfr2005,gf_revenues,280,512,Coin-operated Amusement Devices,2001,5
acfr2005,gf_revenues,280,512,Coin-operated Amusement Devices,2002,0
acfr2005,gf_revenues,280,512,Coin-operated Amusement Devices,2003,0
acfr2005,gf_revenues,280,512,Coin-operated Amusement Devices,2004,0
acfr2005,gf_revenues,280,512,Coin-operated Amusement Devices,2005,0
acfr2005,gf_revenues,280,513,Refunds of Other Taxes,1996,-14682
acfr2005,gf_revenues,280,513,Refunds of Other Taxes,1997,-14630
acfr2005,gf_revenues,280,513,Refunds of Other Taxes,1998,-12881
acfr2005,gf_revenues,280,513,Refunds of Other Taxes,1999,-21754
acfr2005,gf_revenues,280,513,Refunds of Other Taxes,2000,-17941
acfr2005,gf_revenues,280,513,Refunds of Other Taxes,2001,-24561
acfr2005,gf_revenues,280,513,Refunds of Other Taxes,2002,-15856
acfr2005,gf_revenues,280,513,Refunds of Other Taxes,2003,-20396
acfr2005,gf_revenues,280,513,Refunds of Other Taxes,2004,-26870
acfr2005,gf_revenues,280,513,Refunds of Other Taxes,2005,-21278
acfr2005,gf_revenues,280,514,Total Other Taxes,1996,1060324
acfr2005,gf_revenues,280,514,Total Other Taxes,1997,1010485
acfr2005,gf_revenues,280,514,Total Other Taxes,1998,1062871
acfr2005,gf_revenues,280,514,Total Other Taxes,1999,1168886
acfr2005,gf_revenues,280,514,Total Other Taxes,2000,1261322
acfr2005,gf_revenues,280,514,Total Other Taxes,2001,1330382
acfr2005,gf_revenues,280,514,Total Other Taxes,2002,1203618
acfr2005,gf_revenues,280,514,Total Other Taxes,2003,1323010
acfr2005,gf_revenues,280,514,Total Other Taxes,2004,1731223
acfr2005,gf_revenues,280,514,Total Other Taxes,2005,2043204
acfr2005,gf_revenues,280,515,Penalties and Interest on Delinquent Taxes: Real Estate Taxes,1996,70329
acfr2005,gf_revenues,280,515,Penalties and Interest on Delinquent Taxes: Real Estate Taxes,1997,89178
acfr2005,gf_revenues,280,515,Penalties and Interest on Delinquent Taxes: Real Estate Taxes,1998,77499
acfr2005,gf_revenues,280,515,Penalties and Interest on Delinquent Taxes: Real Estate Taxes,1999,58020
acfr2005,gf_revenues,280,515,Penalties and Interest on Delinquent Taxes: Real Estate Taxes,2000,50245
acfr2005,gf_revenues,280,515,Penalties and Interest on Delinquent Taxes: Real Estate Taxes,2001,10259
acfr2005,gf_revenues,280,515,Penalties and Interest on Delinquent Taxes: Real Estate Taxes,2002,57264
acfr2005,gf_revenues,280,515,Penalties and Interest on Delinquent Taxes: Real Estate Taxes,2003,45786
acfr2005,gf_revenues,280,515,Penalties and Interest on Delinquent Taxes: Real Estate Taxes,2004,69941
acfr2005,gf_revenues,280,515,Penalties and Interest on Delinquent Taxes: Real Estate Taxes,2005,88002
acfr2005,gf_revenues,280,516,Penalties and Interest on Other Taxes,1996,3432
acfr2005,gf_revenues,280,516,Penalties and Interest on Other Taxes,1997,3379
acfr2005,gf_revenues,280,516,Penalties and Interest on Other Taxes,1998,2326
acfr2005,gf_revenues,280,516,Penalties and Interest on Other Taxes,1999,2370
acfr2005,gf_revenues,280,516,Penalties and Interest on Other Taxes,2000,-39
acfr2005,gf_revenues,280,516,Penalties and Interest on Other Taxes,2001,178
acfr2005,gf_revenues,280,516,Penalties and Interest on Other Taxes,2002,0
acfr2005,gf_revenues,280,516,Penalties and Interest on Other Taxes,2003,0
acfr2005,gf_revenues,280,516,Penalties and Interest on Other Taxes,2004,0
acfr2005,gf_revenues,280,516,Penalties and Interest on Other Taxes,2005,0
acfr2005,gf_revenues,280,517,Refunds—Penalties and Interest on Other Taxes,1996,-13154
acfr2005,gf_revenues,280,517,Refunds—Penalties and Interest on Other Taxes,1997,-9276
acfr2005,gf_revenues,280,517,Refunds—Penalties and Interest on Other Taxes,1998,-25993
acfr2005,gf_revenues,280,517,Refunds—Penalties and Interest on Other Taxes,1999,-4289
acfr2005,gf_revenues,280,517,Refunds—Penalties and Interest on Other Taxes,2000,-16071
acfr2005,gf_revenues,280,517,Refunds—Penalties and Interest on Other Taxes,2001,-13760
acfr2005,gf_revenues,280,517,Refunds—Penalties and Interest on Other Taxes,2002,-8346
acfr2005,gf_revenues,280,517,Refunds—Penalties and Interest on Other Taxes,2003,-23654
acfr2005,gf_revenues,280,517,Refunds—Penalties and Interest on Other Taxes,2004,-2851
acfr2005,gf_revenues,280,517,Refunds—Penalties and Interest on Other Taxes,2005,-1134
acfr2005,gf_revenues,280,518,253 Total Penalties and Interest on Delinquent Taxes,1996,60607
acfr2005,gf_revenues,280,518,253 Total Penalties and Interest on Delinquent Taxes,1997,83281
acfr2005,gf_revenues,280,518,253 Total Penalties and Interest on Delinquent Taxes,1998,53832
acfr2005,gf_revenues,280,518,253 Total Penalties and Interest on Delinquent Taxes,1999,56101
acfr2005,gf_revenues,280,518,253 Total Penalties and Interest on Delinquent Taxes,2000,34135
acfr2005,gf_revenues,280,518,253 Total Penalties and Interest on Delinquent Taxes,2001,-3323
acfr2005,gf_revenues,280,518,253 Total Penalties and Interest on Delinquent Taxes,2002,48918
acfr2005,gf_revenues,280,518,253 Total Penalties and Interest on Delinquent Taxes,2003,22132
acfr2005,gf_revenues,280,518,253 Total Penalties and Interest on Delinquent Taxes,2004,67090
acfr2005,gf_revenues,280,518,253 Total Penalties and Interest on Delinquent Taxes,2005,86868
acfr2005,gf_revenues,280,519,Total Taxes,1996,18139903
acfr2005,gf_revenues,280,519,Total Taxes,1997,19298133
acfr2005,gf_revenues,280,519,Total Taxes,1998,20409688
acfr2005,gf_revenues,280,519,Total Taxes,1999,21289420
acfr2005,gf_revenues,280,519,Total Taxes,2000,22258982
acfr2005,gf_revenues,280,519,Total Taxes,2001,23210534
acfr2005,gf_revenues,280,519,Total Taxes,2002,21717938
acfr2005,gf_revenues,280,519,Total Taxes,2003,23360398
acfr2005,gf_revenues,280,519,Total Taxes,2004,28165342
acfr2005,gf_revenues,280,519,Total Taxes,2005,30865637
acfr2005,gf_revenues,280,520,FEDERAL GRANTS— CATEGORICAL: General Government,1996,293706
acfr2005,gf_revenues,280,520,FEDERAL GRANTS— CATEGORICAL: General Government,1997,316699
acfr2005,gf_revenues,280,520,FEDERAL GRANTS— CATEGORICAL: General Government,1998,307126
acfr2005,gf_revenues,280,520,FEDERAL GRANTS— CATEGORICAL: General Government,1999,282529
acfr2005,gf_revenues,280,520,FEDERAL GRANTS— CATEGORICAL: General Government,2000,301107
acfr2005,gf_revenues,280,520,FEDERAL GRANTS— CATEGORICAL: General Government,2001,291211
acfr2005,gf_revenues,280,520,FEDERAL GRANTS— CATEGORICAL: General Government,2002,861466
acfr2005,gf_revenues,280,520,FEDERAL GRANTS— CATEGORICAL: General Government,2003,487315
acfr2005,gf_revenues,280,520,FEDERAL GRANTS— CATEGORICAL: General Government,2004,417429
acfr2005,gf_revenues,280,520,FEDERAL GRANTS— CATEGORICAL: General Government,2005,1441857
acfr2005,gf_revenues,280,521,Public Safety and Judicial,1996,68324
acfr2005,gf_revenues,280,521,Public Safety and Judicial,1997,113337
acfr2005,gf_revenues,280,521,Public Safety and Judicial,1998,144816
acfr2005,gf_revenues,280,521,Public Safety and Judicial,1999,175869
acfr2005,gf_revenues,280,521,Public Safety and Judicial,2000,157761
acfr2005,gf_revenues,280,521,Public Safety and Judicial,2001,185629
acfr2005,gf_revenues,280,521,Public Safety and Judicial,2002,606974
acfr2005,gf_revenues,280,521,Public Safety and Judicial,2003,262352
acfr2005,gf_revenues,280,521,Public Safety and Judicial,2004,168657
acfr2005,gf_revenues,280,521,Public Safety and Judicial,2005,253479
acfr2005,gf_revenues,280,522,Education,1996,887206
acfr2005,gf_revenues,280,522,Education,1997,928837
acfr2005,gf_revenues,280,522,Education,1998,1004989
acfr2005,gf_revenues,280,522,Education,1999,1053010
acfr2005,gf_revenues,280,522,Education,2000,1127539
acfr2005,gf_revenues,280,522,Education,2001,1226506
acfr2005,gf_revenues,280,522,Education,2002,1363769
acfr2005,gf_revenues,280,522,Education,2003,1594929
acfr2005,gf_revenues,280,522,Education,2004,1770164
acfr2005,gf_revenues,280,522,Education,2005,1909387
acfr2005,gf_revenues,280,523,Community Colleges,1996,0
acfr2005,gf_revenues,280,523,Community Colleges,1997,0
acfr2005,gf_revenues,280,523,Community Colleges,1998,827
acfr2005,gf_revenues,280,523,Community Colleges,1999,574
acfr2005,gf_revenues,280,523,Community Colleges,2000,696
acfr2005,gf_revenues,280,523,Community Colleges,2001,334
acfr2005,gf_revenues,280,523,Community Colleges,2002,473
acfr2005,gf_revenues,280,523,Community Colleges,2003,1045
acfr2005,gf_revenues,280,523,Community Colleges,2004,671
acfr2005,gf_revenues,280,523,Community Colleges,2005,482
acfr2005,gf_revenues,280,524,Social Services,1996,2421286
acfr2005,gf_revenues,280,524,Social Services,1997,2424058
acfr2005,gf_revenues,280,524,Social Services,1998,2454896
acfr2005,gf_revenues,280,524,Social Services,1999,2352596
acfr2005,gf_revenues,280,524,Social Services,2000,2492021
acfr2005,gf_revenues,280,524,Social Services,2001,2460141
acfr2005,gf_revenues,280,524,Social Services,2002,2699480
acfr2005,gf_revenues,280,524,Social Services,2003,2758041
acfr2005,gf_revenues,280,524,Social Services,2004,2535087
acfr2005,gf_revenues,280,524,Social Services,2005,2483704
acfr2005,gf_revenues,280,525,Environmental Protection,1996,14
acfr2005,gf_revenues,280,525,Environmental Protection,1997,13
acfr2005,gf_revenues,280,525,Environmental Protection,1998,33
acfr2005,gf_revenues,280,525,Environmental Protection,1999,0
acfr2005,gf_revenues,280,525,Environmental Protection,2000,183
acfr2005,gf_revenues,280,525,Environmental Protection,2001,108
acfr2005,gf_revenues,280,525,Environmental Protection,2002,82433
acfr2005,gf_revenues,280,525,Environmental Protection,2003,25381
acfr2005,gf_revenues,280,525,Environmental Protection,2004,202
acfr2005,gf_revenues,280,525,Environmental Protection,2005,108
acfr2005,gf_revenues,280,526,Transportation Services,1996,18160
acfr2005,gf_revenues,280,526,Transportation Services,1997,17243
acfr2005,gf_revenues,280,526,Transportation Services,1998,22308
acfr2005,gf_revenues,280,526,Transportation Services,1999,27813
acfr2005,gf_revenues,280,526,Transportation Services,2000,23224
acfr2005,gf_revenues,280,526,Transportation Services,2001,31866
acfr2005,gf_revenues,280,526,Transportation Services,2002,44582
acfr2005,gf_revenues,280,526,Transportation Services,2003,48711
acfr2005,gf_revenues,280,526,Transportation Services,2004,27126
acfr2005,gf_revenues,280,526,Transportation Services,2005,30817
acfr2005,gf_revenues,280,527,"Parks, Recreation and Cultural Activities",1996,78
acfr2005,gf_revenues,280,527,"Parks, Recreation and Cultural Activities",1997,191
acfr2005,gf_revenues,280,527,"Parks, Recreation and Cultural Activities",1998,178
acfr2005,gf_revenues,280,527,"Parks, Recreation and Cultural Activities",1999,120
acfr2005,gf_revenues,280,527,"Parks, Recreation and Cultural Activities",2000,333
acfr2005,gf_revenues,280,527,"Parks, Recreation and Cultural Activities",2001,113
acfr2005,gf_revenues,280,527,"Parks, Recreation and Cultural Activities",2002,1889
acfr2005,gf_revenues,280,527,"Parks, Recreation and Cultural Activities",2003,819
acfr2005,gf_revenues,280,527,"Parks, Recreation and Cultural Activities",2004,1103
acfr2005,gf_revenues,280,527,"Parks, Recreation and Cultural Activities",2005,1011
acfr2005,gf_revenues,280,528,Housing,1996,139994
acfr2005,gf_revenues,280,528,Housing,1997,154040
acfr2005,gf_revenues,280,528,Housing,1998,159583
acfr2005,gf_revenues,280,528,Housing,1999,157497
acfr2005,gf_revenues,280,528,Housing,2000,136763
acfr2005,gf_revenues,280,528,Housing,2001,148719
acfr2005,gf_revenues,280,528,Housing,2002,171250
acfr2005,gf_revenues,280,528,Housing,2003,182738
acfr2005,gf_revenues,280,528,Housing,2004,218464
acfr2005,gf_revenues,280,528,Housing,2005,268162
acfr2005,gf_revenues,280,529,Health,1996,365094
acfr2005,gf_revenues,280,529,Health,1997,178579
acfr2005,gf_revenues,280,529,Health,1998,197673
acfr2005,gf_revenues,280,529,Health,1999,212116
acfr2005,gf_revenues,280,529,Health,2000,177597
acfr2005,gf_revenues,280,529,Health,2001,205137
acfr2005,gf_revenues,280,529,Health,2002,264424
acfr2005,gf_revenues,280,529,Health,2003,256559
acfr2005,gf_revenues,280,529,Health,2004,275930
acfr2005,gf_revenues,280,529,Health,2005,264947
acfr2005,gf_revenues,280,530,Total Federal Grants,1996,4193862
acfr2005,gf_revenues,280,530,Total Federal Grants,1997,4132997
acfr2005,gf_revenues,280,530,Total Federal Grants,1998,4292429
acfr2005,gf_revenues,280,530,Total Federal Grants,1999,4262124
acfr2005,gf_revenues,280,530,Total Federal Grants,2000,4417224
acfr2005,gf_revenues,280,530,Total Federal Grants,2001,4549764
acfr2005,gf_revenues,280,530,Total Federal Grants,2002,6096740
acfr2005,gf_revenues,280,530,Total Federal Grants,2003,5617890
acfr2005,gf_revenues,280,530,Total Federal Grants,2004,5414833
acfr2005,gf_revenues,280,530,Total Federal Grants,2005,6653954
acfr2005,gf_revenues,281,531,STATE GRANTS— CATEGORICAL: General Government,1996,20354
acfr2005,gf_revenues,281,531,STATE GRANTS— CATEGORICAL: General Government,1997,35625
acfr2005,gf_revenues,281,531,STATE GRANTS— CATEGORICAL: General Government,1998,40753
acfr2005,gf_revenues,281,531,STATE GRANTS— CATEGORICAL: General Government,1999,30383
acfr2005,gf_revenues,281,531,STATE GRANTS— CATEGORICAL: General Government,2000,56461
acfr2005,gf_revenues,281,531,STATE GRANTS— CATEGORICAL: General Government,2001,35086
acfr2005,gf_revenues,281,531,STATE GRANTS— CATEGORICAL: General Government,2002,33345
acfr2005,gf_revenues,281,531,STATE GRANTS— CATEGORICAL: General Government,2003,82122
acfr2005,gf_revenues,281,531,STATE GRANTS— CATEGORICAL: General Government,2004,65804
acfr2005,gf_revenues,281,531,STATE GRANTS— CATEGORICAL: General Government,2005,76806
acfr2005,gf_revenues,281,532,Public Safety and Judicial,1996,124376
acfr2005,gf_revenues,281,532,Public Safety and Judicial,1997,133728
acfr2005,gf_revenues,281,532,Public Safety and Judicial,1998,138012
acfr2005,gf_revenues,281,532,Public Safety and Judicial,1999,160226
acfr2005,gf_revenues,281,532,Public Safety and Judicial,2000,156091
acfr2005,gf_revenues,281,532,Public Safety and Judicial,2001,146155
acfr2005,gf_revenues,281,532,Public Safety and Judicial,2002,125576
acfr2005,gf_revenues,281,532,Public Safety and Judicial,2003,141599
acfr2005,gf_revenues,281,532,Public Safety and Judicial,2004,137426
acfr2005,gf_revenues,281,532,Public Safety and Judicial,2005,158755
acfr2005,gf_revenues,281,533,Education,1996,3745871
acfr2005,gf_revenues,281,533,Education,1997,3907569
acfr2005,gf_revenues,281,533,Education,1998,4142235
acfr2005,gf_revenues,281,533,Education,1999,4412581
acfr2005,gf_revenues,281,533,Education,2000,4829136
acfr2005,gf_revenues,281,533,Education,2001,5387624
acfr2005,gf_revenues,281,533,Education,2002,5592120
acfr2005,gf_revenues,281,533,Education,2003,5834491
acfr2005,gf_revenues,281,533,Education,2004,5873367
acfr2005,gf_revenues,281,533,Education,2005,6176875
acfr2005,gf_revenues,281,534,Senior Colleges,1996,7519
acfr2005,gf_revenues,281,534,Senior Colleges,1997,8868
acfr2005,gf_revenues,281,534,Senior Colleges,1998,10000
acfr2005,gf_revenues,281,534,Senior Colleges,1999,10000
acfr2005,gf_revenues,281,534,Senior Colleges,2000,0
acfr2005,gf_revenues,281,534,Senior Colleges,2001,0
acfr2005,gf_revenues,281,534,Senior Colleges,2002,0
acfr2005,gf_revenues,281,534,Senior Colleges,2003,0
acfr2005,gf_revenues,281,534,Senior Colleges,2004,0
acfr2005,gf_revenues,281,534,Senior Colleges,2005,0
acfr2005,gf_revenues,281,535,Community Colleges,1996,109015
acfr2005,gf_revenues,281,535,Community Colleges,1997,111142
acfr2005,gf_revenues,281,535,Community Colleges,1998,113781
acfr2005,gf_revenues,281,535,Community Colleges,1999,117335
acfr2005,gf_revenues,281,535,Community Colleges,2000,122500
acfr2005,gf_revenues,281,535,Community Colleges,2001,128001
acfr2005,gf_revenues,281,535,Community Colleges,2002,129300
acfr2005,gf_revenues,281,535,Community Colleges,2003,131594
acfr2005,gf_revenues,281,535,Community Colleges,2004,137564
acfr2005,gf_revenues,281,535,Community Colleges,2005,139132
acfr2005,gf_revenues,281,536,Hunter Campus School,1996,1300
acfr2005,gf_revenues,281,536,Hunter Campus School,1997,1300
acfr2005,gf_revenues,281,536,Hunter Campus School,1998,1300
acfr2005,gf_revenues,281,536,Hunter Campus School,1999,1147
acfr2005,gf_revenues,281,536,Hunter Campus School,2000,1453
acfr2005,gf_revenues,281,536,Hunter Campus School,2001,1300
acfr2005,gf_revenues,281,536,Hunter Campus School,2002,1300
acfr2005,gf_revenues,281,536,Hunter Campus School,2003,1300
acfr2005,gf_revenues,281,536,Hunter Campus School,2004,1300
acfr2005,gf_revenues,281,536,Hunter Campus School,2005,1300
acfr2005,gf_revenues,281,537,Social Services,1996,1743422
acfr2005,gf_revenues,281,537,Social Services,1997,1690999
acfr2005,gf_revenues,281,537,Social Services,1998,1566657
acfr2005,gf_revenues,281,537,Social Services,1999,1462547
acfr2005,gf_revenues,281,537,Social Services,2000,1402109
acfr2005,gf_revenues,281,537,Social Services,2001,1602448
acfr2005,gf_revenues,281,537,Social Services,2002,1610728
acfr2005,gf_revenues,281,537,Social Services,2003,1600682
acfr2005,gf_revenues,281,537,Social Services,2004,1750383
acfr2005,gf_revenues,281,537,Social Services,2005,1759971
acfr2005,gf_revenues,281,538,Environmental Protection,1996,-10899
acfr2005,gf_revenues,281,538,Environmental Protection,1997,496
acfr2005,gf_revenues,281,538,Environmental Protection,1998,247
acfr2005,gf_revenues,281,538,Environmental Protection,1999,0
acfr2005,gf_revenues,281,538,Environmental Protection,2000,247
acfr2005,gf_revenues,281,538,Environmental Protection,2001,152
acfr2005,gf_revenues,281,538,Environmental Protection,2002,285
acfr2005,gf_revenues,281,538,Environmental Protection,2003,303
acfr2005,gf_revenues,281,538,Environmental Protection,2004,11105
acfr2005,gf_revenues,281,538,Environmental Protection,2005,2825
acfr2005,gf_revenues,281,539,Transportation Services,1996,94145
acfr2005,gf_revenues,281,539,Transportation Services,1997,117778
acfr2005,gf_revenues,281,539,Transportation Services,1998,91224
acfr2005,gf_revenues,281,539,Transportation Services,1999,120870
acfr2005,gf_revenues,281,539,Transportation Services,2000,144319
acfr2005,gf_revenues,281,539,Transportation Services,2001,118097
acfr2005,gf_revenues,281,539,Transportation Services,2002,102289
acfr2005,gf_revenues,281,539,Transportation Services,2003,107385
acfr2005,gf_revenues,281,539,Transportation Services,2004,99571
acfr2005,gf_revenues,281,539,Transportation Services,2005,112260
acfr2005,gf_revenues,281,540,"Parks, Recreation and Cultural Activities",1996,511
acfr2005,gf_revenues,281,540,"Parks, Recreation and Cultural Activities",1997,500
acfr2005,gf_revenues,281,540,"Parks, Recreation and Cultural Activities",1998,273
acfr2005,gf_revenues,281,540,"Parks, Recreation and Cultural Activities",1999,362
acfr2005,gf_revenues,281,540,"Parks, Recreation and Cultural Activities",2000,716
acfr2005,gf_revenues,281,540,"Parks, Recreation and Cultural Activities",2001,713
acfr2005,gf_revenues,281,540,"Parks, Recreation and Cultural Activities",2002,477
acfr2005,gf_revenues,281,540,"Parks, Recreation and Cultural Activities",2003,856
acfr2005,gf_revenues,281,540,"Parks, Recreation and Cultural Activities",2004,440
acfr2005,gf_revenues,281,540,"Parks, Recreation and Cultural Activities",2005,537
acfr2005,gf_revenues,281,541,Housing,1996,2106
acfr2005,gf_revenues,281,541,Housing,1997,2248
acfr2005,gf_revenues,281,541,Housing,1998,858
acfr2005,gf_revenues,281,541,Housing,1999,865
acfr2005,gf_revenues,281,541,Housing,2000,862
acfr2005,gf_revenues,281,541,Housing,2001,-323
acfr2005,gf_revenues,281,541,Housing,2002,862
acfr2005,gf_revenues,281,541,Housing,2003,877
acfr2005,gf_revenues,281,541,Housing,2004,942
acfr2005,gf_revenues,281,541,Housing,2005,951
acfr2005,gf_revenues,281,542,Health,1996,240881
acfr2005,gf_revenues,281,542,Health,1997,254051
acfr2005,gf_revenues,281,542,Health,1998,266882
acfr2005,gf_revenues,281,542,Health,1999,322604
acfr2005,gf_revenues,281,542,Health,2000,347829
acfr2005,gf_revenues,281,542,Health,2001,348512
acfr2005,gf_revenues,281,542,Health,2002,434218
acfr2005,gf_revenues,281,542,Health,2003,416179
acfr2005,gf_revenues,281,542,Health,2004,376494
acfr2005,gf_revenues,281,542,Health,2005,393364
acfr2005,gf_revenues,281,543,254 Total State Grants,1996,6078601
acfr2005,gf_revenues,281,543,254 Total State Grants,1997,6264304
acfr2005,gf_revenues,281,543,254 Total State Grants,1998,6372222
acfr2005,gf_revenues,281,543,254 Total State Grants,1999,6638920
acfr2005,gf_revenues,281,543,254 Total State Grants,2000,7061723
acfr2005,gf_revenues,281,543,254 Total State Grants,2001,7767765
acfr2005,gf_revenues,281,543,254 Total State Grants,2002,8030500
acfr2005,gf_revenues,281,543,254 Total State Grants,2003,8317388
acfr2005,gf_revenues,281,543,254 Total State Grants,2004,8454396
acfr2005,gf_revenues,281,543,254 Total State Grants,2005,8822776
acfr2005,gf_revenues,281,544,NON-GOVERNMENTAL GRANTS: General Government,1996,378111
acfr2005,gf_revenues,281,544,NON-GOVERNMENTAL GRANTS: General Government,1997,59753
acfr2005,gf_revenues,281,544,NON-GOVERNMENTAL GRANTS: General Government,1998,68827
acfr2005,gf_revenues,281,544,NON-GOVERNMENTAL GRANTS: General Government,1999,55184
acfr2005,gf_revenues,281,544,NON-GOVERNMENTAL GRANTS: General Government,2000,64620
acfr2005,gf_revenues,281,544,NON-GOVERNMENTAL GRANTS: General Government,2001,96021
acfr2005,gf_revenues,281,544,NON-GOVERNMENTAL GRANTS: General Government,2002,13535
acfr2005,gf_revenues,281,544,NON-GOVERNMENTAL GRANTS: General Government,2003,78720
acfr2005,gf_revenues,281,544,NON-GOVERNMENTAL GRANTS: General Government,2004,364837
acfr2005,gf_revenues,281,544,NON-GOVERNMENTAL GRANTS: General Government,2005,332483
acfr2005,gf_revenues,281,545,Public Safety and Judicial,1996,167567
acfr2005,gf_revenues,281,545,Public Safety and Judicial,1997,216037
acfr2005,gf_revenues,281,545,Public Safety and Judicial,1998,213609
acfr2005,gf_revenues,281,545,Public Safety and Judicial,1999,209363
acfr2005,gf_revenues,281,545,Public Safety and Judicial,2000,208304
acfr2005,gf_revenues,281,545,Public Safety and Judicial,2001,205464
acfr2005,gf_revenues,281,545,Public Safety and Judicial,2002,241734
acfr2005,gf_revenues,281,545,Public Safety and Judicial,2003,228350
acfr2005,gf_revenues,281,545,Public Safety and Judicial,2004,209223
acfr2005,gf_revenues,281,545,Public Safety and Judicial,2005,188034
acfr2005,gf_revenues,281,546,Education,1996,34161
acfr2005,gf_revenues,281,546,Education,1997,34209
acfr2005,gf_revenues,281,546,Education,1998,39304
acfr2005,gf_revenues,281,546,Education,1999,34224
acfr2005,gf_revenues,281,546,Education,2000,67529
acfr2005,gf_revenues,281,546,Education,2001,51958
acfr2005,gf_revenues,281,546,Education,2002,51117
acfr2005,gf_revenues,281,546,Education,2003,93812
acfr2005,gf_revenues,281,546,Education,2004,78650
acfr2005,gf_revenues,281,546,Education,2005,67570
acfr2005,gf_revenues,281,547,Social Services,1996,3412
acfr2005,gf_revenues,281,547,Social Services,1997,6425
acfr2005,gf_revenues,281,547,Social Services,1998,7369
acfr2005,gf_revenues,281,547,Social Services,1999,5551
acfr2005,gf_revenues,281,547,Social Services,2000,5349
acfr2005,gf_revenues,281,547,Social Services,2001,4143
acfr2005,gf_revenues,281,547,Social Services,2002,102967
acfr2005,gf_revenues,281,547,Social Services,2003,964
acfr2005,gf_revenues,281,547,Social Services,2004,25297
acfr2005,gf_revenues,281,547,Social Services,2005,29902
acfr2005,gf_revenues,281,548,Environmental Protection,1996,334
acfr2005,gf_revenues,281,548,Environmental Protection,1997,402
acfr2005,gf_revenues,281,548,Environmental Protection,1998,459
acfr2005,gf_revenues,281,548,Environmental Protection,1999,201
acfr2005,gf_revenues,281,548,Environmental Protection,2000,360
acfr2005,gf_revenues,281,548,Environmental Protection,2001,347
acfr2005,gf_revenues,281,548,Environmental Protection,2002,1847
acfr2005,gf_revenues,281,548,Environmental Protection,2003,3771
acfr2005,gf_revenues,281,548,Environmental Protection,2004,1512
acfr2005,gf_revenues,281,548,Environmental Protection,2005,2006
acfr2005,gf_revenues,281,549,Transportation Services,1996,6280
acfr2005,gf_revenues,281,549,Transportation Services,1997,2090
acfr2005,gf_revenues,281,549,Transportation Services,1998,1113
acfr2005,gf_revenues,281,549,Transportation Services,1999,1227
acfr2005,gf_revenues,281,549,Transportation Services,2000,1115
acfr2005,gf_revenues,281,549,Transportation Services,2001,1306
acfr2005,gf_revenues,281,549,Transportation Services,2002,1253
acfr2005,gf_revenues,281,549,Transportation Services,2003,1575
acfr2005,gf_revenues,281,549,Transportation Services,2004,26988
acfr2005,gf_revenues,281,549,Transportation Services,2005,4688
acfr2005,gf_revenues,281,550,"Parks, Recreation and Cultural Activities",1996,2148
acfr2005,gf_revenues,281,550,"Parks, Recreation and Cultural Activities",1997,2206
acfr2005,gf_revenues,281,550,"Parks, Recreation and Cultural Activities",1998,2915
acfr2005,gf_revenues,281,550,"Parks, Recreation and Cultural Activities",1999,0
acfr2005,gf_revenues,281,550,"Parks, Recreation and Cultural Activities",2000,5301
acfr2005,gf_revenues,281,550,"Parks, Recreation and Cultural Activities",2001,6249
acfr2005,gf_revenues,281,550,"Parks, Recreation and Cultural Activities",2002,6372
acfr2005,gf_revenues,281,550,"Parks, Recreation and Cultural Activities",2003,7022
acfr2005,gf_revenues,281,550,"Parks, Recreation and Cultural Activities",2004,8479
acfr2005,gf_revenues,281,550,"Parks, Recreation and Cultural Activities",2005,12900
acfr2005,gf_revenues,281,551,Housing,1996,0
acfr2005,gf_revenues,281,551,Housing,1997,0
acfr2005,gf_revenues,281,551,Housing,1998,0
acfr2005,gf_revenues,281,551,Housing,1999,3017
acfr2005,gf_revenues,281,551,Housing,2000,0
acfr2005,gf_revenues,281,551,Housing,2001,0
acfr2005,gf_revenues,281,551,Housing,2002,1370
acfr2005,gf_revenues,281,551,Housing,2003,290
acfr2005,gf_revenues,281,551,Housing,2004,990
acfr2005,gf_revenues,281,551,Housing,2005,0
acfr2005,gf_revenues,281,552,Health,1996,51707
acfr2005,gf_revenues,281,552,Health,1997,53337
acfr2005,gf_revenues,281,552,Health,1998,70957
acfr2005,gf_revenues,281,552,Health,1999,52336
acfr2005,gf_revenues,281,552,Health,2000,74281
acfr2005,gf_revenues,281,552,Health,2001,125255
acfr2005,gf_revenues,281,552,Health,2002,98247
acfr2005,gf_revenues,281,552,Health,2003,510901
acfr2005,gf_revenues,281,552,Health,2004,238793
acfr2005,gf_revenues,281,552,Health,2005,221438
acfr2005,gf_revenues,281,553,Community Colleges,1996,3598
acfr2005,gf_revenues,281,553,Community Colleges,1997,4589
acfr2005,gf_revenues,281,553,Community Colleges,1998,6977
acfr2005,gf_revenues,281,553,Community Colleges,1999,5356
acfr2005,gf_revenues,281,553,Community Colleges,2000,4567
acfr2005,gf_revenues,281,553,Community Colleges,2001,1010
acfr2005,gf_revenues,281,553,Community Colleges,2002,287
acfr2005,gf_revenues,281,553,Community Colleges,2003,2474
acfr2005,gf_revenues,281,553,Community Colleges,2004,1639
acfr2005,gf_revenues,281,553,Community Colleges,2005,3355
acfr2005,gf_revenues,281,554,Total Non-Governmental Grants,1996,647318
acfr2005,gf_revenues,281,554,Total Non-Governmental Grants,1997,379048
acfr2005,gf_revenues,281,554,Total Non-Governmental Grants,1998,411530
acfr2005,gf_revenues,281,554,Total Non-Governmental Grants,1999,366459
acfr2005,gf_revenues,281,554,Total Non-Governmental Grants,2000,431426
acfr2005,gf_revenues,281,554,Total Non-Governmental Grants,2001,491753
acfr2005,gf_revenues,281,554,Total Non-Governmental Grants,2002,518729
acfr2005,gf_revenues,281,554,Total Non-Governmental Grants,2003,927879
acfr2005,gf_revenues,281,554,Total Non-Governmental Grants,2004,956408
acfr2005,gf_revenues,281,554,Total Non-Governmental Grants,2005,862376
acfr2005,gf_revenues,281,555,"PROVISION FOR DISALLOWANCES OF FEDERAL, STATE AND OTHER AID",1996,-39700
acfr2005,gf_revenues,281,555,"PROVISION FOR DISALLOWANCES OF FEDERAL, STATE AND OTHER AID",1997,-35600
acfr2005,gf_revenues,281,555,"PROVISION FOR DISALLOWANCES OF FEDERAL, STATE AND OTHER AID",1998,-14500
acfr2005,gf_revenues,281,555,"PROVISION FOR DISALLOWANCES OF FEDERAL, STATE AND OTHER AID",1999,-38512
acfr2005,gf_revenues,281,555,"PROVISION FOR DISALLOWANCES OF FEDERAL, STATE AND OTHER AID",2000,-5000
acfr2005,gf_revenues,281,555,"PROVISION FOR DISALLOWANCES OF FEDERAL, STATE AND OTHER AID",2001,-45600
acfr2005,gf_revenues,281,555,"PROVISION FOR DISALLOWANCES OF FEDERAL, STATE AND OTHER AID",2002,0
acfr2005,gf_revenues,281,555,"PROVISION FOR DISALLOWANCES OF FEDERAL, STATE AND OTHER AID",2003,-47100
acfr2005,gf_revenues,281,555,"PROVISION FOR DISALLOWANCES OF FEDERAL, STATE AND OTHER AID",2004,-27000
acfr2005,gf_revenues,281,555,"PROVISION FOR DISALLOWANCES OF FEDERAL, STATE AND OTHER AID",2005,-87300
acfr2005,gf_revenues,282,556,UNRESTRICTED FEDERAL AND STATE AID: Federal and State Revenue Sharing,1996,368870
acfr2005,gf_revenues,282,556,UNRESTRICTED FEDERAL AND STATE AID: Federal and State Revenue Sharing,1997,322281
acfr2005,gf_revenues,282,556,UNRESTRICTED FEDERAL AND STATE AID: Federal and State Revenue Sharing,1998,327390
acfr2005,gf_revenues,282,556,UNRESTRICTED FEDERAL AND STATE AID: Federal and State Revenue Sharing,1999,328147
acfr2005,gf_revenues,282,556,UNRESTRICTED FEDERAL AND STATE AID: Federal and State Revenue Sharing,2000,405286
acfr2005,gf_revenues,282,556,UNRESTRICTED FEDERAL AND STATE AID: Federal and State Revenue Sharing,2001,326890
acfr2005,gf_revenues,282,556,UNRESTRICTED FEDERAL AND STATE AID: Federal and State Revenue Sharing,2002,327890
acfr2005,gf_revenues,282,556,UNRESTRICTED FEDERAL AND STATE AID: Federal and State Revenue Sharing,2003,400390
acfr2005,gf_revenues,282,556,UNRESTRICTED FEDERAL AND STATE AID: Federal and State Revenue Sharing,2004,327463
acfr2005,gf_revenues,282,556,UNRESTRICTED FEDERAL AND STATE AID: Federal and State Revenue Sharing,2005,396390
acfr2005,gf_revenues,282,557,Intergovernmental Aid,1996,251936
acfr2005,gf_revenues,282,557,Intergovernmental Aid,1997,331288
acfr2005,gf_revenues,282,557,Intergovernmental Aid,1998,294287
acfr2005,gf_revenues,282,557,Intergovernmental Aid,1999,324196
acfr2005,gf_revenues,282,557,Intergovernmental Aid,2000,225939
acfr2005,gf_revenues,282,557,Intergovernmental Aid,2001,307490
acfr2005,gf_revenues,282,557,Intergovernmental Aid,2002,337930
acfr2005,gf_revenues,282,557,Intergovernmental Aid,2003,1042423
acfr2005,gf_revenues,282,557,Intergovernmental Aid,2004,635982
acfr2005,gf_revenues,282,557,Intergovernmental Aid,2005,207110
acfr2005,gf_revenues,282,558,Total Unrestricted Federal and State Aid,1996,620806
acfr2005,gf_revenues,282,558,Total Unrestricted Federal and State Aid,1997,653569
acfr2005,gf_revenues,282,558,Total Unrestricted Federal and State Aid,1998,621677
acfr2005,gf_revenues,282,558,Total Unrestricted Federal and State Aid,1999,652343
acfr2005,gf_revenues,282,558,Total Unrestricted Federal and State Aid,2000,631225
acfr2005,gf_revenues,282,558,Total Unrestricted Federal and State Aid,2001,634380
acfr2005,gf_revenues,282,558,Total Unrestricted Federal and State Aid,2002,665820
acfr2005,gf_revenues,282,558,Total Unrestricted Federal and State Aid,2003,1442813
acfr2005,gf_revenues,282,558,Total Unrestricted Federal and State Aid,2004,963445
acfr2005,gf_revenues,282,558,Total Unrestricted Federal and State Aid,2005,603500
acfr2005,gf_revenues,282,559,CHARGES FOR SERVICES: General Government Charges,1996,415397
acfr2005,gf_revenues,282,559,CHARGES FOR SERVICES: General Government Charges,1997,428222
acfr2005,gf_revenues,282,559,CHARGES FOR SERVICES: General Government Charges,1998,434713
acfr2005,gf_revenues,282,559,CHARGES FOR SERVICES: General Government Charges,1999,439757
acfr2005,gf_revenues,282,559,CHARGES FOR SERVICES: General Government Charges,2000,438996
acfr2005,gf_revenues,282,559,CHARGES FOR SERVICES: General Government Charges,2001,439187
acfr2005,gf_revenues,282,559,CHARGES FOR SERVICES: General Government Charges,2002,461182
acfr2005,gf_revenues,282,559,CHARGES FOR SERVICES: General Government Charges,2003,500602
acfr2005,gf_revenues,282,559,CHARGES FOR SERVICES: General Government Charges,2004,592269
acfr2005,gf_revenues,282,559,CHARGES FOR SERVICES: General Government Charges,2005,613905
acfr2005,gf_revenues,282,560,Water and Sewer,1996,730963
acfr2005,gf_revenues,282,560,Water and Sewer,1997,775318
acfr2005,gf_revenues,282,560,Water and Sewer,1998,822800
acfr2005,gf_revenues,282,560,Water and Sewer,1999,777652
acfr2005,gf_revenues,282,560,Water and Sewer,2000,801255
acfr2005,gf_revenues,282,560,Water and Sewer,2001,842525
acfr2005,gf_revenues,282,560,Water and Sewer,2002,857907
acfr2005,gf_revenues,282,560,Water and Sewer,2003,846352
acfr2005,gf_revenues,282,560,Water and Sewer,2004,884745
acfr2005,gf_revenues,282,560,Water and Sewer,2005,899324
acfr2005,gf_revenues,282,561,Housing,1996,27357
acfr2005,gf_revenues,282,561,Housing,1997,17582
acfr2005,gf_revenues,282,561,Housing,1998,12552
acfr2005,gf_revenues,282,561,Housing,1999,21504
acfr2005,gf_revenues,282,561,Housing,2000,21339
acfr2005,gf_revenues,282,561,Housing,2001,25311
acfr2005,gf_revenues,282,561,Housing,2002,24411
acfr2005,gf_revenues,282,561,Housing,2003,25864
acfr2005,gf_revenues,282,561,Housing,2004,18147
acfr2005,gf_revenues,282,561,Housing,2005,22449
acfr2005,gf_revenues,282,562,Rental Income,1996,138723
acfr2005,gf_revenues,282,562,Rental Income,1997,142962
acfr2005,gf_revenues,282,562,Rental Income,1998,151389
acfr2005,gf_revenues,282,562,Rental Income,1999,114251
acfr2005,gf_revenues,282,562,Rental Income,2000,138916
acfr2005,gf_revenues,282,562,Rental Income,2001,153869
acfr2005,gf_revenues,282,562,Rental Income,2002,114894
acfr2005,gf_revenues,282,562,Rental Income,2003,108564
acfr2005,gf_revenues,282,562,Rental Income,2004,107738
acfr2005,gf_revenues,282,562,Rental Income,2005,943694
acfr2005,gf_revenues,282,563,Total Charges for Services,1996,1312440
acfr2005,gf_revenues,282,563,Total Charges for Services,1997,1364084
acfr2005,gf_revenues,282,563,Total Charges for Services,1998,1421454
acfr2005,gf_revenues,282,563,Total Charges for Services,1999,1353164
acfr2005,gf_revenues,282,563,Total Charges for Services,2000,1400506
acfr2005,gf_revenues,282,563,Total Charges for Services,2001,1460892
acfr2005,gf_revenues,282,563,Total Charges for Services,2002,1458394
acfr2005,gf_revenues,282,563,Total Charges for Services,2003,1481382
acfr2005,gf_revenues,282,563,Total Charges for Services,2004,1602899
acfr2005,gf_revenues,282,563,Total Charges for Services,2005,2479372
acfr2005,gf_revenues,282,564,"255 LICENSES, PERMITS, PRIVILEGES AND FRANCHISES: Licenses",1996,38206
acfr2005,gf_revenues,282,564,"255 LICENSES, PERMITS, PRIVILEGES AND FRANCHISES: Licenses",1997,40900
acfr2005,gf_revenues,282,564,"255 LICENSES, PERMITS, PRIVILEGES AND FRANCHISES: Licenses",1998,45620
acfr2005,gf_revenues,282,564,"255 LICENSES, PERMITS, PRIVILEGES AND FRANCHISES: Licenses",1999,42751
acfr2005,gf_revenues,282,564,"255 LICENSES, PERMITS, PRIVILEGES AND FRANCHISES: Licenses",2000,54866
acfr2005,gf_revenues,282,564,"255 LICENSES, PERMITS, PRIVILEGES AND FRANCHISES: Licenses",2001,44784
acfr2005,gf_revenues,282,564,"255 LICENSES, PERMITS, PRIVILEGES AND FRANCHISES: Licenses",2002,46899
acfr2005,gf_revenues,282,564,"255 LICENSES, PERMITS, PRIVILEGES AND FRANCHISES: Licenses",2003,45948
acfr2005,gf_revenues,282,564,"255 LICENSES, PERMITS, PRIVILEGES AND FRANCHISES: Licenses",2004,45006
acfr2005,gf_revenues,282,564,"255 LICENSES, PERMITS, PRIVILEGES AND FRANCHISES: Licenses",2005,47050
acfr2005,gf_revenues,282,565,Permits,1996,71815
acfr2005,gf_revenues,282,565,Permits,1997,72184
acfr2005,gf_revenues,282,565,Permits,1998,84173
acfr2005,gf_revenues,282,565,Permits,1999,87501
acfr2005,gf_revenues,282,565,Permits,2000,93117
acfr2005,gf_revenues,282,565,Permits,2001,97193
acfr2005,gf_revenues,282,565,Permits,2002,94572
acfr2005,gf_revenues,282,565,Permits,2003,99312
acfr2005,gf_revenues,282,565,Permits,2004,106683
acfr2005,gf_revenues,282,565,Permits,2005,121898
acfr2005,gf_revenues,282,566,Privileges and Franchises,1996,127198
acfr2005,gf_revenues,282,566,Privileges and Franchises,1997,132210
acfr2005,gf_revenues,282,566,Privileges and Franchises,1998,142715
acfr2005,gf_revenues,282,566,Privileges and Franchises,1999,161225
acfr2005,gf_revenues,282,566,Privileges and Franchises,2000,180943
acfr2005,gf_revenues,282,566,Privileges and Franchises,2001,196264
acfr2005,gf_revenues,282,566,Privileges and Franchises,2002,214228
acfr2005,gf_revenues,282,566,Privileges and Franchises,2003,212103
acfr2005,gf_revenues,282,566,Privileges and Franchises,2004,222694
acfr2005,gf_revenues,282,566,Privileges and Franchises,2005,226242
acfr2005,gf_revenues,282,567,"Total Licenses, Permits, Privileges and Franchises",1996,237219
acfr2005,gf_revenues,282,567,"Total Licenses, Permits, Privileges and Franchises",1997,245294
acfr2005,gf_revenues,282,567,"Total Licenses, Permits, Privileges and Franchises",1998,272508
acfr2005,gf_revenues,282,567,"Total Licenses, Permits, Privileges and Franchises",1999,291477
acfr2005,gf_revenues,282,567,"Total Licenses, Permits, Privileges and Franchises",2000,328926
acfr2005,gf_revenues,282,567,"Total Licenses, Permits, Privileges and Franchises",2001,338241
acfr2005,gf_revenues,282,567,"Total Licenses, Permits, Privileges and Franchises",2002,355699
acfr2005,gf_revenues,282,567,"Total Licenses, Permits, Privileges and Franchises",2003,357363
acfr2005,gf_revenues,282,567,"Total Licenses, Permits, Privileges and Franchises",2004,374383
acfr2005,gf_revenues,282,567,"Total Licenses, Permits, Privileges and Franchises",2005,395190
acfr2005,gf_revenues,282,568,FINES AND FORFEITURES: Fines,1996,413741
acfr2005,gf_revenues,282,568,FINES AND FORFEITURES: Fines,1997,482135
acfr2005,gf_revenues,282,568,FINES AND FORFEITURES: Fines,1998,463977
acfr2005,gf_revenues,282,568,FINES AND FORFEITURES: Fines,1999,470175
acfr2005,gf_revenues,282,568,FINES AND FORFEITURES: Fines,2000,462637
acfr2005,gf_revenues,282,568,FINES AND FORFEITURES: Fines,2001,487182
acfr2005,gf_revenues,282,568,FINES AND FORFEITURES: Fines,2002,478604
acfr2005,gf_revenues,282,568,FINES AND FORFEITURES: Fines,2003,543028
acfr2005,gf_revenues,282,568,FINES AND FORFEITURES: Fines,2004,688477
acfr2005,gf_revenues,282,568,FINES AND FORFEITURES: Fines,2005,738364
acfr2005,gf_revenues,282,569,Forfeitures,1996,2816
acfr2005,gf_revenues,282,569,Forfeitures,1997,8425
acfr2005,gf_revenues,282,569,Forfeitures,1998,4454
acfr2005,gf_revenues,282,569,Forfeitures,1999,8888
acfr2005,gf_revenues,282,569,Forfeitures,2000,5830
acfr2005,gf_revenues,282,569,Forfeitures,2001,7522
acfr2005,gf_revenues,282,569,Forfeitures,2002,6727
acfr2005,gf_revenues,282,569,Forfeitures,2003,6149
acfr2005,gf_revenues,282,569,Forfeitures,2004,8757
acfr2005,gf_revenues,282,569,Forfeitures,2005,7035
acfr2005,gf_revenues,282,570,Total Fines and Forfeitures,1996,416557
acfr2005,gf_revenues,282,570,Total Fines and Forfeitures,1997,490560
acfr2005,gf_revenues,282,570,Total Fines and Forfeitures,1998,468431
acfr2005,gf_revenues,282,570,Total Fines and Forfeitures,1999,479063
acfr2005,gf_revenues,282,570,Total Fines and Forfeitures,2000,468467
acfr2005,gf_revenues,282,570,Total Fines and Forfeitures,2001,494704
acfr2005,gf_revenues,282,570,Total Fines and Forfeitures,2002,485331
acfr2005,gf_revenues,282,570,Total Fines and Forfeitures,2003,549177
acfr2005,gf_revenues,282,570,Total Fines and Forfeitures,2004,697234
acfr2005,gf_revenues,282,570,Total Fines and Forfeitures,2005,745399
acfr2005,gf_revenues,282,571,MISCELLANEOUS,1996,352056
acfr2005,gf_revenues,282,571,MISCELLANEOUS,1997,788133
acfr2005,gf_revenues,282,571,MISCELLANEOUS,1998,473955
acfr2005,gf_revenues,282,571,MISCELLANEOUS,1999,386695
acfr2005,gf_revenues,282,571,MISCELLANEOUS,2000,448975
acfr2005,gf_revenues,282,571,MISCELLANEOUS,2001,929745
acfr2005,gf_revenues,282,571,MISCELLANEOUS,2002,786559
acfr2005,gf_revenues,282,571,MISCELLANEOUS,2003,460726
acfr2005,gf_revenues,282,571,MISCELLANEOUS,2004,598112
acfr2005,gf_revenues,282,571,MISCELLANEOUS,2005,606278
acfr2005,gf_revenues,282,572,TOBACCO SETTLEMENT,1996,0
acfr2005,gf_revenues,282,572,TOBACCO SETTLEMENT,1997,0
acfr2005,gf_revenues,282,572,TOBACCO SETTLEMENT,1998,0
acfr2005,gf_revenues,282,572,TOBACCO SETTLEMENT,1999,0
acfr2005,gf_revenues,282,572,TOBACCO SETTLEMENT,2000,247364
acfr2005,gf_revenues,282,572,TOBACCO SETTLEMENT,2001,154340
acfr2005,gf_revenues,282,572,TOBACCO SETTLEMENT,2002,211159
acfr2005,gf_revenues,282,572,TOBACCO SETTLEMENT,2003,149948
acfr2005,gf_revenues,282,572,TOBACCO SETTLEMENT,2004,66934
acfr2005,gf_revenues,282,572,TOBACCO SETTLEMENT,2005,67579
acfr2005,gf_revenues,282,573,INTEREST INCOME,1996,112233
acfr2005,gf_revenues,282,573,INTEREST INCOME,1997,160464
acfr2005,gf_revenues,282,573,INTEREST INCOME,1998,199272
acfr2005,gf_revenues,282,573,INTEREST INCOME,1999,182371
acfr2005,gf_revenues,282,573,INTEREST INCOME,2000,194753
acfr2005,gf_revenues,282,573,INTEREST INCOME,2001,245353
acfr2005,gf_revenues,282,573,INTEREST INCOME,2002,80559
acfr2005,gf_revenues,282,573,INTEREST INCOME,2003,43256
acfr2005,gf_revenues,282,573,INTEREST INCOME,2004,30068
acfr2005,gf_revenues,282,573,INTEREST INCOME,2005,148824
acfr2005,gf_revenues,283,574,TRANSFER FROM NONMAJOR CAPITAL PROJECTS FUND,1996,0
acfr2005,gf_revenues,283,574,TRANSFER FROM NONMAJOR CAPITAL PROJECTS FUND,1997,0
acfr2005,gf_revenues,283,574,TRANSFER FROM NONMAJOR CAPITAL PROJECTS FUND,1998,0
acfr2005,gf_revenues,283,574,TRANSFER FROM NONMAJOR CAPITAL PROJECTS FUND,1999,0
acfr2005,gf_revenues,283,574,TRANSFER FROM NONMAJOR CAPITAL PROJECTS FUND,2000,0
acfr2005,gf_revenues,283,574,TRANSFER FROM NONMAJOR CAPITAL PROJECTS FUND,2001,0
acfr2005,gf_revenues,283,574,TRANSFER FROM NONMAJOR CAPITAL PROJECTS FUND,2002,457832
acfr2005,gf_revenues,283,574,TRANSFER FROM NONMAJOR CAPITAL PROJECTS FUND,2003,1670837
acfr2005,gf_revenues,283,574,TRANSFER FROM NONMAJOR CAPITAL PROJECTS FUND,2004,0
acfr2005,gf_revenues,283,574,TRANSFER FROM NONMAJOR CAPITAL PROJECTS FUND,2005,0
acfr2005,gf_revenues,283,575,TRANSFER FROM NONMAJOR DEBT SERVICE FUND,1996,0
acfr2005,gf_revenues,283,575,TRANSFER FROM NONMAJOR DEBT SERVICE FUND,1997,0
acfr2005,gf_revenues,283,575,TRANSFER FROM NONMAJOR DEBT SERVICE FUND,1998,0
acfr2005,gf_revenues,283,575,TRANSFER FROM NONMAJOR DEBT SERVICE FUND,1999,0
acfr2005,gf_revenues,283,575,TRANSFER FROM NONMAJOR DEBT SERVICE FUND,2000,0
acfr2005,gf_revenues,283,575,TRANSFER FROM NONMAJOR DEBT SERVICE FUND,2001,0
acfr2005,gf_revenues,283,575,TRANSFER FROM NONMAJOR DEBT SERVICE FUND,2002,0
acfr2005,gf_revenues,283,575,TRANSFER FROM NONMAJOR DEBT SERVICE FUND,2003,13210
acfr2005,gf_revenues,283,575,TRANSFER FROM NONMAJOR DEBT SERVICE FUND,2004,0
acfr2005,gf_revenues,283,575,TRANSFER FROM NONMAJOR DEBT SERVICE FUND,2005,631232
acfr2005,gf_revenues,283,576,Total Revenues,1996,32071295
acfr2005,gf_revenues,283,576,Total Revenues,1997,33740986
acfr2005,gf_revenues,283,576,Total Revenues,1998,34928666
acfr2005,gf_revenues,283,576,Total Revenues,1999,35863524
acfr2005,gf_revenues,283,576,Total Revenues,2000,37884571
acfr2005,gf_revenues,283,576,Total Revenues,2001,40231871
acfr2005,gf_revenues,283,576,Total Revenues,2002,40865260
acfr2005,gf_revenues,283,576,Total Revenues,2003,44345167
acfr2005,gf_revenues,283,576,Total Revenues,2004,47297054
acfr2005,gf_revenues,283,576,Total Revenues,2005,52794817
acfr2025,gf_expenditures,438,577,General Government: 002 Mayoralty,2020,147448
acfr2025,gf_expenditures,438,577,General Government: 002 Mayoralty,2021,130139
acfr2025,gf_expenditures,438,577,General Government: 002 Mayoralty,2022,148152
acfr2025,gf_expenditures,438,577,General Government: 002 Mayoralty,2023,163387
acfr2025,gf_expenditures,438,577,General Government: 002 Mayoralty,2024,163107
acfr2025,gf_expenditures,438,577,General Government: 002 Mayoralty,2025,147380
acfr2025,gf_expenditures,438,578,003 Board of Elections,2020,222053
acfr2025,gf_expenditures,438,578,003 Board of Elections,2021,230846
acfr2025,gf_expenditures,438,578,003 Board of Elections,2022,220099
acfr2025,gf_expenditures,438,578,003 Board of Elections,2023,258009
acfr2025,gf_expenditures,438,578,003 Board of Elections,2024,257330
acfr2025,gf_expenditures,438,578,003 Board of Elections,2025,273351
acfr2025,gf_expenditures,438,579,004 Campaign Finance Board,2020,20050
acfr2025,gf_expenditures,438,579,004 Campaign Finance Board,2021,141343
acfr2025,gf_expenditures,438,579,004 Campaign Finance Board,2022,45075
acfr2025,gf_expenditures,438,579,004 Campaign Finance Board,2023,59944
acfr2025,gf_expenditures,438,579,004 Campaign Finance Board,2024,21329
acfr2025,gf_expenditures,438,579,004 Campaign Finance Board,2025,144892
acfr2025,gf_expenditures,438,580,008 Office of the Actuary,2020,6884
acfr2025,gf_expenditures,438,580,008 Office of the Actuary,2021,6082
acfr2025,gf_expenditures,438,580,008 Office of the Actuary,2022,6658
acfr2025,gf_expenditures,438,580,008 Office of the Actuary,2023,6692
acfr2025,gf_expenditures,438,580,008 Office of the Actuary,2024,7044
acfr2025,gf_expenditures,438,580,008 Office of the Actuary,2025,6829
acfr2025,gf_expenditures,438,581,010 Borough President— Manhattan,2020,4847
acfr2025,gf_expenditures,438,581,010 Borough President— Manhattan,2021,5235
acfr2025,gf_expenditures,438,581,010 Borough President— Manhattan,2022,5560
acfr2025,gf_expenditures,438,581,010 Borough President— Manhattan,2023,5572
acfr2025,gf_expenditures,438,581,010 Borough President— Manhattan,2024,6172
acfr2025,gf_expenditures,438,581,010 Borough President— Manhattan,2025,6216
acfr2025,gf_expenditures,438,582,011 Borough President— Bronx,2020,5154
acfr2025,gf_expenditures,438,582,011 Borough President— Bronx,2021,4882
acfr2025,gf_expenditures,438,582,011 Borough President— Bronx,2022,5378
acfr2025,gf_expenditures,438,582,011 Borough President— Bronx,2023,6304
acfr2025,gf_expenditures,438,582,011 Borough President— Bronx,2024,6549
acfr2025,gf_expenditures,438,582,011 Borough President— Bronx,2025,6533
acfr2025,gf_expenditures,438,583,012 Borough President— Brooklyn,2020,6633
acfr2025,gf_expenditures,438,583,012 Borough President— Brooklyn,2021,6669
acfr2025,gf_expenditures,438,583,012 Borough President— Brooklyn,2022,8596
acfr2025,gf_expenditures,438,583,012 Borough President— Brooklyn,2023,7751
acfr2025,gf_expenditures,438,583,012 Borough President— Brooklyn,2024,7164
acfr2025,gf_expenditures,438,583,012 Borough President— Brooklyn,2025,7922
acfr2025,gf_expenditures,438,584,013 Borough President— Queens,2020,5687
acfr2025,gf_expenditures,438,584,013 Borough President— Queens,2021,5917
acfr2025,gf_expenditures,438,584,013 Borough President— Queens,2022,7076
acfr2025,gf_expenditures,438,584,013 Borough President— Queens,2023,6712
acfr2025,gf_expenditures,438,584,013 Borough President— Queens,2024,6495
acfr2025,gf_expenditures,438,584,013 Borough President— Queens,2025,6727
acfr2025,gf_expenditures,438,585,014 Borough President— Staten Island,2020,4465
acfr2025,gf_expenditures,438,585,014 Borough President— Staten Island,2021,4542
acfr2025,gf_expenditures,438,585,014 Borough President— Staten Island,2022,5608
acfr2025,gf_expenditures,438,585,014 Borough President— Staten Island,2023,5382
acfr2025,gf_expenditures,438,585,014 Borough President— Staten Island,2024,4966
acfr2025,gf_expenditures,438,585,014 Borough President— Staten Island,2025,5194
acfr2025,gf_expenditures,438,586,015 Office of the Comptroller,2020,88779
acfr2025,gf_expenditures,438,586,015 Office of the Comptroller,2021,83346
acfr2025,gf_expenditures,438,586,015 Office of the Comptroller,2022,81962
acfr2025,gf_expenditures,438,586,015 Office of the Comptroller,2023,92450
acfr2025,gf_expenditures,438,586,015 Office of the Comptroller,2024,99518
acfr2025,gf_expenditures,438,586,015 Office of the Comptroller,2025,103924
acfr2025,gf_expenditures,438,587,021 Office of Administrative Tax Appeals,2020,5456
acfr2025,gf_expenditures,438,587,021 Office of Administrative Tax Appeals,2021,5665
acfr2025,gf_expenditures,438,587,021 Office of Administrative Tax Appeals,2022,5938
acfr2025,gf_expenditures,438,587,021 Office of Administrative Tax Appeals,2023,5949
acfr2025,gf_expenditures,438,587,021 Office of Administrative Tax Appeals,2024,5884
acfr2025,gf_expenditures,438,587,021 Office of Administrative Tax Appeals,2025,5459
acfr2025,gf_expenditures,438,588,025 Law Department,2020,263806
acfr2025,gf_expenditures,438,588,025 Law Department,2021,247515
acfr2025,gf_expenditures,438,588,025 Law Department,2022,254189
acfr2025,gf_expenditures,438,588,025 Law Department,2023,235485
acfr2025,gf_expenditures,438,588,025 Law Department,2024,309335
acfr2025,gf_expenditures,438,588,025 Law Department,2025,316158
acfr2025,gf_expenditures,438,589,030 Department of City Planning,2020,42820
acfr2025,gf_expenditures,438,589,030 Department of City Planning,2021,38298
acfr2025,gf_expenditures,438,589,030 Department of City Planning,2022,36239
acfr2025,gf_expenditures,438,589,030 Department of City Planning,2023,39706
acfr2025,gf_expenditures,438,589,030 Department of City Planning,2024,45481
acfr2025,gf_expenditures,438,589,030 Department of City Planning,2025,48912
acfr2025,gf_expenditures,438,590,032 Department of Investigation,2020,47103
acfr2025,gf_expenditures,438,590,032 Department of Investigation,2021,46187
acfr2025,gf_expenditures,438,590,032 Department of Investigation,2022,43422
acfr2025,gf_expenditures,438,590,032 Department of Investigation,2023,40386
acfr2025,gf_expenditures,438,590,032 Department of Investigation,2024,48812
acfr2025,gf_expenditures,438,590,032 Department of Investigation,2025,50586
acfr2025,gf_expenditures,438,591,063 Department of Veterans Services,2020,4975
acfr2025,gf_expenditures,438,591,063 Department of Veterans Services,2021,5377
acfr2025,gf_expenditures,438,591,063 Department of Veterans Services,2022,5717
acfr2025,gf_expenditures,438,591,063 Department of Veterans Services,2023,5531
acfr2025,gf_expenditures,438,591,063 Department of Veterans Services,2024,5079
acfr2025,gf_expenditures,438,591,063 Department of Veterans Services,2025,5495
acfr2025,gf_expenditures,438,592,101 Public Advocate,2020,4341
acfr2025,gf_expenditures,438,592,101 Public Advocate,2021,4615
acfr2025,gf_expenditures,438,592,101 Public Advocate,2022,4728
acfr2025,gf_expenditures,438,592,101 Public Advocate,2023,5083
acfr2025,gf_expenditures,438,592,101 Public Advocate,2024,5488
acfr2025,gf_expenditures,438,592,101 Public Advocate,2025,5516
acfr2025,gf_expenditures,438,593,102 City Council,2020,80141
acfr2025,gf_expenditures,438,593,102 City Council,2021,75091
acfr2025,gf_expenditures,438,593,102 City Council,2022,73952
acfr2025,gf_expenditures,438,593,102 City Council,2023,84760
acfr2025,gf_expenditures,438,593,102 City Council,2024,94870
acfr2025,gf_expenditures,438,593,102 City Council,2025,101957
acfr2025,gf_expenditures,438,594,103 City Clerk,2020,5507
acfr2025,gf_expenditures,438,594,103 City Clerk,2021,5205
acfr2025,gf_expenditures,438,594,103 City Clerk,2022,5740
acfr2025,gf_expenditures,438,594,103 City Clerk,2023,5940
acfr2025,gf_expenditures,438,594,103 City Clerk,2024,5750
acfr2025,gf_expenditures,438,594,103 City Clerk,2025,6724
acfr2025,gf_expenditures,438,595,127 Financial Information Services Agency,2020,108160
acfr2025,gf_expenditures,438,595,127 Financial Information Services Agency,2021,112032
acfr2025,gf_expenditures,438,595,127 Financial Information Services Agency,2022,114076
acfr2025,gf_expenditures,438,595,127 Financial Information Services Agency,2023,118537
acfr2025,gf_expenditures,438,595,127 Financial Information Services Agency,2024,121208
acfr2025,gf_expenditures,438,595,127 Financial Information Services Agency,2025,121040
acfr2025,gf_expenditures,438,596,131 Office of Payroll Administration,2020,15364
acfr2025,gf_expenditures,438,596,131 Office of Payroll Administration,2021,14584
acfr2025,gf_expenditures,438,596,131 Office of Payroll Administration,2022,15088
acfr2025,gf_expenditures,438,596,131 Office of Payroll Administration,2023,16055
acfr2025,gf_expenditures,438,596,131 Office of Payroll Administration,2024,16940
acfr2025,gf_expenditures,438,596,131 Office of Payroll Administration,2025,18084
acfr2025,gf_expenditures,438,597,132 Independent Budget Office,2020,4556
acfr2025,gf_expenditures,438,597,132 Independent Budget Office,2021,4707
acfr2025,gf_expenditures,438,597,132 Independent Budget Office,2022,4834
acfr2025,gf_expenditures,438,597,132 Independent Budget Office,2023,5203
acfr2025,gf_expenditures,438,597,132 Independent Budget Office,2024,6726
acfr2025,gf_expenditures,438,597,132 Independent Budget Office,2025,7562
acfr2025,gf_expenditures,438,598,133 Equal Employment Practices Commission,2020,1132
acfr2025,gf_expenditures,438,598,133 Equal Employment Practices Commission,2021,1113
acfr2025,gf_expenditures,438,598,133 Equal Employment Practices Commission,2022,1059
acfr2025,gf_expenditures,438,598,133 Equal Employment Practices Commission,2023,1267
acfr2025,gf_expenditures,438,598,133 Equal Employment Practices Commission,2024,1105
acfr2025,gf_expenditures,438,598,133 Equal Employment Practices Commission,2025,1205
acfr2025,gf_expenditures,439,599,General Government: 002 Mayoralty,2016,96323
acfr2025,gf_expenditures,439,599,General Government: 002 Mayoralty,2017,107701
acfr2025,gf_expenditures,439,599,General Government: 002 Mayoralty,2018,112523
acfr2025,gf_expenditures,439,599,General Government: 002 Mayoralty,2019,128461
acfr2025,gf_expenditures,439,600,003 Board of Elections,2016,116078
acfr2025,gf_expenditures,439,600,003 Board of Elections,2017,121497
acfr2025,gf_expenditures,439,600,003 Board of Elections,2018,129285
acfr2025,gf_expenditures,439,600,003 Board of Elections,2019,172006
acfr2025,gf_expenditures,439,601,004 Campaign Finance Board,2016,7886
acfr2025,gf_expenditures,439,601,004 Campaign Finance Board,2017,13173
acfr2025,gf_expenditures,439,601,004 Campaign Finance Board,2018,32989
acfr2025,gf_expenditures,439,601,004 Campaign Finance Board,2019,25395
acfr2025,gf_expenditures,439,602,008 Office of the Actuary,2016,6694
acfr2025,gf_expenditures,439,602,008 Office of the Actuary,2017,6658
acfr2025,gf_expenditures,439,602,008 Office of the Actuary,2018,7114
acfr2025,gf_expenditures,439,602,008 Office of the Actuary,2019,6562
acfr2025,gf_expenditures,439,603,010 Borough President— Manhattan,2016,4660
acfr2025,gf_expenditures,439,603,010 Borough President— Manhattan,2017,4763
acfr2025,gf_expenditures,439,603,010 Borough President— Manhattan,2018,4801
acfr2025,gf_expenditures,439,603,010 Borough President— Manhattan,2019,5031
acfr2025,gf_expenditures,439,604,011 Borough President— Bronx,2016,5063
acfr2025,gf_expenditures,439,604,011 Borough President— Bronx,2017,4971
acfr2025,gf_expenditures,439,604,011 Borough President— Bronx,2018,4902
acfr2025,gf_expenditures,439,604,011 Borough President— Bronx,2019,4987
acfr2025,gf_expenditures,439,605,012 Borough President— Brooklyn,2016,6369
acfr2025,gf_expenditures,439,605,012 Borough President— Brooklyn,2017,6099
acfr2025,gf_expenditures,439,605,012 Borough President— Brooklyn,2018,6242
acfr2025,gf_expenditures,439,605,012 Borough President— Brooklyn,2019,6424
acfr2025,gf_expenditures,439,606,013 Borough President— Queens,2016,5092
acfr2025,gf_expenditures,439,606,013 Borough President— Queens,2017,5172
acfr2025,gf_expenditures,439,606,013 Borough President— Queens,2018,5752
acfr2025,gf_expenditures,439,606,013 Borough President— Queens,2019,5467
acfr2025,gf_expenditures,439,607,014 Borough President— Staten Island,2016,4048
acfr2025,gf_expenditures,439,607,014 Borough President— Staten Island,2017,4224
acfr2025,gf_expenditures,439,607,014 Borough President— Staten Island,2018,4484
acfr2025,gf_expenditures,439,607,014 Borough President— Staten Island,2019,4342
acfr2025,gf_expenditures,439,608,015 Office of the Comptroller,2016,77413
acfr2025,gf_expenditures,439,608,015 Office of the Comptroller,2017,82457
acfr2025,gf_expenditures,439,608,015 Office of the Comptroller,2018,83020
acfr2025,gf_expenditures,439,608,015 Office of the Comptroller,2019,90657
acfr2025,gf_expenditures,439,609,021 Office of Administrative Tax Appeals,2016,4258
acfr2025,gf_expenditures,439,609,021 Office of Administrative Tax Appeals,2017,4619
acfr2025,gf_expenditures,439,609,021 Office of Administrative Tax Appeals,2018,4819
acfr2025,gf_expenditures,439,609,021 Office of Administrative Tax Appeals,2019,4972
acfr2025,gf_expenditures,439,610,025 Law Department,2016,182403
acfr2025,gf_expenditures,439,610,025 Law Department,2017,205868
acfr2025,gf_expenditures,439,610,025 Law Department,2018,214954
acfr2025,gf_expenditures,439,610,025 Law Department,2019,240735
acfr2025,gf_expenditures,439,611,030 Department of City Planning,2016,31170
acfr2025,gf_expenditures,439,611,030 Department of City Planning,2017,36212
acfr2025,gf_expenditures,439,611,030 Department of City Planning,2018,36054
acfr2025,gf_expenditures,439,611,030 Department of City Planning,2019,40058
acfr2025,gf_expenditures,439,612,032 Department of Investigation,2016,33795
acfr2025,gf_expenditures,439,612,032 Department of Investigation,2017,40622
acfr2025,gf_expenditures,439,612,032 Department of Investigation,2018,35789
acfr2025,gf_expenditures,439,612,032 Department of Investigation,2019,43339
acfr2025,gf_expenditures,439,613,063 Department of Veterans Service,2016,0
acfr2025,gf_expenditures,439,613,063 Department of Veterans Service,2017,2468
acfr2025,gf_expenditures,439,613,063 Department of Veterans Service,2018,3573
acfr2025,gf_expenditures,439,613,063 Department of Veterans Service,2019,4098
acfr2025,gf_expenditures,439,614,101 Public Advocate,2016,3311
acfr2025,gf_expenditures,439,614,101 Public Advocate,2017,3525
acfr2025,gf_expenditures,439,614,101 Public Advocate,2018,3579
acfr2025,gf_expenditures,439,614,101 Public Advocate,2019,3022
acfr2025,gf_expenditures,439,615,102 City Council,2016,59779
acfr2025,gf_expenditures,439,615,102 City Council,2017,62151
acfr2025,gf_expenditures,439,615,102 City Council,2018,63950
acfr2025,gf_expenditures,439,615,102 City Council,2019,78367
acfr2025,gf_expenditures,439,616,103 City Clerk,2016,5548
acfr2025,gf_expenditures,439,616,103 City Clerk,2017,5914
acfr2025,gf_expenditures,439,616,103 City Clerk,2018,5305
acfr2025,gf_expenditures,439,616,103 City Clerk,2019,5577
acfr2025,gf_expenditures,439,617,127 Financial Information Services Agency,2016,90519
acfr2025,gf_expenditures,439,617,127 Financial Information Services Agency,2017,98031
acfr2025,gf_expenditures,439,617,127 Financial Information Services Agency,2018,104113
acfr2025,gf_expenditures,439,617,127 Financial Information Services Agency,2019,104004
acfr2025,gf_expenditures,439,618,131 Office of Payroll Administration,2016,15663
acfr2025,gf_expenditures,439,618,131 Office of Payroll Administration,2017,15841
acfr2025,gf_expenditures,439,618,131 Office of Payroll Administration,2018,16523
acfr2025,gf_expenditures,439,618,131 Office of Payroll Administration,2019,16098
acfr2025,gf_expenditures,439,619,132 Independent Budget Office,2016,3991
acfr2025,gf_expenditures,439,619,132 Independent Budget Office,2017,4123
acfr2025,gf_expenditures,439,619,132 Independent Budget Office,2018,4101
acfr2025,gf_expenditures,439,619,132 Independent Budget Office,2019,4353
acfr2025,gf_expenditures,439,620,133 Equal Employment Practices Commission,2016,764
acfr2025,gf_expenditures,439,620,133 Equal Employment Practices Commission,2017,870
acfr2025,gf_expenditures,439,620,133 Equal Employment Practices Commission,2018,881
acfr2025,gf_expenditures,439,620,133 Equal Employment Practices Commission,2019,1145
acfr2025,gf_expenditures,440,621,General Government: (cont.) 134 Civil Service Commission,2020,958
acfr2025,gf_expenditures,440,621,General Government: (cont.) 134 Civil Service Commission,2021,1007
acfr2025,gf_expenditures,440,621,General Government: (cont.) 134 Civil Service Commission,2022,969
acfr2025,gf_expenditures,440,621,General Government: (cont.) 134 Civil Service Commission,2023,987
acfr2025,gf_expenditures,440,621,General Government: (cont.) 134 Civil Service Commission,2024,1124
acfr2025,gf_expenditures,440,621,General Government: (cont.) 134 Civil Service Commission,2025,1136
acfr2025,gf_expenditures,440,622,136 Landmarks Preservation Commission,2020,6443
acfr2025,gf_expenditures,440,622,136 Landmarks Preservation Commission,2021,6443
acfr2025,gf_expenditures,440,622,136 Landmarks Preservation Commission,2022,6545
acfr2025,gf_expenditures,440,622,136 Landmarks Preservation Commission,2023,7204
acfr2025,gf_expenditures,440,622,136 Landmarks Preservation Commission,2024,7964
acfr2025,gf_expenditures,440,622,136 Landmarks Preservation Commission,2025,7708
acfr2025,gf_expenditures,440,623,138 Districting Commission,2020,0
acfr2025,gf_expenditures,440,623,138 Districting Commission,2021,0
acfr2025,gf_expenditures,440,623,138 Districting Commission,2022,163
acfr2025,gf_expenditures,440,623,138 Districting Commission,2023,1026
acfr2025,gf_expenditures,440,623,138 Districting Commission,2024,17
acfr2025,gf_expenditures,440,623,138 Districting Commission,2025,0
acfr2025,gf_expenditures,440,624,213 Office of Racial Equity,2020,0
acfr2025,gf_expenditures,440,624,213 Office of Racial Equity,2021,0
acfr2025,gf_expenditures,440,624,213 Office of Racial Equity,2022,0
acfr2025,gf_expenditures,440,624,213 Office of Racial Equity,2023,0
acfr2025,gf_expenditures,440,624,213 Office of Racial Equity,2024,1087
acfr2025,gf_expenditures,440,624,213 Office of Racial Equity,2025,2568
acfr2025,gf_expenditures,440,625,215 Commission of Racial Equity,2020,0
acfr2025,gf_expenditures,440,625,215 Commission of Racial Equity,2021,0
acfr2025,gf_expenditures,440,625,215 Commission of Racial Equity,2022,0
acfr2025,gf_expenditures,440,625,215 Commission of Racial Equity,2023,0
acfr2025,gf_expenditures,440,625,215 Commission of Racial Equity,2024,314
acfr2025,gf_expenditures,440,625,215 Commission of Racial Equity,2025,1670
acfr2025,gf_expenditures,440,626,226 Commission on Human Rights,2020,12152
acfr2025,gf_expenditures,440,626,226 Commission on Human Rights,2021,11835
acfr2025,gf_expenditures,440,626,226 Commission on Human Rights,2022,11177
acfr2025,gf_expenditures,440,626,226 Commission on Human Rights,2023,10996
acfr2025,gf_expenditures,440,626,226 Commission on Human Rights,2024,11494
acfr2025,gf_expenditures,440,626,226 Commission on Human Rights,2025,12254
acfr2025,gf_expenditures,440,627,260 Department of Youth and Community Development,2020,783649
acfr2025,gf_expenditures,440,627,260 Department of Youth and Community Development,2021,695873
acfr2025,gf_expenditures,440,627,260 Department of Youth and Community Development,2022,809889
acfr2025,gf_expenditures,440,627,260 Department of Youth and Community Development,2023,964930
acfr2025,gf_expenditures,440,627,260 Department of Youth and Community Development,2024,1100591
acfr2025,gf_expenditures,440,627,260 Department of Youth and Community Development,2025,1236316
acfr2025,gf_expenditures,440,628,312 Conflicts of Interest Board,2020,2531
acfr2025,gf_expenditures,440,628,312 Conflicts of Interest Board,2021,2436
acfr2025,gf_expenditures,440,628,312 Conflicts of Interest Board,2022,2464
acfr2025,gf_expenditures,440,628,312 Conflicts of Interest Board,2023,2608
acfr2025,gf_expenditures,440,628,312 Conflicts of Interest Board,2024,2755
acfr2025,gf_expenditures,440,628,312 Conflicts of Interest Board,2025,2783
acfr2025,gf_expenditures,440,629,313 Office of Collective Bargaining,2020,2248
acfr2025,gf_expenditures,440,629,313 Office of Collective Bargaining,2021,2255
acfr2025,gf_expenditures,440,629,313 Office of Collective Bargaining,2022,2357
acfr2025,gf_expenditures,440,629,313 Office of Collective Bargaining,2023,2385
acfr2025,gf_expenditures,440,629,313 Office of Collective Bargaining,2024,2610
acfr2025,gf_expenditures,440,629,313 Office of Collective Bargaining,2025,2712
acfr2025,gf_expenditures,440,630,341 Manhattan Community Board # 1,2020,304
acfr2025,gf_expenditures,440,630,341 Manhattan Community Board # 1,2021,296
acfr2025,gf_expenditures,440,630,341 Manhattan Community Board # 1,2022,275
acfr2025,gf_expenditures,440,630,341 Manhattan Community Board # 1,2023,242
acfr2025,gf_expenditures,440,630,341 Manhattan Community Board # 1,2024,271
acfr2025,gf_expenditures,440,630,341 Manhattan Community Board # 1,2025,289
acfr2025,gf_expenditures,440,631,342 Manhattan Community Board # 2,2020,338
acfr2025,gf_expenditures,440,631,342 Manhattan Community Board # 2,2021,313
acfr2025,gf_expenditures,440,631,342 Manhattan Community Board # 2,2022,320
acfr2025,gf_expenditures,440,631,342 Manhattan Community Board # 2,2023,313
acfr2025,gf_expenditures,440,631,342 Manhattan Community Board # 2,2024,360
acfr2025,gf_expenditures,440,631,342 Manhattan Community Board # 2,2025,373
acfr2025,gf_expenditures,440,632,343 Manhattan Community Board # 3,2020,418
acfr2025,gf_expenditures,440,632,343 Manhattan Community Board # 3,2021,389
acfr2025,gf_expenditures,440,632,343 Manhattan Community Board # 3,2022,394
acfr2025,gf_expenditures,440,632,343 Manhattan Community Board # 3,2023,413
acfr2025,gf_expenditures,440,632,343 Manhattan Community Board # 3,2024,429
acfr2025,gf_expenditures,440,632,343 Manhattan Community Board # 3,2025,434
acfr2025,gf_expenditures,440,633,344 Manhattan Community Board # 4,2020,386
acfr2025,gf_expenditures,440,633,344 Manhattan Community Board # 4,2021,347
acfr2025,gf_expenditures,440,633,344 Manhattan Community Board # 4,2022,372
acfr2025,gf_expenditures,440,633,344 Manhattan Community Board # 4,2023,366
acfr2025,gf_expenditures,440,633,344 Manhattan Community Board # 4,2024,367
acfr2025,gf_expenditures,440,633,344 Manhattan Community Board # 4,2025,397
acfr2025,gf_expenditures,440,634,345 Manhattan Community Board # 5,2020,332
acfr2025,gf_expenditures,440,634,345 Manhattan Community Board # 5,2021,333
acfr2025,gf_expenditures,440,634,345 Manhattan Community Board # 5,2022,326
acfr2025,gf_expenditures,440,634,345 Manhattan Community Board # 5,2023,398
acfr2025,gf_expenditures,440,634,345 Manhattan Community Board # 5,2024,393
acfr2025,gf_expenditures,440,634,345 Manhattan Community Board # 5,2025,392
acfr2025,gf_expenditures,440,635,346 Manhattan Community Board # 6,2020,455
acfr2025,gf_expenditures,440,635,346 Manhattan Community Board # 6,2021,389
acfr2025,gf_expenditures,440,635,346 Manhattan Community Board # 6,2022,391
acfr2025,gf_expenditures,440,635,346 Manhattan Community Board # 6,2023,419
acfr2025,gf_expenditures,440,635,346 Manhattan Community Board # 6,2024,463
acfr2025,gf_expenditures,440,635,346 Manhattan Community Board # 6,2025,480
acfr2025,gf_expenditures,440,636,347 Manhattan Community Board # 7,2020,335
acfr2025,gf_expenditures,440,636,347 Manhattan Community Board # 7,2021,342
acfr2025,gf_expenditures,440,636,347 Manhattan Community Board # 7,2022,349
acfr2025,gf_expenditures,440,636,347 Manhattan Community Board # 7,2023,350
acfr2025,gf_expenditures,440,636,347 Manhattan Community Board # 7,2024,366
acfr2025,gf_expenditures,440,636,347 Manhattan Community Board # 7,2025,395
acfr2025,gf_expenditures,440,637,348 Manhattan Community Board # 8,2020,386
acfr2025,gf_expenditures,440,637,348 Manhattan Community Board # 8,2021,383
acfr2025,gf_expenditures,440,637,348 Manhattan Community Board # 8,2022,396
acfr2025,gf_expenditures,440,637,348 Manhattan Community Board # 8,2023,418
acfr2025,gf_expenditures,440,637,348 Manhattan Community Board # 8,2024,432
acfr2025,gf_expenditures,440,637,348 Manhattan Community Board # 8,2025,420
acfr2025,gf_expenditures,440,638,349 Manhattan Community Board # 9,2020,309
acfr2025,gf_expenditures,440,638,349 Manhattan Community Board # 9,2021,288
acfr2025,gf_expenditures,440,638,349 Manhattan Community Board # 9,2022,351
acfr2025,gf_expenditures,440,638,349 Manhattan Community Board # 9,2023,407
acfr2025,gf_expenditures,440,638,349 Manhattan Community Board # 9,2024,395
acfr2025,gf_expenditures,440,638,349 Manhattan Community Board # 9,2025,412
acfr2025,gf_expenditures,440,639,350 Manhattan Community Board # 10,2020,355
acfr2025,gf_expenditures,440,639,350 Manhattan Community Board # 10,2021,269
acfr2025,gf_expenditures,440,639,350 Manhattan Community Board # 10,2022,325
acfr2025,gf_expenditures,440,639,350 Manhattan Community Board # 10,2023,379
acfr2025,gf_expenditures,440,639,350 Manhattan Community Board # 10,2024,322
acfr2025,gf_expenditures,440,639,350 Manhattan Community Board # 10,2025,391
acfr2025,gf_expenditures,441,640,General Government: (cont.) 134 Civil Service Commission,2016,780
acfr2025,gf_expenditures,441,640,General Government: (cont.) 134 Civil Service Commission,2017,1035
acfr2025,gf_expenditures,441,640,General Government: (cont.) 134 Civil Service Commission,2018,1055
acfr2025,gf_expenditures,441,640,General Government: (cont.) 134 Civil Service Commission,2019,1024
acfr2025,gf_expenditures,441,641,136 Landmarks Preservation Commission,2016,5251
acfr2025,gf_expenditures,441,641,136 Landmarks Preservation Commission,2017,5476
acfr2025,gf_expenditures,441,641,136 Landmarks Preservation Commission,2018,5826
acfr2025,gf_expenditures,441,641,136 Landmarks Preservation Commission,2019,6221
acfr2025,gf_expenditures,441,642,138 Districting Commission,2016,0
acfr2025,gf_expenditures,441,642,138 Districting Commission,2017,0
acfr2025,gf_expenditures,441,642,138 Districting Commission,2018,0
acfr2025,gf_expenditures,441,642,138 Districting Commission,2019,0
acfr2025,gf_expenditures,441,643,213 Office of Racial Equity,2016,0
acfr2025,gf_expenditures,441,643,213 Office of Racial Equity,2017,0
acfr2025,gf_expenditures,441,643,213 Office of Racial Equity,2018,0
acfr2025,gf_expenditures,441,643,213 Office of Racial Equity,2019,0
acfr2025,gf_expenditures,441,644,215 Commission of Racial Equity,2016,0
acfr2025,gf_expenditures,441,644,215 Commission of Racial Equity,2017,0
acfr2025,gf_expenditures,441,644,215 Commission of Racial Equity,2018,0
acfr2025,gf_expenditures,441,644,215 Commission of Racial Equity,2019,0
acfr2025,gf_expenditures,441,645,226 Commission on Human Rights,2016,8750
acfr2025,gf_expenditures,441,645,226 Commission on Human Rights,2017,10357
acfr2025,gf_expenditures,441,645,226 Commission on Human Rights,2018,12689
acfr2025,gf_expenditures,441,645,226 Commission on Human Rights,2019,13254
acfr2025,gf_expenditures,441,646,260 Department of Youth and Community Development,2016,508135
acfr2025,gf_expenditures,441,646,260 Department of Youth and Community Development,2017,549821
acfr2025,gf_expenditures,441,646,260 Department of Youth and Community Development,2018,620742
acfr2025,gf_expenditures,441,646,260 Department of Youth and Community Development,2019,697619
acfr2025,gf_expenditures,441,647,312 Conflicts of Interest Board,2016,2380
acfr2025,gf_expenditures,441,647,312 Conflicts of Interest Board,2017,2429
acfr2025,gf_expenditures,441,647,312 Conflicts of Interest Board,2018,2521
acfr2025,gf_expenditures,441,647,312 Conflicts of Interest Board,2019,2679
acfr2025,gf_expenditures,441,648,313 Office of Collective Bargaining,2016,2198
acfr2025,gf_expenditures,441,648,313 Office of Collective Bargaining,2017,2220
acfr2025,gf_expenditures,441,648,313 Office of Collective Bargaining,2018,2407
acfr2025,gf_expenditures,441,648,313 Office of Collective Bargaining,2019,2298
acfr2025,gf_expenditures,441,649,341 Manhattan Community Board # 1,2016,281
acfr2025,gf_expenditures,441,649,341 Manhattan Community Board # 1,2017,274
acfr2025,gf_expenditures,441,649,341 Manhattan Community Board # 1,2018,268
acfr2025,gf_expenditures,441,649,341 Manhattan Community Board # 1,2019,288
acfr2025,gf_expenditures,441,650,342 Manhattan Community Board # 2,2016,286
acfr2025,gf_expenditures,441,650,342 Manhattan Community Board # 2,2017,346
acfr2025,gf_expenditures,441,650,342 Manhattan Community Board # 2,2018,300
acfr2025,gf_expenditures,441,650,342 Manhattan Community Board # 2,2019,333
acfr2025,gf_expenditures,441,651,343 Manhattan Community Board # 3,2016,374
acfr2025,gf_expenditures,441,651,343 Manhattan Community Board # 3,2017,374
acfr2025,gf_expenditures,441,651,343 Manhattan Community Board # 3,2018,375
acfr2025,gf_expenditures,441,651,343 Manhattan Community Board # 3,2019,420
acfr2025,gf_expenditures,441,652,344 Manhattan Community Board # 4,2016,292
acfr2025,gf_expenditures,441,652,344 Manhattan Community Board # 4,2017,305
acfr2025,gf_expenditures,441,652,344 Manhattan Community Board # 4,2018,302
acfr2025,gf_expenditures,441,652,344 Manhattan Community Board # 4,2019,422
acfr2025,gf_expenditures,441,653,345 Manhattan Community Board # 5,2016,323
acfr2025,gf_expenditures,441,653,345 Manhattan Community Board # 5,2017,313
acfr2025,gf_expenditures,441,653,345 Manhattan Community Board # 5,2018,323
acfr2025,gf_expenditures,441,653,345 Manhattan Community Board # 5,2019,387
acfr2025,gf_expenditures,441,654,346 Manhattan Community Board # 6,2016,257
acfr2025,gf_expenditures,441,654,346 Manhattan Community Board # 6,2017,291
acfr2025,gf_expenditures,441,654,346 Manhattan Community Board # 6,2018,230
acfr2025,gf_expenditures,441,654,346 Manhattan Community Board # 6,2019,407
acfr2025,gf_expenditures,441,655,347 Manhattan Community Board # 7,2016,309
acfr2025,gf_expenditures,441,655,347 Manhattan Community Board # 7,2017,305
acfr2025,gf_expenditures,441,655,347 Manhattan Community Board # 7,2018,327
acfr2025,gf_expenditures,441,655,347 Manhattan Community Board # 7,2019,377
acfr2025,gf_expenditures,441,656,348 Manhattan Community Board # 8,2016,353
acfr2025,gf_expenditures,441,656,348 Manhattan Community Board # 8,2017,372
acfr2025,gf_expenditures,441,656,348 Manhattan Community Board # 8,2018,379
acfr2025,gf_expenditures,441,656,348 Manhattan Community Board # 8,2019,445
acfr2025,gf_expenditures,441,657,349 Manhattan Community Board # 9,2016,259
acfr2025,gf_expenditures,441,657,349 Manhattan Community Board # 9,2017,272
acfr2025,gf_expenditures,441,657,349 Manhattan Community Board # 9,2018,277
acfr2025,gf_expenditures,441,657,349 Manhattan Community Board # 9,2019,323
acfr2025,gf_expenditures,441,658,350 Manhattan Community Board # 10,2016,308
acfr2025,gf_expenditures,441,658,350 Manhattan Community Board # 10,2017,303
acfr2025,gf_expenditures,441,658,350 Manhattan Community Board # 10,2018,317
acfr2025,gf_expenditures,441,658,350 Manhattan Community Board # 10,2019,282
acfr2025,gf_expenditures,442,659,General Government: (cont.) 351 Manhattan Community Board # 11,2020,300
acfr2025,gf_expenditures,442,659,General Government: (cont.) 351 Manhattan Community Board # 11,2021,313
acfr2025,gf_expenditures,442,659,General Government: (cont.) 351 Manhattan Community Board # 11,2022,307
acfr2025,gf_expenditures,442,659,General Government: (cont.) 351 Manhattan Community Board # 11,2023,366
acfr2025,gf_expenditures,442,659,General Government: (cont.) 351 Manhattan Community Board # 11,2024,375
acfr2025,gf_expenditures,442,659,General Government: (cont.) 351 Manhattan Community Board # 11,2025,381
acfr2025,gf_expenditures,442,660,352 Manhattan Community Board # 12,2020,407
acfr2025,gf_expenditures,442,660,352 Manhattan Community Board # 12,2021,400
acfr2025,gf_expenditures,442,660,352 Manhattan Community Board # 12,2022,401
acfr2025,gf_expenditures,442,660,352 Manhattan Community Board # 12,2023,427
acfr2025,gf_expenditures,442,660,352 Manhattan Community Board # 12,2024,343
acfr2025,gf_expenditures,442,660,352 Manhattan Community Board # 12,2025,397
acfr2025,gf_expenditures,442,661,381 Bronx Community Board # 1,2020,356
acfr2025,gf_expenditures,442,661,381 Bronx Community Board # 1,2021,294
acfr2025,gf_expenditures,442,661,381 Bronx Community Board # 1,2022,290
acfr2025,gf_expenditures,442,661,381 Bronx Community Board # 1,2023,229
acfr2025,gf_expenditures,442,661,381 Bronx Community Board # 1,2024,352
acfr2025,gf_expenditures,442,661,381 Bronx Community Board # 1,2025,306
acfr2025,gf_expenditures,442,662,382 Bronx Community Board # 2,2020,270
acfr2025,gf_expenditures,442,662,382 Bronx Community Board # 2,2021,324
acfr2025,gf_expenditures,442,662,382 Bronx Community Board # 2,2022,293
acfr2025,gf_expenditures,442,662,382 Bronx Community Board # 2,2023,305
acfr2025,gf_expenditures,442,662,382 Bronx Community Board # 2,2024,337
acfr2025,gf_expenditures,442,662,382 Bronx Community Board # 2,2025,347
acfr2025,gf_expenditures,442,663,383 Bronx Community Board # 3,2020,337
acfr2025,gf_expenditures,442,663,383 Bronx Community Board # 3,2021,310
acfr2025,gf_expenditures,442,663,383 Bronx Community Board # 3,2022,290
acfr2025,gf_expenditures,442,663,383 Bronx Community Board # 3,2023,161
acfr2025,gf_expenditures,442,663,383 Bronx Community Board # 3,2024,216
acfr2025,gf_expenditures,442,663,383 Bronx Community Board # 3,2025,247
acfr2025,gf_expenditures,442,664,384 Bronx Community Board # 4,2020,283
acfr2025,gf_expenditures,442,664,384 Bronx Community Board # 4,2021,241
acfr2025,gf_expenditures,442,664,384 Bronx Community Board # 4,2022,256
acfr2025,gf_expenditures,442,664,384 Bronx Community Board # 4,2023,223
acfr2025,gf_expenditures,442,664,384 Bronx Community Board # 4,2024,272
acfr2025,gf_expenditures,442,664,384 Bronx Community Board # 4,2025,190
acfr2025,gf_expenditures,442,665,385 Bronx Community Board # 5,2020,192
acfr2025,gf_expenditures,442,665,385 Bronx Community Board # 5,2021,173
acfr2025,gf_expenditures,442,665,385 Bronx Community Board # 5,2022,183
acfr2025,gf_expenditures,442,665,385 Bronx Community Board # 5,2023,197
acfr2025,gf_expenditures,442,665,385 Bronx Community Board # 5,2024,181
acfr2025,gf_expenditures,442,665,385 Bronx Community Board # 5,2025,224
acfr2025,gf_expenditures,442,666,386 Bronx Community Board # 6,2020,253
acfr2025,gf_expenditures,442,666,386 Bronx Community Board # 6,2021,214
acfr2025,gf_expenditures,442,666,386 Bronx Community Board # 6,2022,177
acfr2025,gf_expenditures,442,666,386 Bronx Community Board # 6,2023,258
acfr2025,gf_expenditures,442,666,386 Bronx Community Board # 6,2024,257
acfr2025,gf_expenditures,442,666,386 Bronx Community Board # 6,2025,271
acfr2025,gf_expenditures,442,667,387 Bronx Community Board # 7,2020,334
acfr2025,gf_expenditures,442,667,387 Bronx Community Board # 7,2021,261
acfr2025,gf_expenditures,442,667,387 Bronx Community Board # 7,2022,312
acfr2025,gf_expenditures,442,667,387 Bronx Community Board # 7,2023,248
acfr2025,gf_expenditures,442,667,387 Bronx Community Board # 7,2024,346
acfr2025,gf_expenditures,442,667,387 Bronx Community Board # 7,2025,347
acfr2025,gf_expenditures,442,668,388 Bronx Community Board # 8,2020,287
acfr2025,gf_expenditures,442,668,388 Bronx Community Board # 8,2021,273
acfr2025,gf_expenditures,442,668,388 Bronx Community Board # 8,2022,285
acfr2025,gf_expenditures,442,668,388 Bronx Community Board # 8,2023,264
acfr2025,gf_expenditures,442,668,388 Bronx Community Board # 8,2024,302
acfr2025,gf_expenditures,442,668,388 Bronx Community Board # 8,2025,290
acfr2025,gf_expenditures,442,669,389 Bronx Community Board # 9,2020,386
acfr2025,gf_expenditures,442,669,389 Bronx Community Board # 9,2021,440
acfr2025,gf_expenditures,442,669,389 Bronx Community Board # 9,2022,304
acfr2025,gf_expenditures,442,669,389 Bronx Community Board # 9,2023,339
acfr2025,gf_expenditures,442,669,389 Bronx Community Board # 9,2024,425
acfr2025,gf_expenditures,442,669,389 Bronx Community Board # 9,2025,376
acfr2025,gf_expenditures,442,670,390 Bronx Community Board # 10,2020,312
acfr2025,gf_expenditures,442,670,390 Bronx Community Board # 10,2021,298
acfr2025,gf_expenditures,442,670,390 Bronx Community Board # 10,2022,304
acfr2025,gf_expenditures,442,670,390 Bronx Community Board # 10,2023,330
acfr2025,gf_expenditures,442,670,390 Bronx Community Board # 10,2024,344
acfr2025,gf_expenditures,442,670,390 Bronx Community Board # 10,2025,340
acfr2025,gf_expenditures,442,671,391 Bronx Community Board # 11,2020,339
acfr2025,gf_expenditures,442,671,391 Bronx Community Board # 11,2021,291
acfr2025,gf_expenditures,442,671,391 Bronx Community Board # 11,2022,301
acfr2025,gf_expenditures,442,671,391 Bronx Community Board # 11,2023,325
acfr2025,gf_expenditures,442,671,391 Bronx Community Board # 11,2024,408
acfr2025,gf_expenditures,442,671,391 Bronx Community Board # 11,2025,359
acfr2025,gf_expenditures,442,672,392 Bronx Community Board # 12,2020,296
acfr2025,gf_expenditures,442,672,392 Bronx Community Board # 12,2021,254
acfr2025,gf_expenditures,442,672,392 Bronx Community Board # 12,2022,271
acfr2025,gf_expenditures,442,672,392 Bronx Community Board # 12,2023,280
acfr2025,gf_expenditures,442,672,392 Bronx Community Board # 12,2024,283
acfr2025,gf_expenditures,442,672,392 Bronx Community Board # 12,2025,292
acfr2025,gf_expenditures,442,673,431 Queens Community Board # 1,2020,266
acfr2025,gf_expenditures,442,673,431 Queens Community Board # 1,2021,283
acfr2025,gf_expenditures,442,673,431 Queens Community Board # 1,2022,289
acfr2025,gf_expenditures,442,673,431 Queens Community Board # 1,2023,302
acfr2025,gf_expenditures,442,673,431 Queens Community Board # 1,2024,288
acfr2025,gf_expenditures,442,673,431 Queens Community Board # 1,2025,328
acfr2025,gf_expenditures,442,674,432 Queens Community Board # 2,2020,354
acfr2025,gf_expenditures,442,674,432 Queens Community Board # 2,2021,323
acfr2025,gf_expenditures,442,674,432 Queens Community Board # 2,2022,310
acfr2025,gf_expenditures,442,674,432 Queens Community Board # 2,2023,339
acfr2025,gf_expenditures,442,674,432 Queens Community Board # 2,2024,367
acfr2025,gf_expenditures,442,674,432 Queens Community Board # 2,2025,396
acfr2025,gf_expenditures,442,675,433 Queens Community Board # 3,2020,332
acfr2025,gf_expenditures,442,675,433 Queens Community Board # 3,2021,312
acfr2025,gf_expenditures,442,675,433 Queens Community Board # 3,2022,317
acfr2025,gf_expenditures,442,675,433 Queens Community Board # 3,2023,345
acfr2025,gf_expenditures,442,675,433 Queens Community Board # 3,2024,342
acfr2025,gf_expenditures,442,675,433 Queens Community Board # 3,2025,372
acfr2025,gf_expenditures,443,676,General Government: (cont.) 351 Manhattan Community Board # 11,2016,287
acfr2025,gf_expenditures,443,676,General Government: (cont.) 351 Manhattan Community Board # 11,2017,269
acfr2025,gf_expenditures,443,676,General Government: (cont.) 351 Manhattan Community Board # 11,2018,312
acfr2025,gf_expenditures,443,676,General Government: (cont.) 351 Manhattan Community Board # 11,2019,302
acfr2025,gf_expenditures,443,677,352 Manhattan Community Board # 12,2016,316
acfr2025,gf_expenditures,443,677,352 Manhattan Community Board # 12,2017,581
acfr2025,gf_expenditures,443,677,352 Manhattan Community Board # 12,2018,385
acfr2025,gf_expenditures,443,677,352 Manhattan Community Board # 12,2019,394
acfr2025,gf_expenditures,443,678,381 Bronx Community Board # 1,2016,276
acfr2025,gf_expenditures,443,678,381 Bronx Community Board # 1,2017,283
acfr2025,gf_expenditures,443,678,381 Bronx Community Board # 1,2018,290
acfr2025,gf_expenditures,443,678,381 Bronx Community Board # 1,2019,346
acfr2025,gf_expenditures,443,679,382 Bronx Community Board # 2,2016,226
acfr2025,gf_expenditures,443,679,382 Bronx Community Board # 2,2017,226
acfr2025,gf_expenditures,443,679,382 Bronx Community Board # 2,2018,302
acfr2025,gf_expenditures,443,679,382 Bronx Community Board # 2,2019,304
acfr2025,gf_expenditures,443,680,383 Bronx Community Board # 3,2016,276
acfr2025,gf_expenditures,443,680,383 Bronx Community Board # 3,2017,286
acfr2025,gf_expenditures,443,680,383 Bronx Community Board # 3,2018,290
acfr2025,gf_expenditures,443,680,383 Bronx Community Board # 3,2019,329
acfr2025,gf_expenditures,443,681,384 Bronx Community Board # 4,2016,201
acfr2025,gf_expenditures,443,681,384 Bronx Community Board # 4,2017,240
acfr2025,gf_expenditures,443,681,384 Bronx Community Board # 4,2018,230
acfr2025,gf_expenditures,443,681,384 Bronx Community Board # 4,2019,284
acfr2025,gf_expenditures,443,682,385 Bronx Community Board # 5,2016,226
acfr2025,gf_expenditures,443,682,385 Bronx Community Board # 5,2017,157
acfr2025,gf_expenditures,443,682,385 Bronx Community Board # 5,2018,174
acfr2025,gf_expenditures,443,682,385 Bronx Community Board # 5,2019,202
acfr2025,gf_expenditures,443,683,386 Bronx Community Board # 6,2016,231
acfr2025,gf_expenditures,443,683,386 Bronx Community Board # 6,2017,222
acfr2025,gf_expenditures,443,683,386 Bronx Community Board # 6,2018,204
acfr2025,gf_expenditures,443,683,386 Bronx Community Board # 6,2019,260
acfr2025,gf_expenditures,443,684,387 Bronx Community Board # 7,2016,263
acfr2025,gf_expenditures,443,684,387 Bronx Community Board # 7,2017,235
acfr2025,gf_expenditures,443,684,387 Bronx Community Board # 7,2018,246
acfr2025,gf_expenditures,443,684,387 Bronx Community Board # 7,2019,332
acfr2025,gf_expenditures,443,685,388 Bronx Community Board # 8,2016,241
acfr2025,gf_expenditures,443,685,388 Bronx Community Board # 8,2017,242
acfr2025,gf_expenditures,443,685,388 Bronx Community Board # 8,2018,179
acfr2025,gf_expenditures,443,685,388 Bronx Community Board # 8,2019,277
acfr2025,gf_expenditures,443,686,389 Bronx Community Board # 9,2016,289
acfr2025,gf_expenditures,443,686,389 Bronx Community Board # 9,2017,283
acfr2025,gf_expenditures,443,686,389 Bronx Community Board # 9,2018,299
acfr2025,gf_expenditures,443,686,389 Bronx Community Board # 9,2019,318
acfr2025,gf_expenditures,443,687,390 Bronx Community Board # 10,2016,284
acfr2025,gf_expenditures,443,687,390 Bronx Community Board # 10,2017,296
acfr2025,gf_expenditures,443,687,390 Bronx Community Board # 10,2018,297
acfr2025,gf_expenditures,443,687,390 Bronx Community Board # 10,2019,332
acfr2025,gf_expenditures,443,688,391 Bronx Community Board # 11,2016,276
acfr2025,gf_expenditures,443,688,391 Bronx Community Board # 11,2017,281
acfr2025,gf_expenditures,443,688,391 Bronx Community Board # 11,2018,282
acfr2025,gf_expenditures,443,688,391 Bronx Community Board # 11,2019,319
acfr2025,gf_expenditures,443,689,392 Bronx Community Board # 12,2016,220
acfr2025,gf_expenditures,443,689,392 Bronx Community Board # 12,2017,225
acfr2025,gf_expenditures,443,689,392 Bronx Community Board # 12,2018,238
acfr2025,gf_expenditures,443,689,392 Bronx Community Board # 12,2019,292
acfr2025,gf_expenditures,443,690,431 Queens Community Board # 1,2016,206
acfr2025,gf_expenditures,443,690,431 Queens Community Board # 1,2017,242
acfr2025,gf_expenditures,443,690,431 Queens Community Board # 1,2018,264
acfr2025,gf_expenditures,443,690,431 Queens Community Board # 1,2019,314
acfr2025,gf_expenditures,443,691,432 Queens Community Board # 2,2016,300
acfr2025,gf_expenditures,443,691,432 Queens Community Board # 2,2017,310
acfr2025,gf_expenditures,443,691,432 Queens Community Board # 2,2018,313
acfr2025,gf_expenditures,443,691,432 Queens Community Board # 2,2019,357
acfr2025,gf_expenditures,443,692,433 Queens Community Board # 3,2016,287
acfr2025,gf_expenditures,443,692,433 Queens Community Board # 3,2017,307
acfr2025,gf_expenditures,443,692,433 Queens Community Board # 3,2018,321
acfr2025,gf_expenditures,443,692,433 Queens Community Board # 3,2019,334
acfr2025,gf_expenditures,444,693,General Government: (cont.) 434 Queens Community Board # 4,2020,332
acfr2025,gf_expenditures,444,693,General Government: (cont.) 434 Queens Community Board # 4,2021,291
acfr2025,gf_expenditures,444,693,General Government: (cont.) 434 Queens Community Board # 4,2022,299
acfr2025,gf_expenditures,444,693,General Government: (cont.) 434 Queens Community Board # 4,2023,317
acfr2025,gf_expenditures,444,693,General Government: (cont.) 434 Queens Community Board # 4,2024,311
acfr2025,gf_expenditures,444,693,General Government: (cont.) 434 Queens Community Board # 4,2025,293
acfr2025,gf_expenditures,444,694,435 Queens Community Board # 5,2020,313
acfr2025,gf_expenditures,444,694,435 Queens Community Board # 5,2021,285
acfr2025,gf_expenditures,444,694,435 Queens Community Board # 5,2022,282
acfr2025,gf_expenditures,444,694,435 Queens Community Board # 5,2023,312
acfr2025,gf_expenditures,444,694,435 Queens Community Board # 5,2024,322
acfr2025,gf_expenditures,444,694,435 Queens Community Board # 5,2025,334
acfr2025,gf_expenditures,444,695,436 Queens Community Board # 6,2020,324
acfr2025,gf_expenditures,444,695,436 Queens Community Board # 6,2021,303
acfr2025,gf_expenditures,444,695,436 Queens Community Board # 6,2022,317
acfr2025,gf_expenditures,444,695,436 Queens Community Board # 6,2023,338
acfr2025,gf_expenditures,444,695,436 Queens Community Board # 6,2024,338
acfr2025,gf_expenditures,444,695,436 Queens Community Board # 6,2025,295
acfr2025,gf_expenditures,444,696,437 Queens Community Board # 7,2020,351
acfr2025,gf_expenditures,444,696,437 Queens Community Board # 7,2021,326
acfr2025,gf_expenditures,444,696,437 Queens Community Board # 7,2022,349
acfr2025,gf_expenditures,444,696,437 Queens Community Board # 7,2023,339
acfr2025,gf_expenditures,444,696,437 Queens Community Board # 7,2024,335
acfr2025,gf_expenditures,444,696,437 Queens Community Board # 7,2025,344
acfr2025,gf_expenditures,444,697,438 Queens Community Board # 8,2020,343
acfr2025,gf_expenditures,444,697,438 Queens Community Board # 8,2021,316
acfr2025,gf_expenditures,444,697,438 Queens Community Board # 8,2022,335
acfr2025,gf_expenditures,444,697,438 Queens Community Board # 8,2023,347
acfr2025,gf_expenditures,444,697,438 Queens Community Board # 8,2024,367
acfr2025,gf_expenditures,444,697,438 Queens Community Board # 8,2025,369
acfr2025,gf_expenditures,444,698,439 Queens Community Board # 9,2020,229
acfr2025,gf_expenditures,444,698,439 Queens Community Board # 9,2021,176
acfr2025,gf_expenditures,444,698,439 Queens Community Board # 9,2022,190
acfr2025,gf_expenditures,444,698,439 Queens Community Board # 9,2023,228
acfr2025,gf_expenditures,444,698,439 Queens Community Board # 9,2024,239
acfr2025,gf_expenditures,444,698,439 Queens Community Board # 9,2025,259
acfr2025,gf_expenditures,444,699,440 Queens Community Board # 10,2020,306
acfr2025,gf_expenditures,444,699,440 Queens Community Board # 10,2021,284
acfr2025,gf_expenditures,444,699,440 Queens Community Board # 10,2022,299
acfr2025,gf_expenditures,444,699,440 Queens Community Board # 10,2023,233
acfr2025,gf_expenditures,444,699,440 Queens Community Board # 10,2024,221
acfr2025,gf_expenditures,444,699,440 Queens Community Board # 10,2025,206
acfr2025,gf_expenditures,444,700,441 Queens Community Board # 11,2020,332
acfr2025,gf_expenditures,444,700,441 Queens Community Board # 11,2021,301
acfr2025,gf_expenditures,444,700,441 Queens Community Board # 11,2022,338
acfr2025,gf_expenditures,444,700,441 Queens Community Board # 11,2023,349
acfr2025,gf_expenditures,444,700,441 Queens Community Board # 11,2024,363
acfr2025,gf_expenditures,444,700,441 Queens Community Board # 11,2025,373
acfr2025,gf_expenditures,444,701,442 Queens Community Board # 12,2020,331
acfr2025,gf_expenditures,444,701,442 Queens Community Board # 12,2021,289
acfr2025,gf_expenditures,444,701,442 Queens Community Board # 12,2022,306
acfr2025,gf_expenditures,444,701,442 Queens Community Board # 12,2023,303
acfr2025,gf_expenditures,444,701,442 Queens Community Board # 12,2024,315
acfr2025,gf_expenditures,444,701,442 Queens Community Board # 12,2025,349
acfr2025,gf_expenditures,444,702,443 Queens Community Board # 13,2020,331
acfr2025,gf_expenditures,444,702,443 Queens Community Board # 13,2021,291
acfr2025,gf_expenditures,444,702,443 Queens Community Board # 13,2022,287
acfr2025,gf_expenditures,444,702,443 Queens Community Board # 13,2023,232
acfr2025,gf_expenditures,444,702,443 Queens Community Board # 13,2024,252
acfr2025,gf_expenditures,444,702,443 Queens Community Board # 13,2025,261
acfr2025,gf_expenditures,444,703,444 Queens Community Board # 14,2020,301
acfr2025,gf_expenditures,444,703,444 Queens Community Board # 14,2021,279
acfr2025,gf_expenditures,444,703,444 Queens Community Board # 14,2022,268
acfr2025,gf_expenditures,444,703,444 Queens Community Board # 14,2023,289
acfr2025,gf_expenditures,444,703,444 Queens Community Board # 14,2024,226
acfr2025,gf_expenditures,444,703,444 Queens Community Board # 14,2025,199
acfr2025,gf_expenditures,444,704,471 Brooklyn Community Board # 1,2020,351
acfr2025,gf_expenditures,444,704,471 Brooklyn Community Board # 1,2021,356
acfr2025,gf_expenditures,444,704,471 Brooklyn Community Board # 1,2022,368
acfr2025,gf_expenditures,444,704,471 Brooklyn Community Board # 1,2023,338
acfr2025,gf_expenditures,444,704,471 Brooklyn Community Board # 1,2024,198
acfr2025,gf_expenditures,444,704,471 Brooklyn Community Board # 1,2025,306
acfr2025,gf_expenditures,444,705,472 Brooklyn Community Board # 2,2020,292
acfr2025,gf_expenditures,444,705,472 Brooklyn Community Board # 2,2021,279
acfr2025,gf_expenditures,444,705,472 Brooklyn Community Board # 2,2022,199
acfr2025,gf_expenditures,444,705,472 Brooklyn Community Board # 2,2023,179
acfr2025,gf_expenditures,444,705,472 Brooklyn Community Board # 2,2024,260
acfr2025,gf_expenditures,444,705,472 Brooklyn Community Board # 2,2025,294
acfr2025,gf_expenditures,444,706,473 Brooklyn Community Board # 3,2020,298
acfr2025,gf_expenditures,444,706,473 Brooklyn Community Board # 3,2021,283
acfr2025,gf_expenditures,444,706,473 Brooklyn Community Board # 3,2022,254
acfr2025,gf_expenditures,444,706,473 Brooklyn Community Board # 3,2023,267
acfr2025,gf_expenditures,444,706,473 Brooklyn Community Board # 3,2024,203
acfr2025,gf_expenditures,444,706,473 Brooklyn Community Board # 3,2025,266
acfr2025,gf_expenditures,444,707,474 Brooklyn Community Board # 4,2020,311
acfr2025,gf_expenditures,444,707,474 Brooklyn Community Board # 4,2021,281
acfr2025,gf_expenditures,444,707,474 Brooklyn Community Board # 4,2022,274
acfr2025,gf_expenditures,444,707,474 Brooklyn Community Board # 4,2023,276
acfr2025,gf_expenditures,444,707,474 Brooklyn Community Board # 4,2024,277
acfr2025,gf_expenditures,444,707,474 Brooklyn Community Board # 4,2025,294
acfr2025,gf_expenditures,444,708,475 Brooklyn Community Board # 5,2020,256
acfr2025,gf_expenditures,444,708,475 Brooklyn Community Board # 5,2021,238
acfr2025,gf_expenditures,444,708,475 Brooklyn Community Board # 5,2022,246
acfr2025,gf_expenditures,444,708,475 Brooklyn Community Board # 5,2023,206
acfr2025,gf_expenditures,444,708,475 Brooklyn Community Board # 5,2024,226
acfr2025,gf_expenditures,444,708,475 Brooklyn Community Board # 5,2025,200
acfr2025,gf_expenditures,444,709,476 Brooklyn Community Board # 6,2020,256
acfr2025,gf_expenditures,444,709,476 Brooklyn Community Board # 6,2021,246
acfr2025,gf_expenditures,444,709,476 Brooklyn Community Board # 6,2022,241
acfr2025,gf_expenditures,444,709,476 Brooklyn Community Board # 6,2023,212
acfr2025,gf_expenditures,444,709,476 Brooklyn Community Board # 6,2024,226
acfr2025,gf_expenditures,444,709,476 Brooklyn Community Board # 6,2025,270
acfr2025,gf_expenditures,445,710,General Government: (cont.) 434 Queens Community Board # 4,2016,253
acfr2025,gf_expenditures,445,710,General Government: (cont.) 434 Queens Community Board # 4,2017,272
acfr2025,gf_expenditures,445,710,General Government: (cont.) 434 Queens Community Board # 4,2018,281
acfr2025,gf_expenditures,445,710,General Government: (cont.) 434 Queens Community Board # 4,2019,318
acfr2025,gf_expenditures,445,711,435 Queens Community Board # 5,2016,256
acfr2025,gf_expenditures,445,711,435 Queens Community Board # 5,2017,267
acfr2025,gf_expenditures,445,711,435 Queens Community Board # 5,2018,270
acfr2025,gf_expenditures,445,711,435 Queens Community Board # 5,2019,304
acfr2025,gf_expenditures,445,712,436 Queens Community Board # 6,2016,272
acfr2025,gf_expenditures,445,712,436 Queens Community Board # 6,2017,284
acfr2025,gf_expenditures,445,712,436 Queens Community Board # 6,2018,290
acfr2025,gf_expenditures,445,712,436 Queens Community Board # 6,2019,315
acfr2025,gf_expenditures,445,713,437 Queens Community Board # 7,2016,304
acfr2025,gf_expenditures,445,713,437 Queens Community Board # 7,2017,316
acfr2025,gf_expenditures,445,713,437 Queens Community Board # 7,2018,263
acfr2025,gf_expenditures,445,713,437 Queens Community Board # 7,2019,341
acfr2025,gf_expenditures,445,714,438 Queens Community Board # 8,2016,296
acfr2025,gf_expenditures,445,714,438 Queens Community Board # 8,2017,305
acfr2025,gf_expenditures,445,714,438 Queens Community Board # 8,2018,308
acfr2025,gf_expenditures,445,714,438 Queens Community Board # 8,2019,370
acfr2025,gf_expenditures,445,715,439 Queens Community Board # 9,2016,212
acfr2025,gf_expenditures,445,715,439 Queens Community Board # 9,2017,178
acfr2025,gf_expenditures,445,715,439 Queens Community Board # 9,2018,217
acfr2025,gf_expenditures,445,715,439 Queens Community Board # 9,2019,221
acfr2025,gf_expenditures,445,716,440 Queens Community Board # 10,2016,262
acfr2025,gf_expenditures,445,716,440 Queens Community Board # 10,2017,268
acfr2025,gf_expenditures,445,716,440 Queens Community Board # 10,2018,277
acfr2025,gf_expenditures,445,716,440 Queens Community Board # 10,2019,327
acfr2025,gf_expenditures,445,717,441 Queens Community Board # 11,2016,288
acfr2025,gf_expenditures,445,717,441 Queens Community Board # 11,2017,296
acfr2025,gf_expenditures,445,717,441 Queens Community Board # 11,2018,287
acfr2025,gf_expenditures,445,717,441 Queens Community Board # 11,2019,354
acfr2025,gf_expenditures,445,718,442 Queens Community Board # 12,2016,249
acfr2025,gf_expenditures,445,718,442 Queens Community Board # 12,2017,261
acfr2025,gf_expenditures,445,718,442 Queens Community Board # 12,2018,289
acfr2025,gf_expenditures,445,718,442 Queens Community Board # 12,2019,318
acfr2025,gf_expenditures,445,719,443 Queens Community Board # 13,2016,235
acfr2025,gf_expenditures,445,719,443 Queens Community Board # 13,2017,271
acfr2025,gf_expenditures,445,719,443 Queens Community Board # 13,2018,276
acfr2025,gf_expenditures,445,719,443 Queens Community Board # 13,2019,332
acfr2025,gf_expenditures,445,720,444 Queens Community Board # 14,2016,244
acfr2025,gf_expenditures,445,720,444 Queens Community Board # 14,2017,246
acfr2025,gf_expenditures,445,720,444 Queens Community Board # 14,2018,248
acfr2025,gf_expenditures,445,720,444 Queens Community Board # 14,2019,289
acfr2025,gf_expenditures,445,721,471 Brooklyn Community Board # 1,2016,303
acfr2025,gf_expenditures,445,721,471 Brooklyn Community Board # 1,2017,306
acfr2025,gf_expenditures,445,721,471 Brooklyn Community Board # 1,2018,308
acfr2025,gf_expenditures,445,721,471 Brooklyn Community Board # 1,2019,355
acfr2025,gf_expenditures,445,722,472 Brooklyn Community Board # 2,2016,248
acfr2025,gf_expenditures,445,722,472 Brooklyn Community Board # 2,2017,270
acfr2025,gf_expenditures,445,722,472 Brooklyn Community Board # 2,2018,278
acfr2025,gf_expenditures,445,722,472 Brooklyn Community Board # 2,2019,331
acfr2025,gf_expenditures,445,723,473 Brooklyn Community Board # 3,2016,258
acfr2025,gf_expenditures,445,723,473 Brooklyn Community Board # 3,2017,254
acfr2025,gf_expenditures,445,723,473 Brooklyn Community Board # 3,2018,255
acfr2025,gf_expenditures,445,723,473 Brooklyn Community Board # 3,2019,333
acfr2025,gf_expenditures,445,724,474 Brooklyn Community Board # 4,2016,273
acfr2025,gf_expenditures,445,724,474 Brooklyn Community Board # 4,2017,263
acfr2025,gf_expenditures,445,724,474 Brooklyn Community Board # 4,2018,262
acfr2025,gf_expenditures,445,724,474 Brooklyn Community Board # 4,2019,299
acfr2025,gf_expenditures,445,725,475 Brooklyn Community Board # 5,2016,227
acfr2025,gf_expenditures,445,725,475 Brooklyn Community Board # 5,2017,155
acfr2025,gf_expenditures,445,725,475 Brooklyn Community Board # 5,2018,216
acfr2025,gf_expenditures,445,725,475 Brooklyn Community Board # 5,2019,242
acfr2025,gf_expenditures,445,726,476 Brooklyn Community Board # 6,2016,228
acfr2025,gf_expenditures,445,726,476 Brooklyn Community Board # 6,2017,231
acfr2025,gf_expenditures,445,726,476 Brooklyn Community Board # 6,2018,166
acfr2025,gf_expenditures,445,726,476 Brooklyn Community Board # 6,2019,289
acfr2025,gf_expenditures,446,727,General Government: (cont.) 477 Brooklyn Community Board # 7,2020,285
acfr2025,gf_expenditures,446,727,General Government: (cont.) 477 Brooklyn Community Board # 7,2021,248
acfr2025,gf_expenditures,446,727,General Government: (cont.) 477 Brooklyn Community Board # 7,2022,260
acfr2025,gf_expenditures,446,727,General Government: (cont.) 477 Brooklyn Community Board # 7,2023,275
acfr2025,gf_expenditures,446,727,General Government: (cont.) 477 Brooklyn Community Board # 7,2024,274
acfr2025,gf_expenditures,446,727,General Government: (cont.) 477 Brooklyn Community Board # 7,2025,288
acfr2025,gf_expenditures,446,728,478 Brooklyn Community Board # 8,2020,297
acfr2025,gf_expenditures,446,728,478 Brooklyn Community Board # 8,2021,300
acfr2025,gf_expenditures,446,728,478 Brooklyn Community Board # 8,2022,301
acfr2025,gf_expenditures,446,728,478 Brooklyn Community Board # 8,2023,324
acfr2025,gf_expenditures,446,728,478 Brooklyn Community Board # 8,2024,335
acfr2025,gf_expenditures,446,728,478 Brooklyn Community Board # 8,2025,349
acfr2025,gf_expenditures,446,729,479 Brooklyn Community Board # 9,2020,267
acfr2025,gf_expenditures,446,729,479 Brooklyn Community Board # 9,2021,311
acfr2025,gf_expenditures,446,729,479 Brooklyn Community Board # 9,2022,351
acfr2025,gf_expenditures,446,729,479 Brooklyn Community Board # 9,2023,355
acfr2025,gf_expenditures,446,729,479 Brooklyn Community Board # 9,2024,379
acfr2025,gf_expenditures,446,729,479 Brooklyn Community Board # 9,2025,374
acfr2025,gf_expenditures,446,730,480 Brooklyn Community Board # 10,2020,362
acfr2025,gf_expenditures,446,730,480 Brooklyn Community Board # 10,2021,329
acfr2025,gf_expenditures,446,730,480 Brooklyn Community Board # 10,2022,347
acfr2025,gf_expenditures,446,730,480 Brooklyn Community Board # 10,2023,360
acfr2025,gf_expenditures,446,730,480 Brooklyn Community Board # 10,2024,368
acfr2025,gf_expenditures,446,730,480 Brooklyn Community Board # 10,2025,378
acfr2025,gf_expenditures,446,731,481 Brooklyn Community Board # 11,2020,271
acfr2025,gf_expenditures,446,731,481 Brooklyn Community Board # 11,2021,279
acfr2025,gf_expenditures,446,731,481 Brooklyn Community Board # 11,2022,289
acfr2025,gf_expenditures,446,731,481 Brooklyn Community Board # 11,2023,295
acfr2025,gf_expenditures,446,731,481 Brooklyn Community Board # 11,2024,305
acfr2025,gf_expenditures,446,731,481 Brooklyn Community Board # 11,2025,313
acfr2025,gf_expenditures,446,732,482 Brooklyn Community Board # 12,2020,374
acfr2025,gf_expenditures,446,732,482 Brooklyn Community Board # 12,2021,328
acfr2025,gf_expenditures,446,732,482 Brooklyn Community Board # 12,2022,345
acfr2025,gf_expenditures,446,732,482 Brooklyn Community Board # 12,2023,336
acfr2025,gf_expenditures,446,732,482 Brooklyn Community Board # 12,2024,364
acfr2025,gf_expenditures,446,732,482 Brooklyn Community Board # 12,2025,369
acfr2025,gf_expenditures,446,733,483 Brooklyn Community Board # 13,2020,310
acfr2025,gf_expenditures,446,733,483 Brooklyn Community Board # 13,2021,258
acfr2025,gf_expenditures,446,733,483 Brooklyn Community Board # 13,2022,302
acfr2025,gf_expenditures,446,733,483 Brooklyn Community Board # 13,2023,286
acfr2025,gf_expenditures,446,733,483 Brooklyn Community Board # 13,2024,324
acfr2025,gf_expenditures,446,733,483 Brooklyn Community Board # 13,2025,367
acfr2025,gf_expenditures,446,734,484 Brooklyn Community Board # 14,2020,366
acfr2025,gf_expenditures,446,734,484 Brooklyn Community Board # 14,2021,293
acfr2025,gf_expenditures,446,734,484 Brooklyn Community Board # 14,2022,358
acfr2025,gf_expenditures,446,734,484 Brooklyn Community Board # 14,2023,348
acfr2025,gf_expenditures,446,734,484 Brooklyn Community Board # 14,2024,365
acfr2025,gf_expenditures,446,734,484 Brooklyn Community Board # 14,2025,563
acfr2025,gf_expenditures,446,735,485 Brooklyn Community Board # 15,2020,187
acfr2025,gf_expenditures,446,735,485 Brooklyn Community Board # 15,2021,178
acfr2025,gf_expenditures,446,735,485 Brooklyn Community Board # 15,2022,173
acfr2025,gf_expenditures,446,735,485 Brooklyn Community Board # 15,2023,160
acfr2025,gf_expenditures,446,735,485 Brooklyn Community Board # 15,2024,102
acfr2025,gf_expenditures,446,735,485 Brooklyn Community Board # 15,2025,132
acfr2025,gf_expenditures,446,736,486 Brooklyn Community Board # 16,2020,242
acfr2025,gf_expenditures,446,736,486 Brooklyn Community Board # 16,2021,226
acfr2025,gf_expenditures,446,736,486 Brooklyn Community Board # 16,2022,228
acfr2025,gf_expenditures,446,736,486 Brooklyn Community Board # 16,2023,288
acfr2025,gf_expenditures,446,736,486 Brooklyn Community Board # 16,2024,87
acfr2025,gf_expenditures,446,736,486 Brooklyn Community Board # 16,2025,134
acfr2025,gf_expenditures,446,737,487 Brooklyn Community Board # 17,2020,331
acfr2025,gf_expenditures,446,737,487 Brooklyn Community Board # 17,2021,239
acfr2025,gf_expenditures,446,737,487 Brooklyn Community Board # 17,2022,322
acfr2025,gf_expenditures,446,737,487 Brooklyn Community Board # 17,2023,367
acfr2025,gf_expenditures,446,737,487 Brooklyn Community Board # 17,2024,369
acfr2025,gf_expenditures,446,737,487 Brooklyn Community Board # 17,2025,387
acfr2025,gf_expenditures,446,738,488 Brooklyn Community Board # 18,2020,256
acfr2025,gf_expenditures,446,738,488 Brooklyn Community Board # 18,2021,243
acfr2025,gf_expenditures,446,738,488 Brooklyn Community Board # 18,2022,222
acfr2025,gf_expenditures,446,738,488 Brooklyn Community Board # 18,2023,229
acfr2025,gf_expenditures,446,738,488 Brooklyn Community Board # 18,2024,261
acfr2025,gf_expenditures,446,738,488 Brooklyn Community Board # 18,2025,272
acfr2025,gf_expenditures,446,739,491 Staten Island Community Board # 1,2020,306
acfr2025,gf_expenditures,446,739,491 Staten Island Community Board # 1,2021,281
acfr2025,gf_expenditures,446,739,491 Staten Island Community Board # 1,2022,261
acfr2025,gf_expenditures,446,739,491 Staten Island Community Board # 1,2023,289
acfr2025,gf_expenditures,446,739,491 Staten Island Community Board # 1,2024,256
acfr2025,gf_expenditures,446,739,491 Staten Island Community Board # 1,2025,266
acfr2025,gf_expenditures,446,740,492 Staten Island Community Board # 2,2020,197
acfr2025,gf_expenditures,446,740,492 Staten Island Community Board # 2,2021,180
acfr2025,gf_expenditures,446,740,492 Staten Island Community Board # 2,2022,196
acfr2025,gf_expenditures,446,740,492 Staten Island Community Board # 2,2023,274
acfr2025,gf_expenditures,446,740,492 Staten Island Community Board # 2,2024,273
acfr2025,gf_expenditures,446,740,492 Staten Island Community Board # 2,2025,224
acfr2025,gf_expenditures,446,741,493 Staten Island Community Board # 3,2020,329
acfr2025,gf_expenditures,446,741,493 Staten Island Community Board # 3,2021,320
acfr2025,gf_expenditures,446,741,493 Staten Island Community Board # 3,2022,329
acfr2025,gf_expenditures,446,741,493 Staten Island Community Board # 3,2023,356
acfr2025,gf_expenditures,446,741,493 Staten Island Community Board # 3,2024,365
acfr2025,gf_expenditures,446,741,493 Staten Island Community Board # 3,2025,344
acfr2025,gf_expenditures,446,742,801 Department of Small Business Services,2020,330634
acfr2025,gf_expenditures,446,742,801 Department of Small Business Services,2021,221895
acfr2025,gf_expenditures,446,742,801 Department of Small Business Services,2022,491713
acfr2025,gf_expenditures,446,742,801 Department of Small Business Services,2023,344390
acfr2025,gf_expenditures,446,742,801 Department of Small Business Services,2024,246856
acfr2025,gf_expenditures,446,742,801 Department of Small Business Services,2025,246264
acfr2025,gf_expenditures,446,743,820 Office of Administrative Trials and Hearings…,2020,44679
acfr2025,gf_expenditures,446,743,820 Office of Administrative Trials and Hearings…,2021,42085
acfr2025,gf_expenditures,446,743,820 Office of Administrative Trials and Hearings…,2022,44650
acfr2025,gf_expenditures,446,743,820 Office of Administrative Trials and Hearings…,2023,55676
acfr2025,gf_expenditures,446,743,820 Office of Administrative Trials and Hearings…,2024,67260
acfr2025,gf_expenditures,446,743,820 Office of Administrative Trials and Hearings…,2025,71489
acfr2025,gf_expenditures,447,744,General Government: (cont.) 477 Brooklyn Community Board # 7,2016,233
acfr2025,gf_expenditures,447,744,General Government: (cont.) 477 Brooklyn Community Board # 7,2017,232
acfr2025,gf_expenditures,447,744,General Government: (cont.) 477 Brooklyn Community Board # 7,2018,244
acfr2025,gf_expenditures,447,744,General Government: (cont.) 477 Brooklyn Community Board # 7,2019,288
acfr2025,gf_expenditures,447,745,478 Brooklyn Community Board # 8,2016,276
acfr2025,gf_expenditures,447,745,478 Brooklyn Community Board # 8,2017,282
acfr2025,gf_expenditures,447,745,478 Brooklyn Community Board # 8,2018,286
acfr2025,gf_expenditures,447,745,478 Brooklyn Community Board # 8,2019,337
acfr2025,gf_expenditures,447,746,479 Brooklyn Community Board # 9,2016,171
acfr2025,gf_expenditures,447,746,479 Brooklyn Community Board # 9,2017,215
acfr2025,gf_expenditures,447,746,479 Brooklyn Community Board # 9,2018,228
acfr2025,gf_expenditures,447,746,479 Brooklyn Community Board # 9,2019,246
acfr2025,gf_expenditures,447,747,480 Brooklyn Community Board # 10,2016,296
acfr2025,gf_expenditures,447,747,480 Brooklyn Community Board # 10,2017,288
acfr2025,gf_expenditures,447,747,480 Brooklyn Community Board # 10,2018,310
acfr2025,gf_expenditures,447,747,480 Brooklyn Community Board # 10,2019,374
acfr2025,gf_expenditures,447,748,481 Brooklyn Community Board # 11,2016,271
acfr2025,gf_expenditures,447,748,481 Brooklyn Community Board # 11,2017,267
acfr2025,gf_expenditures,447,748,481 Brooklyn Community Board # 11,2018,278
acfr2025,gf_expenditures,447,748,481 Brooklyn Community Board # 11,2019,311
acfr2025,gf_expenditures,447,749,482 Brooklyn Community Board # 12,2016,313
acfr2025,gf_expenditures,447,749,482 Brooklyn Community Board # 12,2017,314
acfr2025,gf_expenditures,447,749,482 Brooklyn Community Board # 12,2018,247
acfr2025,gf_expenditures,447,749,482 Brooklyn Community Board # 12,2019,343
acfr2025,gf_expenditures,447,750,483 Brooklyn Community Board # 13,2016,250
acfr2025,gf_expenditures,447,750,483 Brooklyn Community Board # 13,2017,264
acfr2025,gf_expenditures,447,750,483 Brooklyn Community Board # 13,2018,241
acfr2025,gf_expenditures,447,750,483 Brooklyn Community Board # 13,2019,300
acfr2025,gf_expenditures,447,751,484 Brooklyn Community Board # 14,2016,289
acfr2025,gf_expenditures,447,751,484 Brooklyn Community Board # 14,2017,311
acfr2025,gf_expenditures,447,751,484 Brooklyn Community Board # 14,2018,318
acfr2025,gf_expenditures,447,751,484 Brooklyn Community Board # 14,2019,361
acfr2025,gf_expenditures,447,752,485 Brooklyn Community Board # 15,2016,177
acfr2025,gf_expenditures,447,752,485 Brooklyn Community Board # 15,2017,167
acfr2025,gf_expenditures,447,752,485 Brooklyn Community Board # 15,2018,168
acfr2025,gf_expenditures,447,752,485 Brooklyn Community Board # 15,2019,204
acfr2025,gf_expenditures,447,753,486 Brooklyn Community Board # 16,2016,220
acfr2025,gf_expenditures,447,753,486 Brooklyn Community Board # 16,2017,222
acfr2025,gf_expenditures,447,753,486 Brooklyn Community Board # 16,2018,220
acfr2025,gf_expenditures,447,753,486 Brooklyn Community Board # 16,2019,247
acfr2025,gf_expenditures,447,754,487 Brooklyn Community Board # 17,2016,323
acfr2025,gf_expenditures,447,754,487 Brooklyn Community Board # 17,2017,298
acfr2025,gf_expenditures,447,754,487 Brooklyn Community Board # 17,2018,315
acfr2025,gf_expenditures,447,754,487 Brooklyn Community Board # 17,2019,364
acfr2025,gf_expenditures,447,755,488 Brooklyn Community Board # 18,2016,230
acfr2025,gf_expenditures,447,755,488 Brooklyn Community Board # 18,2017,233
acfr2025,gf_expenditures,447,755,488 Brooklyn Community Board # 18,2018,233
acfr2025,gf_expenditures,447,755,488 Brooklyn Community Board # 18,2019,284
acfr2025,gf_expenditures,447,756,491 Staten Island Community Board # 1,2016,278
acfr2025,gf_expenditures,447,756,491 Staten Island Community Board # 1,2017,270
acfr2025,gf_expenditures,447,756,491 Staten Island Community Board # 1,2018,261
acfr2025,gf_expenditures,447,756,491 Staten Island Community Board # 1,2019,311
acfr2025,gf_expenditures,447,757,492 Staten Island Community Board # 2,2016,230
acfr2025,gf_expenditures,447,757,492 Staten Island Community Board # 2,2017,233
acfr2025,gf_expenditures,447,757,492 Staten Island Community Board # 2,2018,236
acfr2025,gf_expenditures,447,757,492 Staten Island Community Board # 2,2019,192
acfr2025,gf_expenditures,447,758,493 Staten Island Community Board # 3,2016,318
acfr2025,gf_expenditures,447,758,493 Staten Island Community Board # 3,2017,306
acfr2025,gf_expenditures,447,758,493 Staten Island Community Board # 3,2018,309
acfr2025,gf_expenditures,447,758,493 Staten Island Community Board # 3,2019,348
acfr2025,gf_expenditures,447,759,801 Department of Small Business Services,2016,262920
acfr2025,gf_expenditures,447,759,801 Department of Small Business Services,2017,206726
acfr2025,gf_expenditures,447,759,801 Department of Small Business Services,2018,239362
acfr2025,gf_expenditures,447,759,801 Department of Small Business Services,2019,211452
acfr2025,gf_expenditures,447,760,820 Office of Administrative Trials and Hearings…,2016,36105
acfr2025,gf_expenditures,447,760,820 Office of Administrative Trials and Hearings…,2017,38999
acfr2025,gf_expenditures,447,760,820 Office of Administrative Trials and Hearings…,2018,44367
acfr2025,gf_expenditures,447,760,820 Office of Administrative Trials and Hearings…,2019,47079
acfr2025,gf_expenditures,448,761,General Government: (cont.) 829 Business Integrity Commission,2020,8809
acfr2025,gf_expenditures,448,761,General Government: (cont.) 829 Business Integrity Commission,2021,8886
acfr2025,gf_expenditures,448,761,General Government: (cont.) 829 Business Integrity Commission,2022,8739
acfr2025,gf_expenditures,448,761,General Government: (cont.) 829 Business Integrity Commission,2023,8977
acfr2025,gf_expenditures,448,761,General Government: (cont.) 829 Business Integrity Commission,2024,7383
acfr2025,gf_expenditures,448,761,General Government: (cont.) 829 Business Integrity Commission,2025,8524
acfr2025,gf_expenditures,448,762,836 Department of Finance,2020,304173
acfr2025,gf_expenditures,448,762,836 Department of Finance,2021,294399
acfr2025,gf_expenditures,448,762,836 Department of Finance,2022,295955
acfr2025,gf_expenditures,448,762,836 Department of Finance,2023,329921
acfr2025,gf_expenditures,448,762,836 Department of Finance,2024,334911
acfr2025,gf_expenditures,448,762,836 Department of Finance,2025,339708
acfr2025,gf_expenditures,448,763,850 Department of Design and Construction…,2020,213767
acfr2025,gf_expenditures,448,763,850 Department of Design and Construction…,2021,222106
acfr2025,gf_expenditures,448,763,850 Department of Design and Construction…,2022,44326
acfr2025,gf_expenditures,448,763,850 Department of Design and Construction…,2023,65887
acfr2025,gf_expenditures,448,763,850 Department of Design and Construction…,2024,17800
acfr2025,gf_expenditures,448,763,850 Department of Design and Construction…,2025,33042
acfr2025,gf_expenditures,448,764,856 Department of Citywide Administrative Services,2020,1090319
acfr2025,gf_expenditures,448,764,856 Department of Citywide Administrative Services,2021,928964
acfr2025,gf_expenditures,448,764,856 Department of Citywide Administrative Services,2022,626184
acfr2025,gf_expenditures,448,764,856 Department of Citywide Administrative Services,2023,640713
acfr2025,gf_expenditures,448,764,856 Department of Citywide Administrative Services,2024,882950
acfr2025,gf_expenditures,448,764,856 Department of Citywide Administrative Services,2025,936927
acfr2025,gf_expenditures,448,765,858 Department of Information Technology and Telecommunications,2020,578226
acfr2025,gf_expenditures,448,765,858 Department of Information Technology and Telecommunications,2021,743053
acfr2025,gf_expenditures,448,765,858 Department of Information Technology and Telecommunications,2022,695614
acfr2025,gf_expenditures,448,765,858 Department of Information Technology and Telecommunications,2023,679624
acfr2025,gf_expenditures,448,765,858 Department of Information Technology and Telecommunications,2024,766494
acfr2025,gf_expenditures,448,765,858 Department of Information Technology and Telecommunications,2025,711213
acfr2025,gf_expenditures,448,766,860 Department of Records and Information Services,2020,9487
acfr2025,gf_expenditures,448,766,860 Department of Records and Information Services,2021,10987
acfr2025,gf_expenditures,448,766,860 Department of Records and Information Services,2022,12438
acfr2025,gf_expenditures,448,766,860 Department of Records and Information Services,2023,14233
acfr2025,gf_expenditures,448,766,860 Department of Records and Information Services,2024,13369
acfr2025,gf_expenditures,448,766,860 Department of Records and Information Services,2025,14408
acfr2025,gf_expenditures,448,767,866 Department of Consumer & Worker Protection,2020,39579
acfr2025,gf_expenditures,448,767,866 Department of Consumer & Worker Protection,2021,40562
acfr2025,gf_expenditures,448,767,866 Department of Consumer & Worker Protection,2022,55751
acfr2025,gf_expenditures,448,767,866 Department of Consumer & Worker Protection,2023,64951
acfr2025,gf_expenditures,448,767,866 Department of Consumer & Worker Protection,2024,64274
acfr2025,gf_expenditures,448,767,866 Department of Consumer & Worker Protection,2025,65998
acfr2025,gf_expenditures,448,768,Miscellaneous— Technology Development Corp,2020,0
acfr2025,gf_expenditures,448,768,Miscellaneous— Technology Development Corp,2021,0
acfr2025,gf_expenditures,448,768,Miscellaneous— Technology Development Corp,2022,0
acfr2025,gf_expenditures,448,768,Miscellaneous— Technology Development Corp,2023,0
acfr2025,gf_expenditures,448,768,Miscellaneous— Technology Development Corp,2024,0
acfr2025,gf_expenditures,448,768,Miscellaneous— Technology Development Corp,2025,0
acfr2025,gf_expenditures,448,769,Total General Government,2020,4541574
acfr2025,gf_expenditures,448,769,Total General Government,2021,4429366
acfr2025,gf_expenditures,448,769,Total General Government,2022,4225605
acfr2025,gf_expenditures,448,769,Total General Government,2023,4388563
acfr2025,gf_expenditures,448,769,Total General Government,2024,4793947
acfr2025,gf_expenditures,448,769,Total General Government,2025,5111504
acfr2025,gf_expenditures,448,770,Public Safety and Judicial: 017 Department of Emergency Management,2020,256762
acfr2025,gf_expenditures,448,770,Public Safety and Judicial: 017 Department of Emergency Management,2021,277436
acfr2025,gf_expenditures,448,770,Public Safety and Judicial: 017 Department of Emergency Management,2022,674205
acfr2025,gf_expenditures,448,770,Public Safety and Judicial: 017 Department of Emergency Management,2023,176327
acfr2025,gf_expenditures,448,770,Public Safety and Judicial: 017 Department of Emergency Management,2024,174275
acfr2025,gf_expenditures,448,770,Public Safety and Judicial: 017 Department of Emergency Management,2025,105107
acfr2025,gf_expenditures,448,771,054 Civilian Complaint Review Board,2020,19628
acfr2025,gf_expenditures,448,771,054 Civilian Complaint Review Board,2021,20901
acfr2025,gf_expenditures,448,771,054 Civilian Complaint Review Board,2022,21536
acfr2025,gf_expenditures,448,771,054 Civilian Complaint Review Board,2023,23685
acfr2025,gf_expenditures,448,771,054 Civilian Complaint Review Board,2024,25872
acfr2025,gf_expenditures,448,771,054 Civilian Complaint Review Board,2025,27312
acfr2025,gf_expenditures,448,772,056 Police Department,2020,5785046
acfr2025,gf_expenditures,448,772,056 Police Department,2021,5267661
acfr2025,gf_expenditures,448,772,056 Police Department,2022,5617677
acfr2025,gf_expenditures,448,772,056 Police Department,2023,6053506
acfr2025,gf_expenditures,448,772,056 Police Department,2024,6317939
acfr2025,gf_expenditures,448,772,056 Police Department,2025,6610389
acfr2025,gf_expenditures,448,773,057 Fire Department,2020,2169812
acfr2025,gf_expenditures,448,773,057 Fire Department,2021,2232170
acfr2025,gf_expenditures,448,773,057 Fire Department,2022,2475973
acfr2025,gf_expenditures,448,773,057 Fire Department,2023,2522972
acfr2025,gf_expenditures,448,773,057 Fire Department,2024,2711353
acfr2025,gf_expenditures,448,773,057 Fire Department,2025,2836440
acfr2025,gf_expenditures,448,774,072 Department of Correction,2020,1278907
acfr2025,gf_expenditures,448,774,072 Department of Correction,2021,1256314
acfr2025,gf_expenditures,448,774,072 Department of Correction,2022,1358510
acfr2025,gf_expenditures,448,774,072 Department of Correction,2023,1300969
acfr2025,gf_expenditures,448,774,072 Department of Correction,2024,1268202
acfr2025,gf_expenditures,448,774,072 Department of Correction,2025,1303643
acfr2025,gf_expenditures,448,775,073 Board of Correction,2020,2557
acfr2025,gf_expenditures,448,775,073 Board of Correction,2021,2283
acfr2025,gf_expenditures,448,775,073 Board of Correction,2022,2228
acfr2025,gf_expenditures,448,775,073 Board of Correction,2023,3016
acfr2025,gf_expenditures,448,775,073 Board of Correction,2024,3002
acfr2025,gf_expenditures,448,775,073 Board of Correction,2025,3165
acfr2025,gf_expenditures,448,776,128 Office of Criminal Justice,2020,0
acfr2025,gf_expenditures,448,776,128 Office of Criminal Justice,2021,0
acfr2025,gf_expenditures,448,776,128 Office of Criminal Justice,2022,0
acfr2025,gf_expenditures,448,776,128 Office of Criminal Justice,2023,0
acfr2025,gf_expenditures,448,776,128 Office of Criminal Justice,2024,15183
acfr2025,gf_expenditures,448,776,128 Office of Criminal Justice,2025,960198
acfr2025,gf_expenditures,448,777,156 NYC Taxi and Limousine Commission,2020,52913
acfr2025,gf_expenditures,448,777,156 NYC Taxi and Limousine Commission,2021,53224
acfr2025,gf_expenditures,448,777,156 NYC Taxi and Limousine Commission,2022,64901
acfr2025,gf_expenditures,448,777,156 NYC Taxi and Limousine Commission,2023,160467
acfr2025,gf_expenditures,448,777,156 NYC Taxi and Limousine Commission,2024,54441
acfr2025,gf_expenditures,448,777,156 NYC Taxi and Limousine Commission,2025,53702
acfr2025,gf_expenditures,449,778,General Government: (cont.) 829 Business Integrity Commission,2016,8084
acfr2025,gf_expenditures,449,778,General Government: (cont.) 829 Business Integrity Commission,2017,9559
acfr2025,gf_expenditures,449,778,General Government: (cont.) 829 Business Integrity Commission,2018,8783
acfr2025,gf_expenditures,449,778,General Government: (cont.) 829 Business Integrity Commission,2019,8769
acfr2025,gf_expenditures,449,779,836 Department of Finance,2016,250766
acfr2025,gf_expenditures,449,779,836 Department of Finance,2017,260609
acfr2025,gf_expenditures,449,779,836 Department of Finance,2018,272285
acfr2025,gf_expenditures,449,779,836 Department of Finance,2019,292333
acfr2025,gf_expenditures,449,780,850 Department of Design and Construction…,2016,275223
acfr2025,gf_expenditures,449,780,850 Department of Design and Construction…,2017,371350
acfr2025,gf_expenditures,449,780,850 Department of Design and Construction…,2018,410624
acfr2025,gf_expenditures,449,780,850 Department of Design and Construction…,2019,145538
acfr2025,gf_expenditures,449,781,856 Department of Citywide Administrative Services,2016,414923
acfr2025,gf_expenditures,449,781,856 Department of Citywide Administrative Services,2017,429272
acfr2025,gf_expenditures,449,781,856 Department of Citywide Administrative Services,2018,454963
acfr2025,gf_expenditures,449,781,856 Department of Citywide Administrative Services,2019,477144
acfr2025,gf_expenditures,449,782,858 Department of Information Technology and Telecommunications,2016,387123
acfr2025,gf_expenditures,449,782,858 Department of Information Technology and Telecommunications,2017,459895
acfr2025,gf_expenditures,449,782,858 Department of Information Technology and Telecommunications,2018,472818
acfr2025,gf_expenditures,449,782,858 Department of Information Technology and Telecommunications,2019,467280
acfr2025,gf_expenditures,449,783,860 Department of Records and Information Services,2016,7519
acfr2025,gf_expenditures,449,783,860 Department of Records and Information Services,2017,7516
acfr2025,gf_expenditures,449,783,860 Department of Records and Information Services,2018,7782
acfr2025,gf_expenditures,449,783,860 Department of Records and Information Services,2019,9575
acfr2025,gf_expenditures,449,784,866 Department of Consumer Affairs,2016,34100
acfr2025,gf_expenditures,449,784,866 Department of Consumer Affairs,2017,33941
acfr2025,gf_expenditures,449,784,866 Department of Consumer Affairs,2018,37688
acfr2025,gf_expenditures,449,784,866 Department of Consumer Affairs,2019,40291
acfr2025,gf_expenditures,449,785,Miscellaneous— Technology Development Corp,2016,4199
acfr2025,gf_expenditures,449,785,Miscellaneous— Technology Development Corp,2017,4212
acfr2025,gf_expenditures,449,785,Miscellaneous— Technology Development Corp,2018,0
acfr2025,gf_expenditures,449,785,Miscellaneous— Technology Development Corp,2019,0
acfr2025,gf_expenditures,449,786,Total General Government,2016,2985013
acfr2025,gf_expenditures,449,786,Total General Government,2017,3246561
acfr2025,gf_expenditures,449,786,Total General Government,2018,3494774
acfr2025,gf_expenditures,449,786,Total General Government,2019,3436484
acfr2025,gf_expenditures,449,787,Public Safety and Judicial: 017 Department of Emergency Management,2016,35008
acfr2025,gf_expenditures,449,787,Public Safety and Judicial: 017 Department of Emergency Management,2017,46725
acfr2025,gf_expenditures,449,787,Public Safety and Judicial: 017 Department of Emergency Management,2018,58174
acfr2025,gf_expenditures,449,787,Public Safety and Judicial: 017 Department of Emergency Management,2019,58066
acfr2025,gf_expenditures,449,788,054 Civilian Complaint Review Board,2016,14073
acfr2025,gf_expenditures,449,788,054 Civilian Complaint Review Board,2017,15174
acfr2025,gf_expenditures,449,788,054 Civilian Complaint Review Board,2018,16403
acfr2025,gf_expenditures,449,788,054 Civilian Complaint Review Board,2019,18409
acfr2025,gf_expenditures,449,789,056 Police Department,2016,5075081
acfr2025,gf_expenditures,449,789,056 Police Department,2017,5312163
acfr2025,gf_expenditures,449,789,056 Police Department,2018,5480432
acfr2025,gf_expenditures,449,789,056 Police Department,2019,5668823
acfr2025,gf_expenditures,449,790,057 Fire Department,2016,1971977
acfr2025,gf_expenditures,449,790,057 Fire Department,2017,2032550
acfr2025,gf_expenditures,449,790,057 Fire Department,2018,2081992
acfr2025,gf_expenditures,449,790,057 Fire Department,2019,2107344
acfr2025,gf_expenditures,449,791,072 Department of Correction,2016,1292469
acfr2025,gf_expenditures,449,791,072 Department of Correction,2017,1359734
acfr2025,gf_expenditures,449,791,072 Department of Correction,2018,1394671
acfr2025,gf_expenditures,449,791,072 Department of Correction,2019,1350148
acfr2025,gf_expenditures,449,792,073 Board of Correction,2016,1493
acfr2025,gf_expenditures,449,792,073 Board of Correction,2017,1838
acfr2025,gf_expenditures,449,792,073 Board of Correction,2018,2315
acfr2025,gf_expenditures,449,792,073 Board of Correction,2019,2594
acfr2025,gf_expenditures,449,793,128 Office of Criminal Justice,2016,0
acfr2025,gf_expenditures,449,793,128 Office of Criminal Justice,2017,0
acfr2025,gf_expenditures,449,793,128 Office of Criminal Justice,2018,0
acfr2025,gf_expenditures,449,793,128 Office of Criminal Justice,2019,0
acfr2025,gf_expenditures,449,794,156 NYC Taxi and Limousine Commission,2016,47925
acfr2025,gf_expenditures,449,794,156 NYC Taxi and Limousine Commission,2017,45749
acfr2025,gf_expenditures,449,794,156 NYC Taxi and Limousine Commission,2018,45731
acfr2025,gf_expenditures,449,794,156 NYC Taxi and Limousine Commission,2019,47886
acfr2025,gf_expenditures,450,795,Public Safety and Judicial: (cont.) 781 Department of Probation,2020,100093
acfr2025,gf_expenditures,450,795,Public Safety and Judicial: (cont.) 781 Department of Probation,2021,105130
acfr2025,gf_expenditures,450,795,Public Safety and Judicial: (cont.) 781 Department of Probation,2022,99417
acfr2025,gf_expenditures,450,795,Public Safety and Judicial: (cont.) 781 Department of Probation,2023,104295
acfr2025,gf_expenditures,450,795,Public Safety and Judicial: (cont.) 781 Department of Probation,2024,94553
acfr2025,gf_expenditures,450,795,Public Safety and Judicial: (cont.) 781 Department of Probation,2025,108755
acfr2025,gf_expenditures,450,796,901 District Attorney— New York County,2020,139888
acfr2025,gf_expenditures,450,796,901 District Attorney— New York County,2021,134232
acfr2025,gf_expenditures,450,796,901 District Attorney— New York County,2022,152403
acfr2025,gf_expenditures,450,796,901 District Attorney— New York County,2023,156944
acfr2025,gf_expenditures,450,796,901 District Attorney— New York County,2024,189598
acfr2025,gf_expenditures,450,796,901 District Attorney— New York County,2025,195139
acfr2025,gf_expenditures,450,797,902 District Attorney— Bronx County,2020,85222
acfr2025,gf_expenditures,450,797,902 District Attorney— Bronx County,2021,91464
acfr2025,gf_expenditures,450,797,902 District Attorney— Bronx County,2022,97220
acfr2025,gf_expenditures,450,797,902 District Attorney— Bronx County,2023,106152
acfr2025,gf_expenditures,450,797,902 District Attorney— Bronx County,2024,122707
acfr2025,gf_expenditures,450,797,902 District Attorney— Bronx County,2025,134255
acfr2025,gf_expenditures,450,798,903 District Attorney— Kings County,2020,117091
acfr2025,gf_expenditures,450,798,903 District Attorney— Kings County,2021,121623
acfr2025,gf_expenditures,450,798,903 District Attorney— Kings County,2022,124584
acfr2025,gf_expenditures,450,798,903 District Attorney— Kings County,2023,135451
acfr2025,gf_expenditures,450,798,903 District Attorney— Kings County,2024,162833
acfr2025,gf_expenditures,450,798,903 District Attorney— Kings County,2025,168239
acfr2025,gf_expenditures,450,799,904 District Attorney— Queens County,2020,72812
acfr2025,gf_expenditures,450,799,904 District Attorney— Queens County,2021,75316
acfr2025,gf_expenditures,450,799,904 District Attorney— Queens County,2022,84045
acfr2025,gf_expenditures,450,799,904 District Attorney— Queens County,2023,89132
acfr2025,gf_expenditures,450,799,904 District Attorney— Queens County,2024,113115
acfr2025,gf_expenditures,450,799,904 District Attorney— Queens County,2025,119963
acfr2025,gf_expenditures,450,800,905 District Attorney— Richmond County,2020,18198
acfr2025,gf_expenditures,450,800,905 District Attorney— Richmond County,2021,19128
acfr2025,gf_expenditures,450,800,905 District Attorney— Richmond County,2022,21798
acfr2025,gf_expenditures,450,800,905 District Attorney— Richmond County,2023,23144
acfr2025,gf_expenditures,450,800,905 District Attorney— Richmond County,2024,30009
acfr2025,gf_expenditures,450,800,905 District Attorney— Richmond County,2025,29834
acfr2025,gf_expenditures,450,801,906 Office of Prosecution— Special Narcotics,2020,23524
acfr2025,gf_expenditures,450,801,906 Office of Prosecution— Special Narcotics,2021,25318
acfr2025,gf_expenditures,450,801,906 Office of Prosecution— Special Narcotics,2022,25798
acfr2025,gf_expenditures,450,801,906 Office of Prosecution— Special Narcotics,2023,26434
acfr2025,gf_expenditures,450,801,906 Office of Prosecution— Special Narcotics,2024,30147
acfr2025,gf_expenditures,450,801,906 Office of Prosecution— Special Narcotics,2025,31437
acfr2025,gf_expenditures,450,802,941 Public Administrator— New York County,2020,1199
acfr2025,gf_expenditures,450,802,941 Public Administrator— New York County,2021,988
acfr2025,gf_expenditures,450,802,941 Public Administrator— New York County,2022,993
acfr2025,gf_expenditures,450,802,941 Public Administrator— New York County,2023,1184
acfr2025,gf_expenditures,450,802,941 Public Administrator— New York County,2024,1132
acfr2025,gf_expenditures,450,802,941 Public Administrator— New York County,2025,1232
acfr2025,gf_expenditures,450,803,942 Public Administrator— Bronx County,2020,686
acfr2025,gf_expenditures,450,803,942 Public Administrator— Bronx County,2021,715
acfr2025,gf_expenditures,450,803,942 Public Administrator— Bronx County,2022,689
acfr2025,gf_expenditures,450,803,942 Public Administrator— Bronx County,2023,628
acfr2025,gf_expenditures,450,803,942 Public Administrator— Bronx County,2024,715
acfr2025,gf_expenditures,450,803,942 Public Administrator— Bronx County,2025,672
acfr2025,gf_expenditures,450,804,943 Public Administrator— Kings County,2020,849
acfr2025,gf_expenditures,450,804,943 Public Administrator— Kings County,2021,911
acfr2025,gf_expenditures,450,804,943 Public Administrator— Kings County,2022,826
acfr2025,gf_expenditures,450,804,943 Public Administrator— Kings County,2023,1005
acfr2025,gf_expenditures,450,804,943 Public Administrator— Kings County,2024,910
acfr2025,gf_expenditures,450,804,943 Public Administrator— Kings County,2025,1106
acfr2025,gf_expenditures,450,805,944 Public Administrator— Queens County,2020,591
acfr2025,gf_expenditures,450,805,944 Public Administrator— Queens County,2021,610
acfr2025,gf_expenditures,450,805,944 Public Administrator— Queens County,2022,605
acfr2025,gf_expenditures,450,805,944 Public Administrator— Queens County,2023,589
acfr2025,gf_expenditures,450,805,944 Public Administrator— Queens County,2024,633
acfr2025,gf_expenditures,450,805,944 Public Administrator— Queens County,2025,662
acfr2025,gf_expenditures,450,806,945 Public Administrator— Richmond County,2020,570
acfr2025,gf_expenditures,450,806,945 Public Administrator— Richmond County,2021,577
acfr2025,gf_expenditures,450,806,945 Public Administrator— Richmond County,2022,592
acfr2025,gf_expenditures,450,806,945 Public Administrator— Richmond County,2023,600
acfr2025,gf_expenditures,450,806,945 Public Administrator— Richmond County,2024,658
acfr2025,gf_expenditures,450,806,945 Public Administrator— Richmond County,2025,636
acfr2025,gf_expenditures,450,807,Miscellaneous— Contributions Legal Aid,2020,381821
acfr2025,gf_expenditures,450,807,Miscellaneous— Contributions Legal Aid,2021,419643
acfr2025,gf_expenditures,450,807,Miscellaneous— Contributions Legal Aid,2022,456491
acfr2025,gf_expenditures,450,807,Miscellaneous— Contributions Legal Aid,2023,533830
acfr2025,gf_expenditures,450,807,Miscellaneous— Contributions Legal Aid,2024,592492
acfr2025,gf_expenditures,450,807,Miscellaneous— Contributions Legal Aid,2025,0
acfr2025,gf_expenditures,450,808,Miscellaneous— Criminal Justice Programs,2020,217841
acfr2025,gf_expenditures,450,808,Miscellaneous— Criminal Justice Programs,2021,386495
acfr2025,gf_expenditures,450,808,Miscellaneous— Criminal Justice Programs,2022,584337
acfr2025,gf_expenditures,450,808,Miscellaneous— Criminal Justice Programs,2023,556605
acfr2025,gf_expenditures,450,808,Miscellaneous— Criminal Justice Programs,2024,337594
acfr2025,gf_expenditures,450,808,Miscellaneous— Criminal Justice Programs,2025,25000
acfr2025,gf_expenditures,450,809,Miscellaneous—Other,2020,64895
acfr2025,gf_expenditures,450,809,Miscellaneous—Other,2021,56050
acfr2025,gf_expenditures,450,809,Miscellaneous—Other,2022,71958
acfr2025,gf_expenditures,450,809,Miscellaneous—Other,2023,92829
acfr2025,gf_expenditures,450,809,Miscellaneous—Other,2024,108558
acfr2025,gf_expenditures,450,809,Miscellaneous—Other,2025,121815
acfr2025,gf_expenditures,450,810,Total Public Safety and Judicial,2020,10790905
acfr2025,gf_expenditures,450,810,Total Public Safety and Judicial,2021,10548189
acfr2025,gf_expenditures,450,810,Total Public Safety and Judicial,2022,11936786
acfr2025,gf_expenditures,450,810,Total Public Safety and Judicial,2023,12069764
acfr2025,gf_expenditures,450,810,Total Public Safety and Judicial,2024,12355921
acfr2025,gf_expenditures,450,810,Total Public Safety and Judicial,2025,12838701
acfr2025,gf_expenditures,451,811,Public Safety and Judicial: (cont.) 781 Department of Probation,2016,76783
acfr2025,gf_expenditures,451,811,Public Safety and Judicial: (cont.) 781 Department of Probation,2017,82997
acfr2025,gf_expenditures,451,811,Public Safety and Judicial: (cont.) 781 Department of Probation,2018,90746
acfr2025,gf_expenditures,451,811,Public Safety and Judicial: (cont.) 781 Department of Probation,2019,102575
acfr2025,gf_expenditures,451,812,901 District Attorney— New York County,2016,108367
acfr2025,gf_expenditures,451,812,901 District Attorney— New York County,2017,115659
acfr2025,gf_expenditures,451,812,901 District Attorney— New York County,2018,112173
acfr2025,gf_expenditures,451,812,901 District Attorney— New York County,2019,117917
acfr2025,gf_expenditures,451,813,902 District Attorney— Bronx County,2016,60605
acfr2025,gf_expenditures,451,813,902 District Attorney— Bronx County,2017,72680
acfr2025,gf_expenditures,451,813,902 District Attorney— Bronx County,2018,74516
acfr2025,gf_expenditures,451,813,902 District Attorney— Bronx County,2019,82420
acfr2025,gf_expenditures,451,814,903 District Attorney— Kings County,2016,97036
acfr2025,gf_expenditures,451,814,903 District Attorney— Kings County,2017,98215
acfr2025,gf_expenditures,451,814,903 District Attorney— Kings County,2018,98920
acfr2025,gf_expenditures,451,814,903 District Attorney— Kings County,2019,110501
acfr2025,gf_expenditures,451,815,904 District Attorney— Queens County,2016,59082
acfr2025,gf_expenditures,451,815,904 District Attorney— Queens County,2017,62631
acfr2025,gf_expenditures,451,815,904 District Attorney— Queens County,2018,62331
acfr2025,gf_expenditures,451,815,904 District Attorney— Queens County,2019,69748
acfr2025,gf_expenditures,451,816,905 District Attorney— Richmond County,2016,10706
acfr2025,gf_expenditures,451,816,905 District Attorney— Richmond County,2017,14574
acfr2025,gf_expenditures,451,816,905 District Attorney— Richmond County,2018,15159
acfr2025,gf_expenditures,451,816,905 District Attorney— Richmond County,2019,16787
acfr2025,gf_expenditures,451,817,906 Office of Prosecution— Special Narcotics,2016,21599
acfr2025,gf_expenditures,451,817,906 Office of Prosecution— Special Narcotics,2017,22078
acfr2025,gf_expenditures,451,817,906 Office of Prosecution— Special Narcotics,2018,22184
acfr2025,gf_expenditures,451,817,906 Office of Prosecution— Special Narcotics,2019,22984
acfr2025,gf_expenditures,451,818,941 Public Administrator— New York County,2016,1600
acfr2025,gf_expenditures,451,818,941 Public Administrator— New York County,2017,1614
acfr2025,gf_expenditures,451,818,941 Public Administrator— New York County,2018,2522
acfr2025,gf_expenditures,451,818,941 Public Administrator— New York County,2019,2601
acfr2025,gf_expenditures,451,819,942 Public Administrator— Bronx County,2016,616
acfr2025,gf_expenditures,451,819,942 Public Administrator— Bronx County,2017,625
acfr2025,gf_expenditures,451,819,942 Public Administrator— Bronx County,2018,511
acfr2025,gf_expenditures,451,819,942 Public Administrator— Bronx County,2019,685
acfr2025,gf_expenditures,451,820,943 Public Administrator— Kings County,2016,686
acfr2025,gf_expenditures,451,820,943 Public Administrator— Kings County,2017,772
acfr2025,gf_expenditures,451,820,943 Public Administrator— Kings County,2018,857
acfr2025,gf_expenditures,451,820,943 Public Administrator— Kings County,2019,889
acfr2025,gf_expenditures,451,821,944 Public Administrator— Queens County,2016,503
acfr2025,gf_expenditures,451,821,944 Public Administrator— Queens County,2017,519
acfr2025,gf_expenditures,451,821,944 Public Administrator— Queens County,2018,544
acfr2025,gf_expenditures,451,821,944 Public Administrator— Queens County,2019,578
acfr2025,gf_expenditures,451,822,945 Public Administrator— Richmond County,2016,559
acfr2025,gf_expenditures,451,822,945 Public Administrator— Richmond County,2017,517
acfr2025,gf_expenditures,451,822,945 Public Administrator— Richmond County,2018,527
acfr2025,gf_expenditures,451,822,945 Public Administrator— Richmond County,2019,621
acfr2025,gf_expenditures,451,823,Miscellaneous— Contributions Legal Aid,2016,275149
acfr2025,gf_expenditures,451,823,Miscellaneous— Contributions Legal Aid,2017,289275
acfr2025,gf_expenditures,451,823,Miscellaneous— Contributions Legal Aid,2018,294161
acfr2025,gf_expenditures,451,823,Miscellaneous— Contributions Legal Aid,2019,335657
acfr2025,gf_expenditures,451,824,Miscellaneous— Criminal Justice Programs,2016,145325
acfr2025,gf_expenditures,451,824,Miscellaneous— Criminal Justice Programs,2017,87346
acfr2025,gf_expenditures,451,824,Miscellaneous— Criminal Justice Programs,2018,136515
acfr2025,gf_expenditures,451,824,Miscellaneous— Criminal Justice Programs,2019,169119
acfr2025,gf_expenditures,451,825,Miscellaneous—Other,2016,29066
acfr2025,gf_expenditures,451,825,Miscellaneous—Other,2017,30648
acfr2025,gf_expenditures,451,825,Miscellaneous—Other,2018,32128
acfr2025,gf_expenditures,451,825,Miscellaneous—Other,2019,71697
acfr2025,gf_expenditures,451,826,Total Public Safety and Judicial,2016,9325708
acfr2025,gf_expenditures,451,826,Total Public Safety and Judicial,2017,9694083
acfr2025,gf_expenditures,451,826,Total Public Safety and Judicial,2018,10023512
acfr2025,gf_expenditures,451,826,Total Public Safety and Judicial,2019,10358049
acfr2025,gf_expenditures,452,827,Education: 040 Department of Education,2020,27903295
acfr2025,gf_expenditures,452,827,Education: 040 Department of Education,2021,28288081
acfr2025,gf_expenditures,452,827,Education: 040 Department of Education,2022,31305761
acfr2025,gf_expenditures,452,827,Education: 040 Department of Education,2023,30975740
acfr2025,gf_expenditures,452,827,Education: 040 Department of Education,2024,32865967
acfr2025,gf_expenditures,452,827,Education: 040 Department of Education,2025,34051680
acfr2025,gf_expenditures,452,828,City University: 042 City University of New York— Community Colleges,2020,1094249
acfr2025,gf_expenditures,452,828,City University: 042 City University of New York— Community Colleges,2021,1036305
acfr2025,gf_expenditures,452,828,City University: 042 City University of New York— Community Colleges,2022,1084559
acfr2025,gf_expenditures,452,828,City University: 042 City University of New York— Community Colleges,2023,1102301
acfr2025,gf_expenditures,452,828,City University: 042 City University of New York— Community Colleges,2024,1105711
acfr2025,gf_expenditures,452,828,City University: 042 City University of New York— Community Colleges,2025,1237593
acfr2025,gf_expenditures,452,829,Hunter Campus Schools,2020,22274
acfr2025,gf_expenditures,452,829,Hunter Campus Schools,2021,23408
acfr2025,gf_expenditures,452,829,Hunter Campus Schools,2022,24023
acfr2025,gf_expenditures,452,829,Hunter Campus Schools,2023,23602
acfr2025,gf_expenditures,452,829,Hunter Campus Schools,2024,23228
acfr2025,gf_expenditures,452,829,Hunter Campus Schools,2025,23929
acfr2025,gf_expenditures,452,830,Total City University,2020,1116523
acfr2025,gf_expenditures,452,830,Total City University,2021,1059713
acfr2025,gf_expenditures,452,830,Total City University,2022,1108582
acfr2025,gf_expenditures,452,830,Total City University,2023,1125903
acfr2025,gf_expenditures,452,830,Total City University,2024,1128939
acfr2025,gf_expenditures,452,830,Total City University,2025,1261522
acfr2025,gf_expenditures,452,831,Social Services: 068 Administration for Children’s Services,2020,2448716
acfr2025,gf_expenditures,452,831,Social Services: 068 Administration for Children’s Services,2021,2429644
acfr2025,gf_expenditures,452,831,Social Services: 068 Administration for Children’s Services,2022,2635141
acfr2025,gf_expenditures,452,831,Social Services: 068 Administration for Children’s Services,2023,2975963
acfr2025,gf_expenditures,452,831,Social Services: 068 Administration for Children’s Services,2024,3339249
acfr2025,gf_expenditures,452,831,Social Services: 068 Administration for Children’s Services,2025,3356362
acfr2025,gf_expenditures,452,832,069 Department of Social Services,2020,10408734
acfr2025,gf_expenditures,452,832,069 Department of Social Services,2021,10009419
acfr2025,gf_expenditures,452,832,069 Department of Social Services,2022,10892357
acfr2025,gf_expenditures,452,832,069 Department of Social Services,2023,11112520
acfr2025,gf_expenditures,452,832,069 Department of Social Services,2024,12226521
acfr2025,gf_expenditures,452,832,069 Department of Social Services,2025,13136965
acfr2025,gf_expenditures,452,833,071 Department of Homeless Services,2020,2352590
acfr2025,gf_expenditures,452,833,071 Department of Homeless Services,2021,2731326
acfr2025,gf_expenditures,452,833,071 Department of Homeless Services,2022,2546086
acfr2025,gf_expenditures,452,833,071 Department of Homeless Services,2023,3524561
acfr2025,gf_expenditures,452,833,071 Department of Homeless Services,2024,3773904
acfr2025,gf_expenditures,452,833,071 Department of Homeless Services,2025,3595168
acfr2025,gf_expenditures,452,834,125 Department for the Aging,2020,421015
acfr2025,gf_expenditures,452,834,125 Department for the Aging,2021,304143
acfr2025,gf_expenditures,452,834,125 Department for the Aging,2022,500222
acfr2025,gf_expenditures,452,834,125 Department for the Aging,2023,492121
acfr2025,gf_expenditures,452,834,125 Department for the Aging,2024,482545
acfr2025,gf_expenditures,452,834,125 Department for the Aging,2025,553565
acfr2025,gf_expenditures,452,835,Total Social Services,2020,15631055
acfr2025,gf_expenditures,452,835,Total Social Services,2021,15474532
acfr2025,gf_expenditures,452,835,Total Social Services,2022,16573806
acfr2025,gf_expenditures,452,835,Total Social Services,2023,18105165
acfr2025,gf_expenditures,452,835,Total Social Services,2024,19822219
acfr2025,gf_expenditures,452,835,Total Social Services,2025,20642060
acfr2025,gf_expenditures,452,836,Environmental Protection: 826 Department of Environmental Protection,2020,1298507
acfr2025,gf_expenditures,452,836,Environmental Protection: 826 Department of Environmental Protection,2021,1340898
acfr2025,gf_expenditures,452,836,Environmental Protection: 826 Department of Environmental Protection,2022,1349501
acfr2025,gf_expenditures,452,836,Environmental Protection: 826 Department of Environmental Protection,2023,1467992
acfr2025,gf_expenditures,452,836,Environmental Protection: 826 Department of Environmental Protection,2024,1509024
acfr2025,gf_expenditures,452,836,Environmental Protection: 826 Department of Environmental Protection,2025,1589946
acfr2025,gf_expenditures,452,837,827 Department of Sanitation,2020,2081062
acfr2025,gf_expenditures,452,837,827 Department of Sanitation,2021,2355621
acfr2025,gf_expenditures,452,837,827 Department of Sanitation,2022,2023111
acfr2025,gf_expenditures,452,837,827 Department of Sanitation,2023,1901899
acfr2025,gf_expenditures,452,837,827 Department of Sanitation,2024,1959491
acfr2025,gf_expenditures,452,837,827 Department of Sanitation,2025,2042965
acfr2025,gf_expenditures,452,838,Total Environmental Protection,2020,3379569
acfr2025,gf_expenditures,452,838,Total Environmental Protection,2021,3696519
acfr2025,gf_expenditures,452,838,Total Environmental Protection,2022,3372612
acfr2025,gf_expenditures,452,838,Total Environmental Protection,2023,3369891
acfr2025,gf_expenditures,452,838,Total Environmental Protection,2024,3468515
acfr2025,gf_expenditures,452,838,Total Environmental Protection,2025,3632911
acfr2025,gf_expenditures,452,839,Transportation Services: 841 Department of Transportation,2020,853911
acfr2025,gf_expenditures,452,839,Transportation Services: 841 Department of Transportation,2021,903441
acfr2025,gf_expenditures,452,839,Transportation Services: 841 Department of Transportation,2022,958145
acfr2025,gf_expenditures,452,839,Transportation Services: 841 Department of Transportation,2023,1064905
acfr2025,gf_expenditures,452,839,Transportation Services: 841 Department of Transportation,2024,1128221
acfr2025,gf_expenditures,452,839,Transportation Services: 841 Department of Transportation,2025,1199709
acfr2025,gf_expenditures,452,840,Miscellaneous— Payments to the Transit Authority,2020,1077950
acfr2025,gf_expenditures,452,840,Miscellaneous— Payments to the Transit Authority,2021,1068042
acfr2025,gf_expenditures,452,840,Miscellaneous— Payments to the Transit Authority,2022,1098440
acfr2025,gf_expenditures,452,840,Miscellaneous— Payments to the Transit Authority,2023,1085108
acfr2025,gf_expenditures,452,840,Miscellaneous— Payments to the Transit Authority,2024,1457904
acfr2025,gf_expenditures,452,840,Miscellaneous— Payments to the Transit Authority,2025,1551109
acfr2025,gf_expenditures,452,841,Miscellaneous— Payments to Private Bus Companies,2020,8
acfr2025,gf_expenditures,452,841,Miscellaneous— Payments to Private Bus Companies,2021,13
acfr2025,gf_expenditures,452,841,Miscellaneous— Payments to Private Bus Companies,2022,2692
acfr2025,gf_expenditures,452,841,Miscellaneous— Payments to Private Bus Companies,2023,3573
acfr2025,gf_expenditures,452,841,Miscellaneous— Payments to Private Bus Companies,2024,4646
acfr2025,gf_expenditures,452,841,Miscellaneous— Payments to Private Bus Companies,2025,4181
acfr2025,gf_expenditures,453,842,Education: 040 Department of Education,2016,21973688
acfr2025,gf_expenditures,453,842,Education: 040 Department of Education,2017,23317602
acfr2025,gf_expenditures,453,842,Education: 040 Department of Education,2018,25026392
acfr2025,gf_expenditures,453,842,Education: 040 Department of Education,2019,26905467
acfr2025,gf_expenditures,453,843,City University: 042 City University of New York— Community Colleges,2016,938725
acfr2025,gf_expenditures,453,843,City University: 042 City University of New York— Community Colleges,2017,1047504
acfr2025,gf_expenditures,453,843,City University: 042 City University of New York— Community Colleges,2018,1066722
acfr2025,gf_expenditures,453,843,City University: 042 City University of New York— Community Colleges,2019,1092299
acfr2025,gf_expenditures,453,844,Hunter Campus Schools,2016,17050
acfr2025,gf_expenditures,453,844,Hunter Campus Schools,2017,19613
acfr2025,gf_expenditures,453,844,Hunter Campus Schools,2018,20523
acfr2025,gf_expenditures,453,844,Hunter Campus Schools,2019,21819
acfr2025,gf_expenditures,453,845,Total City University,2016,955775
acfr2025,gf_expenditures,453,845,Total City University,2017,1067117
acfr2025,gf_expenditures,453,845,Total City University,2018,1087245
acfr2025,gf_expenditures,453,845,Total City University,2019,1114118
acfr2025,gf_expenditures,453,846,Social Services: 068 Administration for Children’s Services,2016,2770940
acfr2025,gf_expenditures,453,846,Social Services: 068 Administration for Children’s Services,2017,2850356
acfr2025,gf_expenditures,453,846,Social Services: 068 Administration for Children’s Services,2018,2900818
acfr2025,gf_expenditures,453,846,Social Services: 068 Administration for Children’s Services,2019,3079745
acfr2025,gf_expenditures,453,847,069 Department of Social Services,2016,9345924
acfr2025,gf_expenditures,453,847,069 Department of Social Services,2017,9501095
acfr2025,gf_expenditures,453,847,069 Department of Social Services,2018,9853247
acfr2025,gf_expenditures,453,847,069 Department of Social Services,2019,10188335
acfr2025,gf_expenditures,453,848,071 Department of Homeless Services,2016,1389801
acfr2025,gf_expenditures,453,848,071 Department of Homeless Services,2017,1803283
acfr2025,gf_expenditures,453,848,071 Department of Homeless Services,2018,2090987
acfr2025,gf_expenditures,453,848,071 Department of Homeless Services,2019,2182752
acfr2025,gf_expenditures,453,849,125 Department for the Aging,2016,294203
acfr2025,gf_expenditures,453,849,125 Department for the Aging,2017,330405
acfr2025,gf_expenditures,453,849,125 Department for the Aging,2018,362668
acfr2025,gf_expenditures,453,849,125 Department for the Aging,2019,381914
acfr2025,gf_expenditures,453,850,Total Social Services,2016,13800868
acfr2025,gf_expenditures,453,850,Total Social Services,2017,14485139
acfr2025,gf_expenditures,453,850,Total Social Services,2018,15207720
acfr2025,gf_expenditures,453,850,Total Social Services,2019,15832746
acfr2025,gf_expenditures,453,851,Environmental Protection: 826 Department of Environmental Protection,2016,1081755
acfr2025,gf_expenditures,453,851,Environmental Protection: 826 Department of Environmental Protection,2017,1336577
acfr2025,gf_expenditures,453,851,Environmental Protection: 826 Department of Environmental Protection,2018,1314561
acfr2025,gf_expenditures,453,851,Environmental Protection: 826 Department of Environmental Protection,2019,1346282
acfr2025,gf_expenditures,453,852,827 Department of Sanitation,2016,1487474
acfr2025,gf_expenditures,453,852,827 Department of Sanitation,2017,1586841
acfr2025,gf_expenditures,453,852,827 Department of Sanitation,2018,1700907
acfr2025,gf_expenditures,453,852,827 Department of Sanitation,2019,1741457
acfr2025,gf_expenditures,453,853,Total Environmental Protection,2016,2569229
acfr2025,gf_expenditures,453,853,Total Environmental Protection,2017,2923418
acfr2025,gf_expenditures,453,853,Total Environmental Protection,2018,3015468
acfr2025,gf_expenditures,453,853,Total Environmental Protection,2019,3087739
acfr2025,gf_expenditures,453,854,Transportation Services: 841 Department of Transportation,2016,720249
acfr2025,gf_expenditures,453,854,Transportation Services: 841 Department of Transportation,2017,724637
acfr2025,gf_expenditures,453,854,Transportation Services: 841 Department of Transportation,2018,721879
acfr2025,gf_expenditures,453,854,Transportation Services: 841 Department of Transportation,2019,768961
acfr2025,gf_expenditures,453,855,Miscellaneous— Payments to the Transit Authority,2016,985350
acfr2025,gf_expenditures,453,855,Miscellaneous— Payments to the Transit Authority,2017,1028965
acfr2025,gf_expenditures,453,855,Miscellaneous— Payments to the Transit Authority,2018,1035258
acfr2025,gf_expenditures,453,855,Miscellaneous— Payments to the Transit Authority,2019,1298892
acfr2025,gf_expenditures,453,856,Miscellaneous— Payments to Private Bus Companies,2016,2331
acfr2025,gf_expenditures,453,856,Miscellaneous— Payments to Private Bus Companies,2017,35
acfr2025,gf_expenditures,453,856,Miscellaneous— Payments to Private Bus Companies,2018,34
acfr2025,gf_expenditures,453,856,Miscellaneous— Payments to Private Bus Companies,2019,21
acfr2025,gf_expenditures,454,857,Transportation Services: (cont.) Total Transportation Services,2020,1931869
acfr2025,gf_expenditures,454,857,Transportation Services: (cont.) Total Transportation Services,2021,1971496
acfr2025,gf_expenditures,454,857,Transportation Services: (cont.) Total Transportation Services,2022,2059277
acfr2025,gf_expenditures,454,857,Transportation Services: (cont.) Total Transportation Services,2023,2153586
acfr2025,gf_expenditures,454,857,Transportation Services: (cont.) Total Transportation Services,2024,2590771
acfr2025,gf_expenditures,454,857,Transportation Services: (cont.) Total Transportation Services,2025,2754999
acfr2025,gf_expenditures,454,858,"Parks, Recreation, and Cultural Activities: 126 Department of Cultural Affairs",2020,203754
acfr2025,gf_expenditures,454,858,"Parks, Recreation, and Cultural Activities: 126 Department of Cultural Affairs",2021,179942
acfr2025,gf_expenditures,454,858,"Parks, Recreation, and Cultural Activities: 126 Department of Cultural Affairs",2022,222897
acfr2025,gf_expenditures,454,858,"Parks, Recreation, and Cultural Activities: 126 Department of Cultural Affairs",2023,243933
acfr2025,gf_expenditures,454,858,"Parks, Recreation, and Cultural Activities: 126 Department of Cultural Affairs",2024,221568
acfr2025,gf_expenditures,454,858,"Parks, Recreation, and Cultural Activities: 126 Department of Cultural Affairs",2025,256338
acfr2025,gf_expenditures,454,859,846 Department of Parks and Recreation,2020,453994
acfr2025,gf_expenditures,454,859,846 Department of Parks and Recreation,2021,438564
acfr2025,gf_expenditures,454,859,846 Department of Parks and Recreation,2022,497008
acfr2025,gf_expenditures,454,859,846 Department of Parks and Recreation,2023,500297
acfr2025,gf_expenditures,454,859,846 Department of Parks and Recreation,2024,551054
acfr2025,gf_expenditures,454,859,846 Department of Parks and Recreation,2025,592097
acfr2025,gf_expenditures,454,860,"Total Parks, Recreation, and Cultural Activities",2020,657748
acfr2025,gf_expenditures,454,860,"Total Parks, Recreation, and Cultural Activities",2021,618506
acfr2025,gf_expenditures,454,860,"Total Parks, Recreation, and Cultural Activities",2022,719905
acfr2025,gf_expenditures,454,860,"Total Parks, Recreation, and Cultural Activities",2023,744230
acfr2025,gf_expenditures,454,860,"Total Parks, Recreation, and Cultural Activities",2024,772622
acfr2025,gf_expenditures,454,860,"Total Parks, Recreation, and Cultural Activities",2025,848435
acfr2025,gf_expenditures,454,861,Housing: 806 Housing Preservation and Development,2020,1102463
acfr2025,gf_expenditures,454,861,Housing: 806 Housing Preservation and Development,2021,1100468
acfr2025,gf_expenditures,454,861,Housing: 806 Housing Preservation and Development,2022,1167016
acfr2025,gf_expenditures,454,861,Housing: 806 Housing Preservation and Development,2023,1299418
acfr2025,gf_expenditures,454,861,Housing: 806 Housing Preservation and Development,2024,1837007
acfr2025,gf_expenditures,454,861,Housing: 806 Housing Preservation and Development,2025,1915074
acfr2025,gf_expenditures,454,862,810 Department of Buildings,2020,187494
acfr2025,gf_expenditures,454,862,810 Department of Buildings,2021,196242
acfr2025,gf_expenditures,454,862,810 Department of Buildings,2022,193683
acfr2025,gf_expenditures,454,862,810 Department of Buildings,2023,190556
acfr2025,gf_expenditures,454,862,810 Department of Buildings,2024,188033
acfr2025,gf_expenditures,454,862,810 Department of Buildings,2025,177694
acfr2025,gf_expenditures,454,863,Miscellaneous— Payments to the Housing Authority,2020,1318
acfr2025,gf_expenditures,454,863,Miscellaneous— Payments to the Housing Authority,2021,1264
acfr2025,gf_expenditures,454,863,Miscellaneous— Payments to the Housing Authority,2022,1183
acfr2025,gf_expenditures,454,863,Miscellaneous— Payments to the Housing Authority,2023,1135
acfr2025,gf_expenditures,454,863,Miscellaneous— Payments to the Housing Authority,2024,1095
acfr2025,gf_expenditures,454,863,Miscellaneous— Payments to the Housing Authority,2025,0
acfr2025,gf_expenditures,454,864,Total Housing,2020,1291275
acfr2025,gf_expenditures,454,864,Total Housing,2021,1297974
acfr2025,gf_expenditures,454,864,Total Housing,2022,1361882
acfr2025,gf_expenditures,454,864,Total Housing,2023,1491109
acfr2025,gf_expenditures,454,864,Total Housing,2024,2026135
acfr2025,gf_expenditures,454,864,Total Housing,2025,2092768
acfr2025,gf_expenditures,454,865,Health: 816 Department of Health and Mental Hygiene,2020,1814493
acfr2025,gf_expenditures,454,865,Health: 816 Department of Health and Mental Hygiene,2021,2152380
acfr2025,gf_expenditures,454,865,Health: 816 Department of Health and Mental Hygiene,2022,2571530
acfr2025,gf_expenditures,454,865,Health: 816 Department of Health and Mental Hygiene,2023,2298928
acfr2025,gf_expenditures,454,865,Health: 816 Department of Health and Mental Hygiene,2024,2246154
acfr2025,gf_expenditures,454,865,Health: 816 Department of Health and Mental Hygiene,2025,2382237
acfr2025,gf_expenditures,454,866,819 Health and Hospitals Corporation,2020,705441
acfr2025,gf_expenditures,454,866,819 Health and Hospitals Corporation,2021,2401543
acfr2025,gf_expenditures,454,866,819 Health and Hospitals Corporation,2022,2127150
acfr2025,gf_expenditures,454,866,819 Health and Hospitals Corporation,2023,1784814
acfr2025,gf_expenditures,454,866,819 Health and Hospitals Corporation,2024,2921691
acfr2025,gf_expenditures,454,866,819 Health and Hospitals Corporation,2025,3094557
acfr2025,gf_expenditures,454,867,Total Health,2020,2519934
acfr2025,gf_expenditures,454,867,Total Health,2021,4553923
acfr2025,gf_expenditures,454,867,Total Health,2022,4698680
acfr2025,gf_expenditures,454,867,Total Health,2023,4083742
acfr2025,gf_expenditures,454,867,Total Health,2024,5167845
acfr2025,gf_expenditures,454,867,Total Health,2025,5476794
acfr2025,gf_expenditures,454,868,Libraries: 035 New York Research Libraries,2020,31021
acfr2025,gf_expenditures,454,868,Libraries: 035 New York Research Libraries,2021,30691
acfr2025,gf_expenditures,454,868,Libraries: 035 New York Research Libraries,2022,30653
acfr2025,gf_expenditures,454,868,Libraries: 035 New York Research Libraries,2023,32989
acfr2025,gf_expenditures,454,868,Libraries: 035 New York Research Libraries,2024,32465
acfr2025,gf_expenditures,454,868,Libraries: 035 New York Research Libraries,2025,35836
acfr2025,gf_expenditures,454,869,037 New York Public Library,2020,156095
acfr2025,gf_expenditures,454,869,037 New York Public Library,2021,154592
acfr2025,gf_expenditures,454,869,037 New York Public Library,2022,155003
acfr2025,gf_expenditures,454,869,037 New York Public Library,2023,171242
acfr2025,gf_expenditures,454,869,037 New York Public Library,2024,166820
acfr2025,gf_expenditures,454,869,037 New York Public Library,2025,182283
acfr2025,gf_expenditures,454,870,038 Brooklyn Public Library,2020,117466
acfr2025,gf_expenditures,454,870,038 Brooklyn Public Library,2021,116669
acfr2025,gf_expenditures,454,870,038 Brooklyn Public Library,2022,117408
acfr2025,gf_expenditures,454,870,038 Brooklyn Public Library,2023,128347
acfr2025,gf_expenditures,454,870,038 Brooklyn Public Library,2024,127462
acfr2025,gf_expenditures,454,870,038 Brooklyn Public Library,2025,138546
acfr2025,gf_expenditures,454,871,039 Queens Borough Public Library,2020,122602
acfr2025,gf_expenditures,454,871,039 Queens Borough Public Library,2021,121518
acfr2025,gf_expenditures,454,871,039 Queens Borough Public Library,2022,121378
acfr2025,gf_expenditures,454,871,039 Queens Borough Public Library,2023,133613
acfr2025,gf_expenditures,454,871,039 Queens Borough Public Library,2024,131489
acfr2025,gf_expenditures,454,871,039 Queens Borough Public Library,2025,143491
acfr2025,gf_expenditures,454,872,Total Libraries,2020,427184
acfr2025,gf_expenditures,454,872,Total Libraries,2021,423470
acfr2025,gf_expenditures,454,872,Total Libraries,2022,424442
acfr2025,gf_expenditures,454,872,Total Libraries,2023,466191
acfr2025,gf_expenditures,454,872,Total Libraries,2024,458236
acfr2025,gf_expenditures,454,872,Total Libraries,2025,500156
acfr2025,gf_expenditures,455,873,Transportation Services: (cont.) Total Transportation Services,2016,1707930
acfr2025,gf_expenditures,455,873,Transportation Services: (cont.) Total Transportation Services,2017,1753637
acfr2025,gf_expenditures,455,873,Transportation Services: (cont.) Total Transportation Services,2018,1757171
acfr2025,gf_expenditures,455,873,Transportation Services: (cont.) Total Transportation Services,2019,2067874
acfr2025,gf_expenditures,455,874,"Parks, Recreation, and Cultural Activities: 126 Department of Cultural Affairs",2016,156814
acfr2025,gf_expenditures,455,874,"Parks, Recreation, and Cultural Activities: 126 Department of Cultural Affairs",2017,175290
acfr2025,gf_expenditures,455,874,"Parks, Recreation, and Cultural Activities: 126 Department of Cultural Affairs",2018,184923
acfr2025,gf_expenditures,455,874,"Parks, Recreation, and Cultural Activities: 126 Department of Cultural Affairs",2019,198855
acfr2025,gf_expenditures,455,875,846 Department of Parks and Recreation,2016,377041
acfr2025,gf_expenditures,455,875,846 Department of Parks and Recreation,2017,423486
acfr2025,gf_expenditures,455,875,846 Department of Parks and Recreation,2018,437055
acfr2025,gf_expenditures,455,875,846 Department of Parks and Recreation,2019,447625
acfr2025,gf_expenditures,455,876,"Total Parks, Recreation, and Cultural Activities",2016,533855
acfr2025,gf_expenditures,455,876,"Total Parks, Recreation, and Cultural Activities",2017,598776
acfr2025,gf_expenditures,455,876,"Total Parks, Recreation, and Cultural Activities",2018,621978
acfr2025,gf_expenditures,455,876,"Total Parks, Recreation, and Cultural Activities",2019,646480
acfr2025,gf_expenditures,455,877,Housing: 806 Housing Preservation and Development,2016,824613
acfr2025,gf_expenditures,455,877,Housing: 806 Housing Preservation and Development,2017,1002886
acfr2025,gf_expenditures,455,877,Housing: 806 Housing Preservation and Development,2018,975325
acfr2025,gf_expenditures,455,877,Housing: 806 Housing Preservation and Development,2019,1057105
acfr2025,gf_expenditures,455,878,810 Department of Buildings,2016,134556
acfr2025,gf_expenditures,455,878,810 Department of Buildings,2017,149656
acfr2025,gf_expenditures,455,878,810 Department of Buildings,2018,158641
acfr2025,gf_expenditures,455,878,810 Department of Buildings,2019,171768
acfr2025,gf_expenditures,455,879,Miscellaneous— Payments to the Housing Authority,2016,64044
acfr2025,gf_expenditures,455,879,Miscellaneous— Payments to the Housing Authority,2017,67591
acfr2025,gf_expenditures,455,879,Miscellaneous— Payments to the Housing Authority,2018,83419
acfr2025,gf_expenditures,455,879,Miscellaneous— Payments to the Housing Authority,2019,1448
acfr2025,gf_expenditures,455,880,Total Housing,2016,1023213
acfr2025,gf_expenditures,455,880,Total Housing,2017,1220133
acfr2025,gf_expenditures,455,880,Total Housing,2018,1217385
acfr2025,gf_expenditures,455,880,Total Housing,2019,1230321
acfr2025,gf_expenditures,455,881,Health: 816 Department of Health and Mental Hygiene,2016,1425182
acfr2025,gf_expenditures,455,881,Health: 816 Department of Health and Mental Hygiene,2017,1595395
acfr2025,gf_expenditures,455,881,Health: 816 Department of Health and Mental Hygiene,2018,1658536
acfr2025,gf_expenditures,455,881,Health: 816 Department of Health and Mental Hygiene,2019,1747449
acfr2025,gf_expenditures,455,882,819 Health and Hospitals Corporation,2016,1241329
acfr2025,gf_expenditures,455,882,819 Health and Hospitals Corporation,2017,637893
acfr2025,gf_expenditures,455,882,819 Health and Hospitals Corporation,2018,742636
acfr2025,gf_expenditures,455,882,819 Health and Hospitals Corporation,2019,908909
acfr2025,gf_expenditures,455,883,Total Health,2016,2666511
acfr2025,gf_expenditures,455,883,Total Health,2017,2233288
acfr2025,gf_expenditures,455,883,Total Health,2018,2401172
acfr2025,gf_expenditures,455,883,Total Health,2019,2656358
acfr2025,gf_expenditures,455,884,Libraries: 035 New York Research Libraries,2016,26737
acfr2025,gf_expenditures,455,884,Libraries: 035 New York Research Libraries,2017,27783
acfr2025,gf_expenditures,455,884,Libraries: 035 New York Research Libraries,2018,28075
acfr2025,gf_expenditures,455,884,Libraries: 035 New York Research Libraries,2019,28458
acfr2025,gf_expenditures,455,885,037 New York Public Library,2016,132892
acfr2025,gf_expenditures,455,885,037 New York Public Library,2017,136159
acfr2025,gf_expenditures,455,885,037 New York Public Library,2018,138967
acfr2025,gf_expenditures,455,885,037 New York Public Library,2019,145511
acfr2025,gf_expenditures,455,886,038 Brooklyn Public Library,2016,99324
acfr2025,gf_expenditures,455,886,038 Brooklyn Public Library,2017,102177
acfr2025,gf_expenditures,455,886,038 Brooklyn Public Library,2018,103895
acfr2025,gf_expenditures,455,886,038 Brooklyn Public Library,2019,109823
acfr2025,gf_expenditures,455,887,039 Queens Borough Public Library,2016,100595
acfr2025,gf_expenditures,455,887,039 Queens Borough Public Library,2017,103752
acfr2025,gf_expenditures,455,887,039 Queens Borough Public Library,2018,106939
acfr2025,gf_expenditures,455,887,039 Queens Borough Public Library,2019,114204
acfr2025,gf_expenditures,455,888,Total Libraries,2016,359548
acfr2025,gf_expenditures,455,888,Total Libraries,2017,369871
acfr2025,gf_expenditures,455,888,Total Libraries,2018,377876
acfr2025,gf_expenditures,455,888,Total Libraries,2019,397996
acfr2025,gf_expenditures,456,889,Pensions: 095 Pension Contributions,2020,9671638
acfr2025,gf_expenditures,456,889,Pensions: 095 Pension Contributions,2021,9333663
acfr2025,gf_expenditures,456,889,Pensions: 095 Pension Contributions,2022,9599122
acfr2025,gf_expenditures,456,889,Pensions: 095 Pension Contributions,2023,8988063
acfr2025,gf_expenditures,456,889,Pensions: 095 Pension Contributions,2024,9215445
acfr2025,gf_expenditures,456,889,Pensions: 095 Pension Contributions,2025,9915575
acfr2025,gf_expenditures,456,890,Judgments and Claims,2020,708970
acfr2025,gf_expenditures,456,890,Judgments and Claims,2021,617866
acfr2025,gf_expenditures,456,890,Judgments and Claims,2022,1241765
acfr2025,gf_expenditures,456,890,Judgments and Claims,2023,1208575
acfr2025,gf_expenditures,456,890,Judgments and Claims,2024,1516775
acfr2025,gf_expenditures,456,890,Judgments and Claims,2025,1376184
acfr2025,gf_expenditures,456,891,Benefit Payments,2020,5476722
acfr2025,gf_expenditures,456,891,Benefit Payments,2021,6846447
acfr2025,gf_expenditures,456,891,Benefit Payments,2022,8556605
acfr2025,gf_expenditures,456,891,Benefit Payments,2023,7774282
acfr2025,gf_expenditures,456,891,Benefit Payments,2024,7779718
acfr2025,gf_expenditures,456,891,Benefit Payments,2025,8688731
acfr2025,gf_expenditures,456,892,Lease Payments,2020,100582
acfr2025,gf_expenditures,456,892,Lease Payments,2021,97051
acfr2025,gf_expenditures,456,892,Lease Payments,2022,139906
acfr2025,gf_expenditures,456,892,Lease Payments,2023,81977
acfr2025,gf_expenditures,456,892,Lease Payments,2024,96135
acfr2025,gf_expenditures,456,892,Lease Payments,2025,85865
acfr2025,gf_expenditures,456,893,Other: 098 Miscellaneous,2020,1700597
acfr2025,gf_expenditures,456,893,Other: 098 Miscellaneous,2021,1847130
acfr2025,gf_expenditures,456,893,Other: 098 Miscellaneous,2022,1608436
acfr2025,gf_expenditures,456,893,Other: 098 Miscellaneous,2023,3144392
acfr2025,gf_expenditures,456,893,Other: 098 Miscellaneous,2024,1211790
acfr2025,gf_expenditures,456,893,Other: 098 Miscellaneous,2025,332272
acfr2025,gf_expenditures,456,894,Total Expenditures,2020,87849440
acfr2025,gf_expenditures,456,894,Total Expenditures,2021,91103926
acfr2025,gf_expenditures,456,894,Total Expenditures,2022,98933172
acfr2025,gf_expenditures,456,894,Total Expenditures,2023,100171173
acfr2025,gf_expenditures,456,894,Total Expenditures,2024,105270980
acfr2025,gf_expenditures,456,894,Total Expenditures,2025,109610157
acfr2025,gf_expenditures,456,895,Transfers : General Debt Service Fund: 099 Debt Service,2020,3391468
acfr2025,gf_expenditures,456,895,Transfers : General Debt Service Fund: 099 Debt Service,2021,5137881
acfr2025,gf_expenditures,456,895,Transfers : General Debt Service Fund: 099 Debt Service,2022,4014600
acfr2025,gf_expenditures,456,895,Transfers : General Debt Service Fund: 099 Debt Service,2023,3584175
acfr2025,gf_expenditures,456,895,Transfers : General Debt Service Fund: 099 Debt Service,2024,3377653
acfr2025,gf_expenditures,456,895,Transfers : General Debt Service Fund: 099 Debt Service,2025,3801162
acfr2025,gf_expenditures,456,896,Nonmajor Debt Service Funds: 099 Debt Service—Hudson Yards Infrastructure Corporation,2020,0
acfr2025,gf_expenditures,456,896,Nonmajor Debt Service Funds: 099 Debt Service—Hudson Yards Infrastructure Corporation,2021,0
acfr2025,gf_expenditures,456,896,Nonmajor Debt Service Funds: 099 Debt Service—Hudson Yards Infrastructure Corporation,2022,0
acfr2025,gf_expenditures,456,896,Nonmajor Debt Service Funds: 099 Debt Service—Hudson Yards Infrastructure Corporation,2023,0
acfr2025,gf_expenditures,456,896,Nonmajor Debt Service Funds: 099 Debt Service—Hudson Yards Infrastructure Corporation,2024,0
acfr2025,gf_expenditures,456,896,Nonmajor Debt Service Funds: 099 Debt Service—Hudson Yards Infrastructure Corporation,2025,0
acfr2025,gf_expenditures,456,897,Miscellaneous—Building Aid Revenue Bonds,2020,796520
acfr2025,gf_expenditures,456,897,Miscellaneous—Building Aid Revenue Bonds,2021,800785
acfr2025,gf_expenditures,456,897,Miscellaneous—Building Aid Revenue Bonds,2022,837724
acfr2025,gf_expenditures,456,897,Miscellaneous—Building Aid Revenue Bonds,2023,972862
acfr2025,gf_expenditures,456,897,Miscellaneous—Building Aid Revenue Bonds,2024,1036585
acfr2025,gf_expenditures,456,897,Miscellaneous—Building Aid Revenue Bonds,2025,3504206
acfr2025,gf_expenditures,456,898,Miscellaneous—Future Tax Secured,2020,3061523
acfr2025,gf_expenditures,456,898,Miscellaneous—Future Tax Secured,2021,2958217
acfr2025,gf_expenditures,456,898,Miscellaneous—Future Tax Secured,2022,2139340
acfr2025,gf_expenditures,456,898,Miscellaneous—Future Tax Secured,2023,3448858
acfr2025,gf_expenditures,456,898,Miscellaneous—Future Tax Secured,2024,3287765
acfr2025,gf_expenditures,456,898,Miscellaneous—Future Tax Secured,2025,774647
acfr2025,gf_expenditures,456,899,Total Transfers from Nonmajor Debt Service Funds,2020,3858043
acfr2025,gf_expenditures,456,899,Total Transfers from Nonmajor Debt Service Funds,2021,3759002
acfr2025,gf_expenditures,456,899,Total Transfers from Nonmajor Debt Service Funds,2022,2977064
acfr2025,gf_expenditures,456,899,Total Transfers from Nonmajor Debt Service Funds,2023,4421720
acfr2025,gf_expenditures,456,899,Total Transfers from Nonmajor Debt Service Funds,2024,4324350
acfr2025,gf_expenditures,456,899,Total Transfers from Nonmajor Debt Service Funds,2025,4278853
acfr2025,gf_expenditures,456,900,Total Transfers,2020,7249511
acfr2025,gf_expenditures,456,900,Total Transfers,2021,8896883
acfr2025,gf_expenditures,456,900,Total Transfers,2022,6991664
acfr2025,gf_expenditures,456,900,Total Transfers,2023,8005895
acfr2025,gf_expenditures,456,900,Total Transfers,2024,7702003
acfr2025,gf_expenditures,456,900,Total Transfers,2025,8080015
acfr2025,gf_expenditures,456,901,Total Expenditures and Other Financing Uses,2020,95098951
acfr2025,gf_expenditures,456,901,Total Expenditures and Other Financing Uses,2021,100000809
acfr2025,gf_expenditures,456,901,Total Expenditures and Other Financing Uses,2022,105924836
acfr2025,gf_expenditures,456,901,Total Expenditures and Other Financing Uses,2023,108177068
acfr2025,gf_expenditures,456,901,Total Expenditures and Other Financing Uses,2024,112972983
acfr2025,gf_expenditures,456,901,Total Expenditures and Other Financing Uses,2025,117690172
acfr2025,gf_expenditures,456,902,Source: Annual Comprehensive Financial,2024,422
acfr2025,gf_expenditures,457,903,Pensions: 095 Pension Contributions,2016,9170963
acfr2025,gf_expenditures,457,903,Pensions: 095 Pension Contributions,2017,9280651
acfr2025,gf_expenditures,457,903,Pensions: 095 Pension Contributions,2018,9513308
acfr2025,gf_expenditures,457,903,Pensions: 095 Pension Contributions,2019,9828626
acfr2025,gf_expenditures,457,904,Judgments and Claims,2016,719968
acfr2025,gf_expenditures,457,904,Judgments and Claims,2017,750349
acfr2025,gf_expenditures,457,904,Judgments and Claims,2018,730382
acfr2025,gf_expenditures,457,904,Judgments and Claims,2019,705751
acfr2025,gf_expenditures,457,905,Benefit Payments,2016,5511572
acfr2025,gf_expenditures,457,905,Benefit Payments,2017,5909908
acfr2025,gf_expenditures,457,905,Benefit Payments,2018,5717327
acfr2025,gf_expenditures,457,905,Benefit Payments,2019,5742655
acfr2025,gf_expenditures,457,906,Lease Payments,2016,199253
acfr2025,gf_expenditures,457,906,Lease Payments,2017,30360
acfr2025,gf_expenditures,457,906,Lease Payments,2018,129727
acfr2025,gf_expenditures,457,906,Lease Payments,2019,96489
acfr2025,gf_expenditures,457,907,Other: 098 Miscellaneous,2016,197649
acfr2025,gf_expenditures,457,907,Other: 098 Miscellaneous,2017,147036
acfr2025,gf_expenditures,457,907,Other: 098 Miscellaneous,2018,379538
acfr2025,gf_expenditures,457,907,Other: 098 Miscellaneous,2019,651012
acfr2025,gf_expenditures,457,908,Total Expenditures,2016,73700743
acfr2025,gf_expenditures,457,908,Total Expenditures,2017,77027929
acfr2025,gf_expenditures,457,908,Total Expenditures,2018,80700975
acfr2025,gf_expenditures,457,908,Total Expenditures,2019,84758165
acfr2025,gf_expenditures,457,909,Transfers : General Debt Service Fund: 099 Debt Service,2016,3701534
acfr2025,gf_expenditures,457,909,Transfers : General Debt Service Fund: 099 Debt Service,2017,3582898
acfr2025,gf_expenditures,457,909,Transfers : General Debt Service Fund: 099 Debt Service,2018,4102912
acfr2025,gf_expenditures,457,909,Transfers : General Debt Service Fund: 099 Debt Service,2019,3513236
acfr2025,gf_expenditures,457,910,Nonmajor Debt Service Funds: 099 Debt Service—Hudson Yards Infrastructure Corporation,2016,58655
acfr2025,gf_expenditures,457,910,Nonmajor Debt Service Funds: 099 Debt Service—Hudson Yards Infrastructure Corporation,2017,70546
acfr2025,gf_expenditures,457,910,Nonmajor Debt Service Funds: 099 Debt Service—Hudson Yards Infrastructure Corporation,2018,84332
acfr2025,gf_expenditures,457,910,Nonmajor Debt Service Funds: 099 Debt Service—Hudson Yards Infrastructure Corporation,2019,0
acfr2025,gf_expenditures,457,911,Miscellaneous—Building Aid Revenue Bonds,2016,605954
acfr2025,gf_expenditures,457,911,Miscellaneous—Building Aid Revenue Bonds,2017,575747
acfr2025,gf_expenditures,457,911,Miscellaneous—Building Aid Revenue Bonds,2018,687362
acfr2025,gf_expenditures,457,911,Miscellaneous—Building Aid Revenue Bonds,2019,744410
acfr2025,gf_expenditures,457,912,Miscellaneous—Future Tax Secured,2016,1914400
acfr2025,gf_expenditures,457,912,Miscellaneous—Future Tax Secured,2017,2206026
acfr2025,gf_expenditures,457,912,Miscellaneous—Future Tax Secured,2018,2355710
acfr2025,gf_expenditures,457,912,Miscellaneous—Future Tax Secured,2019,2763408
acfr2025,gf_expenditures,457,913,Total Transfers from Nonmajor Debt Service Funds,2016,2579009
acfr2025,gf_expenditures,457,913,Total Transfers from Nonmajor Debt Service Funds,2017,2852319
acfr2025,gf_expenditures,457,913,Total Transfers from Nonmajor Debt Service Funds,2018,3127404
acfr2025,gf_expenditures,457,913,Total Transfers from Nonmajor Debt Service Funds,2019,3507818
acfr2025,gf_expenditures,457,914,Total Transfers,2016,6280543
acfr2025,gf_expenditures,457,914,Total Transfers,2017,6435217
acfr2025,gf_expenditures,457,914,Total Transfers,2018,7230316
acfr2025,gf_expenditures,457,914,Total Transfers,2019,7021054
acfr2025,gf_expenditures,457,915,Total Expenditures and Other Financing Uses,2016,79981286
acfr2025,gf_expenditures,457,915,Total Expenditures and Other Financing Uses,2017,83463146
acfr2025,gf_expenditures,457,915,Total Expenditures and Other Financing Uses,2018,87931291
acfr2025,gf_expenditures,457,915,Total Expenditures and Other Financing Uses,2019,91779219
acfr2015,gf_expenditures,366,916,General Government: 002 Mayoralty,2006,72270
acfr2015,gf_expenditures,366,916,General Government: 002 Mayoralty,2007,78130
acfr2015,gf_expenditures,366,916,General Government: 002 Mayoralty,2008,82259
acfr2015,gf_expenditures,366,916,General Government: 002 Mayoralty,2009,82318
acfr2015,gf_expenditures,366,916,General Government: 002 Mayoralty,2010,84920
acfr2015,gf_expenditures,366,916,General Government: 002 Mayoralty,2011,81860
acfr2015,gf_expenditures,366,916,General Government: 002 Mayoralty,2012,81183
acfr2015,gf_expenditures,366,916,General Government: 002 Mayoralty,2013,81031
acfr2015,gf_expenditures,366,916,General Government: 002 Mayoralty,2014,84168
acfr2015,gf_expenditures,366,916,General Government: 002 Mayoralty,2015,88998
acfr2015,gf_expenditures,366,917,003 Board of Elections,2006,62448
acfr2015,gf_expenditures,366,917,003 Board of Elections,2007,71748
acfr2015,gf_expenditures,366,917,003 Board of Elections,2008,80674
acfr2015,gf_expenditures,366,917,003 Board of Elections,2009,81054
acfr2015,gf_expenditures,366,917,003 Board of Elections,2010,95654
acfr2015,gf_expenditures,366,917,003 Board of Elections,2011,102823
acfr2015,gf_expenditures,366,917,003 Board of Elections,2012,109839
acfr2015,gf_expenditures,366,917,003 Board of Elections,2013,107472
acfr2015,gf_expenditures,366,917,003 Board of Elections,2014,116081
acfr2015,gf_expenditures,366,917,003 Board of Elections,2015,106686
acfr2015,gf_expenditures,366,918,004 Campaign Finance Board,2006,38582
acfr2015,gf_expenditures,366,918,004 Campaign Finance Board,2007,6573
acfr2015,gf_expenditures,366,918,004 Campaign Finance Board,2008,6495
acfr2015,gf_expenditures,366,918,004 Campaign Finance Board,2009,8658
acfr2015,gf_expenditures,366,918,004 Campaign Finance Board,2010,44314
acfr2015,gf_expenditures,366,918,004 Campaign Finance Board,2011,11279
acfr2015,gf_expenditures,366,918,004 Campaign Finance Board,2012,9645
acfr2015,gf_expenditures,366,918,004 Campaign Finance Board,2013,9618
acfr2015,gf_expenditures,366,918,004 Campaign Finance Board,2014,53530
acfr2015,gf_expenditures,366,918,004 Campaign Finance Board,2015,10647
acfr2015,gf_expenditures,366,919,008 Office of the Actuary,2006,4943
acfr2015,gf_expenditures,366,919,008 Office of the Actuary,2007,4519
acfr2015,gf_expenditures,366,919,008 Office of the Actuary,2008,5051
acfr2015,gf_expenditures,366,919,008 Office of the Actuary,2009,4689
acfr2015,gf_expenditures,366,919,008 Office of the Actuary,2010,4977
acfr2015,gf_expenditures,366,919,008 Office of the Actuary,2011,4981
acfr2015,gf_expenditures,366,919,008 Office of the Actuary,2012,5547
acfr2015,gf_expenditures,366,919,008 Office of the Actuary,2013,5703
acfr2015,gf_expenditures,366,919,008 Office of the Actuary,2014,5568
acfr2015,gf_expenditures,366,919,008 Office of the Actuary,2015,6246
acfr2015,gf_expenditures,366,920,010 Borough President— Manhattan,2006,4316
acfr2015,gf_expenditures,366,920,010 Borough President— Manhattan,2007,4690
acfr2015,gf_expenditures,366,920,010 Borough President— Manhattan,2008,5819
acfr2015,gf_expenditures,366,920,010 Borough President— Manhattan,2009,4993
acfr2015,gf_expenditures,366,920,010 Borough President— Manhattan,2010,4697
acfr2015,gf_expenditures,366,920,010 Borough President— Manhattan,2011,4353
acfr2015,gf_expenditures,366,920,010 Borough President— Manhattan,2012,4541
acfr2015,gf_expenditures,366,920,010 Borough President— Manhattan,2013,4428
acfr2015,gf_expenditures,366,920,010 Borough President— Manhattan,2014,4066
acfr2015,gf_expenditures,366,920,010 Borough President— Manhattan,2015,4400
acfr2015,gf_expenditures,366,921,011 Borough President— Bronx,2006,5613
acfr2015,gf_expenditures,366,921,011 Borough President— Bronx,2007,6350
acfr2015,gf_expenditures,366,921,011 Borough President— Bronx,2008,6923
acfr2015,gf_expenditures,366,921,011 Borough President— Bronx,2009,5544
acfr2015,gf_expenditures,366,921,011 Borough President— Bronx,2010,4862
acfr2015,gf_expenditures,366,921,011 Borough President— Bronx,2011,4861
acfr2015,gf_expenditures,366,921,011 Borough President— Bronx,2012,4863
acfr2015,gf_expenditures,366,921,011 Borough President— Bronx,2013,4982
acfr2015,gf_expenditures,366,921,011 Borough President— Bronx,2014,4901
acfr2015,gf_expenditures,366,921,011 Borough President— Bronx,2015,5283
acfr2015,gf_expenditures,366,922,012 Borough President— Brooklyn,2006,5435
acfr2015,gf_expenditures,366,922,012 Borough President— Brooklyn,2007,6072
acfr2015,gf_expenditures,366,922,012 Borough President— Brooklyn,2008,8088
acfr2015,gf_expenditures,366,922,012 Borough President— Brooklyn,2009,5652
acfr2015,gf_expenditures,366,922,012 Borough President— Brooklyn,2010,5300
acfr2015,gf_expenditures,366,922,012 Borough President— Brooklyn,2011,5374
acfr2015,gf_expenditures,366,922,012 Borough President— Brooklyn,2012,5140
acfr2015,gf_expenditures,366,922,012 Borough President— Brooklyn,2013,5187
acfr2015,gf_expenditures,366,922,012 Borough President— Brooklyn,2014,5089
acfr2015,gf_expenditures,366,922,012 Borough President— Brooklyn,2015,5851
acfr2015,gf_expenditures,366,923,013 Borough President— Queens,2006,4946
acfr2015,gf_expenditures,366,923,013 Borough President— Queens,2007,5528
acfr2015,gf_expenditures,366,923,013 Borough President— Queens,2008,6650
acfr2015,gf_expenditures,366,923,013 Borough President— Queens,2009,4717
acfr2015,gf_expenditures,366,923,013 Borough President— Queens,2010,4595
acfr2015,gf_expenditures,366,923,013 Borough President— Queens,2011,4699
acfr2015,gf_expenditures,366,923,013 Borough President— Queens,2012,4586
acfr2015,gf_expenditures,366,923,013 Borough President— Queens,2013,4584
acfr2015,gf_expenditures,366,923,013 Borough President— Queens,2014,4977
acfr2015,gf_expenditures,366,923,013 Borough President— Queens,2015,4754
acfr2015,gf_expenditures,366,924,014 Borough President— 335 Staten Island,2006,3972
acfr2015,gf_expenditures,366,924,014 Borough President— 335 Staten Island,2007,4265
acfr2015,gf_expenditures,366,924,014 Borough President— 335 Staten Island,2008,4712
acfr2015,gf_expenditures,366,924,014 Borough President— 335 Staten Island,2009,3983
acfr2015,gf_expenditures,366,924,014 Borough President— 335 Staten Island,2010,3875
acfr2015,gf_expenditures,366,924,014 Borough President— 335 Staten Island,2011,3770
acfr2015,gf_expenditures,366,924,014 Borough President— 335 Staten Island,2012,3859
acfr2015,gf_expenditures,366,924,014 Borough President— 335 Staten Island,2013,3904
acfr2015,gf_expenditures,366,924,014 Borough President— 335 Staten Island,2014,4130
acfr2015,gf_expenditures,366,924,014 Borough President— 335 Staten Island,2015,3776
acfr2015,gf_expenditures,366,925,015 Office of the Comptroller,2006,55386
acfr2015,gf_expenditures,366,925,015 Office of the Comptroller,2007,56794
acfr2015,gf_expenditures,366,925,015 Office of the Comptroller,2008,58908
acfr2015,gf_expenditures,366,925,015 Office of the Comptroller,2009,61215
acfr2015,gf_expenditures,366,925,015 Office of the Comptroller,2010,57151
acfr2015,gf_expenditures,366,925,015 Office of the Comptroller,2011,54371
acfr2015,gf_expenditures,366,925,015 Office of the Comptroller,2012,59205
acfr2015,gf_expenditures,366,925,015 Office of the Comptroller,2013,61238
acfr2015,gf_expenditures,366,925,015 Office of the Comptroller,2014,70270
acfr2015,gf_expenditures,366,925,015 Office of the Comptroller,2015,75634
acfr2015,gf_expenditures,366,926,021 Office of Administrative Tax Appeals,2006,2360
acfr2015,gf_expenditures,366,926,021 Office of Administrative Tax Appeals,2007,2601
acfr2015,gf_expenditures,366,926,021 Office of Administrative Tax Appeals,2008,3072
acfr2015,gf_expenditures,366,926,021 Office of Administrative Tax Appeals,2009,3987
acfr2015,gf_expenditures,366,926,021 Office of Administrative Tax Appeals,2010,3707
acfr2015,gf_expenditures,366,926,021 Office of Administrative Tax Appeals,2011,3712
acfr2015,gf_expenditures,366,926,021 Office of Administrative Tax Appeals,2012,3850
acfr2015,gf_expenditures,366,926,021 Office of Administrative Tax Appeals,2013,4247
acfr2015,gf_expenditures,366,926,021 Office of Administrative Tax Appeals,2014,4162
acfr2015,gf_expenditures,366,926,021 Office of Administrative Tax Appeals,2015,4261
acfr2015,gf_expenditures,366,927,025 Law Department,2006,119306
acfr2015,gf_expenditures,366,927,025 Law Department,2007,120669
acfr2015,gf_expenditures,366,927,025 Law Department,2008,116345
acfr2015,gf_expenditures,366,927,025 Law Department,2009,118593
acfr2015,gf_expenditures,366,927,025 Law Department,2010,131832
acfr2015,gf_expenditures,366,927,025 Law Department,2011,121789
acfr2015,gf_expenditures,366,927,025 Law Department,2012,124941
acfr2015,gf_expenditures,366,927,025 Law Department,2013,133663
acfr2015,gf_expenditures,366,927,025 Law Department,2014,151085
acfr2015,gf_expenditures,366,927,025 Law Department,2015,165619
acfr2015,gf_expenditures,366,928,030 Department of City Planning,2006,22073
acfr2015,gf_expenditures,366,928,030 Department of City Planning,2007,22051
acfr2015,gf_expenditures,366,928,030 Department of City Planning,2008,24396
acfr2015,gf_expenditures,366,928,030 Department of City Planning,2009,26895
acfr2015,gf_expenditures,366,928,030 Department of City Planning,2010,25856
acfr2015,gf_expenditures,366,928,030 Department of City Planning,2011,23589
acfr2015,gf_expenditures,366,928,030 Department of City Planning,2012,22831
acfr2015,gf_expenditures,366,928,030 Department of City Planning,2013,20928
acfr2015,gf_expenditures,366,928,030 Department of City Planning,2014,20395
acfr2015,gf_expenditures,366,928,030 Department of City Planning,2015,24621
acfr2015,gf_expenditures,366,929,032 Department of Investigation,2006,17930
acfr2015,gf_expenditures,366,929,032 Department of Investigation,2007,17912
acfr2015,gf_expenditures,366,929,032 Department of Investigation,2008,18819
acfr2015,gf_expenditures,366,929,032 Department of Investigation,2009,17756
acfr2015,gf_expenditures,366,929,032 Department of Investigation,2010,17705
acfr2015,gf_expenditures,366,929,032 Department of Investigation,2011,16296
acfr2015,gf_expenditures,366,929,032 Department of Investigation,2012,15341
acfr2015,gf_expenditures,366,929,032 Department of Investigation,2013,30594
acfr2015,gf_expenditures,366,929,032 Department of Investigation,2014,25099
acfr2015,gf_expenditures,366,929,032 Department of Investigation,2015,31465
acfr2015,gf_expenditures,366,930,101 Public Advocate,2006,2901
acfr2015,gf_expenditures,366,930,101 Public Advocate,2007,3031
acfr2015,gf_expenditures,366,930,101 Public Advocate,2008,3115
acfr2015,gf_expenditures,366,930,101 Public Advocate,2009,2806
acfr2015,gf_expenditures,366,930,101 Public Advocate,2010,2573
acfr2015,gf_expenditures,366,930,101 Public Advocate,2011,2212
acfr2015,gf_expenditures,366,930,101 Public Advocate,2012,2236
acfr2015,gf_expenditures,366,930,101 Public Advocate,2013,2241
acfr2015,gf_expenditures,366,930,101 Public Advocate,2014,2322
acfr2015,gf_expenditures,366,930,101 Public Advocate,2015,2747
acfr2015,gf_expenditures,366,931,102 City Council,2006,47746
acfr2015,gf_expenditures,366,931,102 City Council,2007,50315
acfr2015,gf_expenditures,366,931,102 City Council,2008,51203
acfr2015,gf_expenditures,366,931,102 City Council,2009,49524
acfr2015,gf_expenditures,366,931,102 City Council,2010,51460
acfr2015,gf_expenditures,366,931,102 City Council,2011,51038
acfr2015,gf_expenditures,366,931,102 City Council,2012,51891
acfr2015,gf_expenditures,366,931,102 City Council,2013,51590
acfr2015,gf_expenditures,366,931,102 City Council,2014,51540
acfr2015,gf_expenditures,366,931,102 City Council,2015,56876
acfr2015,gf_expenditures,366,932,103 City Clerk,2006,3115
acfr2015,gf_expenditures,366,932,103 City Clerk,2007,3629
acfr2015,gf_expenditures,366,932,103 City Clerk,2008,3812
acfr2015,gf_expenditures,366,932,103 City Clerk,2009,4329
acfr2015,gf_expenditures,366,932,103 City Clerk,2010,4221
acfr2015,gf_expenditures,366,932,103 City Clerk,2011,4445
acfr2015,gf_expenditures,366,932,103 City Clerk,2012,4411
acfr2015,gf_expenditures,366,932,103 City Clerk,2013,4407
acfr2015,gf_expenditures,366,932,103 City Clerk,2014,4752
acfr2015,gf_expenditures,366,932,103 City Clerk,2015,5587
acfr2015,gf_expenditures,366,933,127 Financial Information Services Agency,2006,35817
acfr2015,gf_expenditures,366,933,127 Financial Information Services Agency,2007,42474
acfr2015,gf_expenditures,366,933,127 Financial Information Services Agency,2008,43743
acfr2015,gf_expenditures,366,933,127 Financial Information Services Agency,2009,43988
acfr2015,gf_expenditures,366,933,127 Financial Information Services Agency,2010,45299
acfr2015,gf_expenditures,366,933,127 Financial Information Services Agency,2011,46845
acfr2015,gf_expenditures,366,933,127 Financial Information Services Agency,2012,74509
acfr2015,gf_expenditures,366,933,127 Financial Information Services Agency,2013,77346
acfr2015,gf_expenditures,366,933,127 Financial Information Services Agency,2014,81626
acfr2015,gf_expenditures,366,933,127 Financial Information Services Agency,2015,82571
acfr2015,gf_expenditures,366,934,131 Office of Payroll Administration,2006,8088
acfr2015,gf_expenditures,366,934,131 Office of Payroll Administration,2007,9426
acfr2015,gf_expenditures,366,934,131 Office of Payroll Administration,2008,11195
acfr2015,gf_expenditures,366,934,131 Office of Payroll Administration,2009,11647
acfr2015,gf_expenditures,366,934,131 Office of Payroll Administration,2010,22170
acfr2015,gf_expenditures,366,934,131 Office of Payroll Administration,2011,56997
acfr2015,gf_expenditures,366,934,131 Office of Payroll Administration,2012,-17782
acfr2015,gf_expenditures,366,934,131 Office of Payroll Administration,2013,11033
acfr2015,gf_expenditures,366,934,131 Office of Payroll Administration,2014,13713
acfr2015,gf_expenditures,366,934,131 Office of Payroll Administration,2015,14678
acfr2015,gf_expenditures,366,935,132 Independent Budget Office,2006,2655
acfr2015,gf_expenditures,366,935,132 Independent Budget Office,2007,2845
acfr2015,gf_expenditures,366,935,132 Independent Budget Office,2008,2925
acfr2015,gf_expenditures,366,935,132 Independent Budget Office,2009,2884
acfr2015,gf_expenditures,366,935,132 Independent Budget Office,2010,3189
acfr2015,gf_expenditures,366,935,132 Independent Budget Office,2011,3397
acfr2015,gf_expenditures,366,935,132 Independent Budget Office,2012,3693
acfr2015,gf_expenditures,366,935,132 Independent Budget Office,2013,3889
acfr2015,gf_expenditures,366,935,132 Independent Budget Office,2014,3998
acfr2015,gf_expenditures,366,935,132 Independent Budget Office,2015,3944
acfr2015,gf_expenditures,366,936,133 Equal Employment Practices Commission,2006,729
acfr2015,gf_expenditures,366,936,133 Equal Employment Practices Commission,2007,783
acfr2015,gf_expenditures,366,936,133 Equal Employment Practices Commission,2008,753
acfr2015,gf_expenditures,366,936,133 Equal Employment Practices Commission,2009,759
acfr2015,gf_expenditures,366,936,133 Equal Employment Practices Commission,2010,751
acfr2015,gf_expenditures,366,936,133 Equal Employment Practices Commission,2011,722
acfr2015,gf_expenditures,366,936,133 Equal Employment Practices Commission,2012,627
acfr2015,gf_expenditures,366,936,133 Equal Employment Practices Commission,2013,419
acfr2015,gf_expenditures,366,936,133 Equal Employment Practices Commission,2014,464
acfr2015,gf_expenditures,366,936,133 Equal Employment Practices Commission,2015,701
acfr2015,gf_expenditures,367,937,General Government: (cont.) 134 Civil Service Commission,2006,452
acfr2015,gf_expenditures,367,937,General Government: (cont.) 134 Civil Service Commission,2007,530
acfr2015,gf_expenditures,367,937,General Government: (cont.) 134 Civil Service Commission,2008,583
acfr2015,gf_expenditures,367,937,General Government: (cont.) 134 Civil Service Commission,2009,606
acfr2015,gf_expenditures,367,937,General Government: (cont.) 134 Civil Service Commission,2010,554
acfr2015,gf_expenditures,367,937,General Government: (cont.) 134 Civil Service Commission,2011,482
acfr2015,gf_expenditures,367,937,General Government: (cont.) 134 Civil Service Commission,2012,651
acfr2015,gf_expenditures,367,937,General Government: (cont.) 134 Civil Service Commission,2013,767
acfr2015,gf_expenditures,367,937,General Government: (cont.) 134 Civil Service Commission,2014,799
acfr2015,gf_expenditures,367,937,General Government: (cont.) 134 Civil Service Commission,2015,735
acfr2015,gf_expenditures,367,938,136 Landmarks Preservation Commission,2006,3660
acfr2015,gf_expenditures,367,938,136 Landmarks Preservation Commission,2007,4224
acfr2015,gf_expenditures,367,938,136 Landmarks Preservation Commission,2008,4408
acfr2015,gf_expenditures,367,938,136 Landmarks Preservation Commission,2009,4599
acfr2015,gf_expenditures,367,938,136 Landmarks Preservation Commission,2010,4608
acfr2015,gf_expenditures,367,938,136 Landmarks Preservation Commission,2011,4479
acfr2015,gf_expenditures,367,938,136 Landmarks Preservation Commission,2012,4273
acfr2015,gf_expenditures,367,938,136 Landmarks Preservation Commission,2013,4448
acfr2015,gf_expenditures,367,938,136 Landmarks Preservation Commission,2014,4743
acfr2015,gf_expenditures,367,938,136 Landmarks Preservation Commission,2015,4782
acfr2015,gf_expenditures,367,939,138 Districting Commission,2006,0
acfr2015,gf_expenditures,367,939,138 Districting Commission,2007,0
acfr2015,gf_expenditures,367,939,138 Districting Commission,2008,0
acfr2015,gf_expenditures,367,939,138 Districting Commission,2009,0
acfr2015,gf_expenditures,367,939,138 Districting Commission,2010,0
acfr2015,gf_expenditures,367,939,138 Districting Commission,2011,0
acfr2015,gf_expenditures,367,939,138 Districting Commission,2012,0
acfr2015,gf_expenditures,367,939,138 Districting Commission,2013,1381
acfr2015,gf_expenditures,367,939,138 Districting Commission,2014,14
acfr2015,gf_expenditures,367,939,138 Districting Commission,2015,0
acfr2015,gf_expenditures,367,940,226 Commission on Human Rights,2006,6524
acfr2015,gf_expenditures,367,940,226 Commission on Human Rights,2007,6673
acfr2015,gf_expenditures,367,940,226 Commission on Human Rights,2008,6779
acfr2015,gf_expenditures,367,940,226 Commission on Human Rights,2009,7130
acfr2015,gf_expenditures,367,940,226 Commission on Human Rights,2010,6899
acfr2015,gf_expenditures,367,940,226 Commission on Human Rights,2011,6136
acfr2015,gf_expenditures,367,940,226 Commission on Human Rights,2012,6033
acfr2015,gf_expenditures,367,940,226 Commission on Human Rights,2013,5936
acfr2015,gf_expenditures,367,940,226 Commission on Human Rights,2014,5538
acfr2015,gf_expenditures,367,940,226 Commission on Human Rights,2015,5722
acfr2015,gf_expenditures,367,941,260 Department of Youth and Community Development,2006,279373
acfr2015,gf_expenditures,367,941,260 Department of Youth and Community Development,2007,280186
acfr2015,gf_expenditures,367,941,260 Department of Youth and Community Development,2008,364267
acfr2015,gf_expenditures,367,941,260 Department of Youth and Community Development,2009,354146
acfr2015,gf_expenditures,367,941,260 Department of Youth and Community Development,2010,381490
acfr2015,gf_expenditures,367,941,260 Department of Youth and Community Development,2011,318832
acfr2015,gf_expenditures,367,941,260 Department of Youth and Community Development,2012,299967
acfr2015,gf_expenditures,367,941,260 Department of Youth and Community Development,2013,307731
acfr2015,gf_expenditures,367,941,260 Department of Youth and Community Development,2014,368054
acfr2015,gf_expenditures,367,941,260 Department of Youth and Community Development,2015,419394
acfr2015,gf_expenditures,367,942,312 Conflicts of Interest Board,2006,1435
acfr2015,gf_expenditures,367,942,312 Conflicts of Interest Board,2007,1738
acfr2015,gf_expenditures,367,942,312 Conflicts of Interest Board,2008,1883
acfr2015,gf_expenditures,367,942,312 Conflicts of Interest Board,2009,1878
acfr2015,gf_expenditures,367,942,312 Conflicts of Interest Board,2010,1909
acfr2015,gf_expenditures,367,942,312 Conflicts of Interest Board,2011,1981
acfr2015,gf_expenditures,367,942,312 Conflicts of Interest Board,2012,1960
acfr2015,gf_expenditures,367,942,312 Conflicts of Interest Board,2013,2032
acfr2015,gf_expenditures,367,942,312 Conflicts of Interest Board,2014,2054
acfr2015,gf_expenditures,367,942,312 Conflicts of Interest Board,2015,2193
acfr2015,gf_expenditures,367,943,313 Office of Collective Bargaining,2006,1702
acfr2015,gf_expenditures,367,943,313 Office of Collective Bargaining,2007,1819
acfr2015,gf_expenditures,367,943,313 Office of Collective Bargaining,2008,1861
acfr2015,gf_expenditures,367,943,313 Office of Collective Bargaining,2009,1882
acfr2015,gf_expenditures,367,943,313 Office of Collective Bargaining,2010,2030
acfr2015,gf_expenditures,367,943,313 Office of Collective Bargaining,2011,2013
acfr2015,gf_expenditures,367,943,313 Office of Collective Bargaining,2012,2071
acfr2015,gf_expenditures,367,943,313 Office of Collective Bargaining,2013,2106
acfr2015,gf_expenditures,367,943,313 Office of Collective Bargaining,2014,2101
acfr2015,gf_expenditures,367,943,313 Office of Collective Bargaining,2015,1754
acfr2015,gf_expenditures,367,944,336 341 Manhattan Community Board # 1,2006,191
acfr2015,gf_expenditures,367,944,336 341 Manhattan Community Board # 1,2007,192
acfr2015,gf_expenditures,367,944,336 341 Manhattan Community Board # 1,2008,199
acfr2015,gf_expenditures,367,944,336 341 Manhattan Community Board # 1,2009,209
acfr2015,gf_expenditures,367,944,336 341 Manhattan Community Board # 1,2010,205
acfr2015,gf_expenditures,367,944,336 341 Manhattan Community Board # 1,2011,232
acfr2015,gf_expenditures,367,944,336 341 Manhattan Community Board # 1,2012,220
acfr2015,gf_expenditures,367,944,336 341 Manhattan Community Board # 1,2013,229
acfr2015,gf_expenditures,367,944,336 341 Manhattan Community Board # 1,2014,240
acfr2015,gf_expenditures,367,944,336 341 Manhattan Community Board # 1,2015,267
acfr2015,gf_expenditures,367,945,342 Manhattan Community Board # 2,2006,300
acfr2015,gf_expenditures,367,945,342 Manhattan Community Board # 2,2007,272
acfr2015,gf_expenditures,367,945,342 Manhattan Community Board # 2,2008,289
acfr2015,gf_expenditures,367,945,342 Manhattan Community Board # 2,2009,310
acfr2015,gf_expenditures,367,945,342 Manhattan Community Board # 2,2010,315
acfr2015,gf_expenditures,367,945,342 Manhattan Community Board # 2,2011,316
acfr2015,gf_expenditures,367,945,342 Manhattan Community Board # 2,2012,273
acfr2015,gf_expenditures,367,945,342 Manhattan Community Board # 2,2013,269
acfr2015,gf_expenditures,367,945,342 Manhattan Community Board # 2,2014,271
acfr2015,gf_expenditures,367,945,342 Manhattan Community Board # 2,2015,282
acfr2015,gf_expenditures,367,946,343 Manhattan Community Board # 3,2006,227
acfr2015,gf_expenditures,367,946,343 Manhattan Community Board # 3,2007,310
acfr2015,gf_expenditures,367,946,343 Manhattan Community Board # 3,2008,319
acfr2015,gf_expenditures,367,946,343 Manhattan Community Board # 3,2009,332
acfr2015,gf_expenditures,367,946,343 Manhattan Community Board # 3,2010,332
acfr2015,gf_expenditures,367,946,343 Manhattan Community Board # 3,2011,330
acfr2015,gf_expenditures,367,946,343 Manhattan Community Board # 3,2012,334
acfr2015,gf_expenditures,367,946,343 Manhattan Community Board # 3,2013,335
acfr2015,gf_expenditures,367,946,343 Manhattan Community Board # 3,2014,352
acfr2015,gf_expenditures,367,946,343 Manhattan Community Board # 3,2015,358
acfr2015,gf_expenditures,367,947,344 Manhattan Community Board # 4,2006,206
acfr2015,gf_expenditures,367,947,344 Manhattan Community Board # 4,2007,231
acfr2015,gf_expenditures,367,947,344 Manhattan Community Board # 4,2008,250
acfr2015,gf_expenditures,367,947,344 Manhattan Community Board # 4,2009,278
acfr2015,gf_expenditures,367,947,344 Manhattan Community Board # 4,2010,251
acfr2015,gf_expenditures,367,947,344 Manhattan Community Board # 4,2011,245
acfr2015,gf_expenditures,367,947,344 Manhattan Community Board # 4,2012,275
acfr2015,gf_expenditures,367,947,344 Manhattan Community Board # 4,2013,281
acfr2015,gf_expenditures,367,947,344 Manhattan Community Board # 4,2014,283
acfr2015,gf_expenditures,367,947,344 Manhattan Community Board # 4,2015,278
acfr2015,gf_expenditures,367,948,345 Manhattan Community Board # 5,2006,231
acfr2015,gf_expenditures,367,948,345 Manhattan Community Board # 5,2007,240
acfr2015,gf_expenditures,367,948,345 Manhattan Community Board # 5,2008,229
acfr2015,gf_expenditures,367,948,345 Manhattan Community Board # 5,2009,240
acfr2015,gf_expenditures,367,948,345 Manhattan Community Board # 5,2010,239
acfr2015,gf_expenditures,367,948,345 Manhattan Community Board # 5,2011,243
acfr2015,gf_expenditures,367,948,345 Manhattan Community Board # 5,2012,253
acfr2015,gf_expenditures,367,948,345 Manhattan Community Board # 5,2013,254
acfr2015,gf_expenditures,367,948,345 Manhattan Community Board # 5,2014,254
acfr2015,gf_expenditures,367,948,345 Manhattan Community Board # 5,2015,264
acfr2015,gf_expenditures,367,949,346 Manhattan Community Board # 6,2006,274
acfr2015,gf_expenditures,367,949,346 Manhattan Community Board # 6,2007,271
acfr2015,gf_expenditures,367,949,346 Manhattan Community Board # 6,2008,293
acfr2015,gf_expenditures,367,949,346 Manhattan Community Board # 6,2009,267
acfr2015,gf_expenditures,367,949,346 Manhattan Community Board # 6,2010,276
acfr2015,gf_expenditures,367,949,346 Manhattan Community Board # 6,2011,291
acfr2015,gf_expenditures,367,949,346 Manhattan Community Board # 6,2012,246
acfr2015,gf_expenditures,367,949,346 Manhattan Community Board # 6,2013,308
acfr2015,gf_expenditures,367,949,346 Manhattan Community Board # 6,2014,364
acfr2015,gf_expenditures,367,949,346 Manhattan Community Board # 6,2015,320
acfr2015,gf_expenditures,367,950,347 Manhattan Community Board # 7,2006,201
acfr2015,gf_expenditures,367,950,347 Manhattan Community Board # 7,2007,211
acfr2015,gf_expenditures,367,950,347 Manhattan Community Board # 7,2008,212
acfr2015,gf_expenditures,367,950,347 Manhattan Community Board # 7,2009,220
acfr2015,gf_expenditures,367,950,347 Manhattan Community Board # 7,2010,223
acfr2015,gf_expenditures,367,950,347 Manhattan Community Board # 7,2011,212
acfr2015,gf_expenditures,367,950,347 Manhattan Community Board # 7,2012,297
acfr2015,gf_expenditures,367,950,347 Manhattan Community Board # 7,2013,316
acfr2015,gf_expenditures,367,950,347 Manhattan Community Board # 7,2014,295
acfr2015,gf_expenditures,367,950,347 Manhattan Community Board # 7,2015,307
acfr2015,gf_expenditures,367,951,348 Manhattan Community Board # 8,2006,285
acfr2015,gf_expenditures,367,951,348 Manhattan Community Board # 8,2007,284
acfr2015,gf_expenditures,367,951,348 Manhattan Community Board # 8,2008,271
acfr2015,gf_expenditures,367,951,348 Manhattan Community Board # 8,2009,282
acfr2015,gf_expenditures,367,951,348 Manhattan Community Board # 8,2010,288
acfr2015,gf_expenditures,367,951,348 Manhattan Community Board # 8,2011,285
acfr2015,gf_expenditures,367,951,348 Manhattan Community Board # 8,2012,335
acfr2015,gf_expenditures,367,951,348 Manhattan Community Board # 8,2013,344
acfr2015,gf_expenditures,367,951,348 Manhattan Community Board # 8,2014,312
acfr2015,gf_expenditures,367,951,348 Manhattan Community Board # 8,2015,336
acfr2015,gf_expenditures,367,952,349 Manhattan Community Board # 9,2006,328
acfr2015,gf_expenditures,367,952,349 Manhattan Community Board # 9,2007,225
acfr2015,gf_expenditures,367,952,349 Manhattan Community Board # 9,2008,308
acfr2015,gf_expenditures,367,952,349 Manhattan Community Board # 9,2009,212
acfr2015,gf_expenditures,367,952,349 Manhattan Community Board # 9,2010,222
acfr2015,gf_expenditures,367,952,349 Manhattan Community Board # 9,2011,235
acfr2015,gf_expenditures,367,952,349 Manhattan Community Board # 9,2012,235
acfr2015,gf_expenditures,367,952,349 Manhattan Community Board # 9,2013,225
acfr2015,gf_expenditures,367,952,349 Manhattan Community Board # 9,2014,229
acfr2015,gf_expenditures,367,952,349 Manhattan Community Board # 9,2015,249
acfr2015,gf_expenditures,367,953,350 Manhattan Community Board # 10,2006,227
acfr2015,gf_expenditures,367,953,350 Manhattan Community Board # 10,2007,236
acfr2015,gf_expenditures,367,953,350 Manhattan Community Board # 10,2008,239
acfr2015,gf_expenditures,367,953,350 Manhattan Community Board # 10,2009,195
acfr2015,gf_expenditures,367,953,350 Manhattan Community Board # 10,2010,199
acfr2015,gf_expenditures,367,953,350 Manhattan Community Board # 10,2011,250
acfr2015,gf_expenditures,367,953,350 Manhattan Community Board # 10,2012,222
acfr2015,gf_expenditures,367,953,350 Manhattan Community Board # 10,2013,214
acfr2015,gf_expenditures,367,953,350 Manhattan Community Board # 10,2014,188
acfr2015,gf_expenditures,367,953,350 Manhattan Community Board # 10,2015,293
acfr2015,gf_expenditures,368,954,General Government: (cont.) 351 Manhattan Community Board # 11,2006,197
acfr2015,gf_expenditures,368,954,General Government: (cont.) 351 Manhattan Community Board # 11,2007,200
acfr2015,gf_expenditures,368,954,General Government: (cont.) 351 Manhattan Community Board # 11,2008,208
acfr2015,gf_expenditures,368,954,General Government: (cont.) 351 Manhattan Community Board # 11,2009,247
acfr2015,gf_expenditures,368,954,General Government: (cont.) 351 Manhattan Community Board # 11,2010,252
acfr2015,gf_expenditures,368,954,General Government: (cont.) 351 Manhattan Community Board # 11,2011,255
acfr2015,gf_expenditures,368,954,General Government: (cont.) 351 Manhattan Community Board # 11,2012,264
acfr2015,gf_expenditures,368,954,General Government: (cont.) 351 Manhattan Community Board # 11,2013,268
acfr2015,gf_expenditures,368,954,General Government: (cont.) 351 Manhattan Community Board # 11,2014,269
acfr2015,gf_expenditures,368,954,General Government: (cont.) 351 Manhattan Community Board # 11,2015,251
acfr2015,gf_expenditures,368,955,352 Manhattan Community Board # 12,2006,175
acfr2015,gf_expenditures,368,955,352 Manhattan Community Board # 12,2007,186
acfr2015,gf_expenditures,368,955,352 Manhattan Community Board # 12,2008,187
acfr2015,gf_expenditures,368,955,352 Manhattan Community Board # 12,2009,184
acfr2015,gf_expenditures,368,955,352 Manhattan Community Board # 12,2010,179
acfr2015,gf_expenditures,368,955,352 Manhattan Community Board # 12,2011,195
acfr2015,gf_expenditures,368,955,352 Manhattan Community Board # 12,2012,206
acfr2015,gf_expenditures,368,955,352 Manhattan Community Board # 12,2013,192
acfr2015,gf_expenditures,368,955,352 Manhattan Community Board # 12,2014,199
acfr2015,gf_expenditures,368,955,352 Manhattan Community Board # 12,2015,204
acfr2015,gf_expenditures,368,956,381 Bronx Community Board # 1,2006,204
acfr2015,gf_expenditures,368,956,381 Bronx Community Board # 1,2007,219
acfr2015,gf_expenditures,368,956,381 Bronx Community Board # 1,2008,238
acfr2015,gf_expenditures,368,956,381 Bronx Community Board # 1,2009,250
acfr2015,gf_expenditures,368,956,381 Bronx Community Board # 1,2010,248
acfr2015,gf_expenditures,368,956,381 Bronx Community Board # 1,2011,235
acfr2015,gf_expenditures,368,956,381 Bronx Community Board # 1,2012,255
acfr2015,gf_expenditures,368,956,381 Bronx Community Board # 1,2013,258
acfr2015,gf_expenditures,368,956,381 Bronx Community Board # 1,2014,252
acfr2015,gf_expenditures,368,956,381 Bronx Community Board # 1,2015,276
acfr2015,gf_expenditures,368,957,382 Bronx Community Board # 2,2006,228
acfr2015,gf_expenditures,368,957,382 Bronx Community Board # 2,2007,211
acfr2015,gf_expenditures,368,957,382 Bronx Community Board # 2,2008,244
acfr2015,gf_expenditures,368,957,382 Bronx Community Board # 2,2009,247
acfr2015,gf_expenditures,368,957,382 Bronx Community Board # 2,2010,240
acfr2015,gf_expenditures,368,957,382 Bronx Community Board # 2,2011,243
acfr2015,gf_expenditures,368,957,382 Bronx Community Board # 2,2012,244
acfr2015,gf_expenditures,368,957,382 Bronx Community Board # 2,2013,237
acfr2015,gf_expenditures,368,957,382 Bronx Community Board # 2,2014,246
acfr2015,gf_expenditures,368,957,382 Bronx Community Board # 2,2015,252
acfr2015,gf_expenditures,368,958,383 Bronx Community Board # 3,2006,219
acfr2015,gf_expenditures,368,958,383 Bronx Community Board # 3,2007,223
acfr2015,gf_expenditures,368,958,383 Bronx Community Board # 3,2008,232
acfr2015,gf_expenditures,368,958,383 Bronx Community Board # 3,2009,234
acfr2015,gf_expenditures,368,958,383 Bronx Community Board # 3,2010,247
acfr2015,gf_expenditures,368,958,383 Bronx Community Board # 3,2011,245
acfr2015,gf_expenditures,368,958,383 Bronx Community Board # 3,2012,250
acfr2015,gf_expenditures,368,958,383 Bronx Community Board # 3,2013,259
acfr2015,gf_expenditures,368,958,383 Bronx Community Board # 3,2014,255
acfr2015,gf_expenditures,368,958,383 Bronx Community Board # 3,2015,265
acfr2015,gf_expenditures,368,959,384 Bronx Community Board # 4,2006,198
acfr2015,gf_expenditures,368,959,384 Bronx Community Board # 4,2007,190
acfr2015,gf_expenditures,368,959,384 Bronx Community Board # 4,2008,161
acfr2015,gf_expenditures,368,959,384 Bronx Community Board # 4,2009,194
acfr2015,gf_expenditures,368,959,384 Bronx Community Board # 4,2010,208
acfr2015,gf_expenditures,368,959,384 Bronx Community Board # 4,2011,199
acfr2015,gf_expenditures,368,959,384 Bronx Community Board # 4,2012,207
acfr2015,gf_expenditures,368,959,384 Bronx Community Board # 4,2013,231
acfr2015,gf_expenditures,368,959,384 Bronx Community Board # 4,2014,196
acfr2015,gf_expenditures,368,959,384 Bronx Community Board # 4,2015,211
acfr2015,gf_expenditures,368,960,385 Bronx Community Board # 5,2006,176
acfr2015,gf_expenditures,368,960,385 Bronx Community Board # 5,2007,207
acfr2015,gf_expenditures,368,960,385 Bronx Community Board # 5,2008,200
acfr2015,gf_expenditures,368,960,385 Bronx Community Board # 5,2009,203
acfr2015,gf_expenditures,368,960,385 Bronx Community Board # 5,2010,216
acfr2015,gf_expenditures,368,960,385 Bronx Community Board # 5,2011,206
acfr2015,gf_expenditures,368,960,385 Bronx Community Board # 5,2012,207
acfr2015,gf_expenditures,368,960,385 Bronx Community Board # 5,2013,216
acfr2015,gf_expenditures,368,960,385 Bronx Community Board # 5,2014,211
acfr2015,gf_expenditures,368,960,385 Bronx Community Board # 5,2015,247
acfr2015,gf_expenditures,368,961,337 386 Bronx Community Board # 6,2006,186
acfr2015,gf_expenditures,368,961,337 386 Bronx Community Board # 6,2007,191
acfr2015,gf_expenditures,368,961,337 386 Bronx Community Board # 6,2008,201
acfr2015,gf_expenditures,368,961,337 386 Bronx Community Board # 6,2009,198
acfr2015,gf_expenditures,368,961,337 386 Bronx Community Board # 6,2010,202
acfr2015,gf_expenditures,368,961,337 386 Bronx Community Board # 6,2011,197
acfr2015,gf_expenditures,368,961,337 386 Bronx Community Board # 6,2012,203
acfr2015,gf_expenditures,368,961,337 386 Bronx Community Board # 6,2013,202
acfr2015,gf_expenditures,368,961,337 386 Bronx Community Board # 6,2014,201
acfr2015,gf_expenditures,368,961,337 386 Bronx Community Board # 6,2015,207
acfr2015,gf_expenditures,368,962,387 Bronx Community Board # 7,2006,215
acfr2015,gf_expenditures,368,962,387 Bronx Community Board # 7,2007,216
acfr2015,gf_expenditures,368,962,387 Bronx Community Board # 7,2008,245
acfr2015,gf_expenditures,368,962,387 Bronx Community Board # 7,2009,246
acfr2015,gf_expenditures,368,962,387 Bronx Community Board # 7,2010,247
acfr2015,gf_expenditures,368,962,387 Bronx Community Board # 7,2011,244
acfr2015,gf_expenditures,368,962,387 Bronx Community Board # 7,2012,258
acfr2015,gf_expenditures,368,962,387 Bronx Community Board # 7,2013,203
acfr2015,gf_expenditures,368,962,387 Bronx Community Board # 7,2014,225
acfr2015,gf_expenditures,368,962,387 Bronx Community Board # 7,2015,256
acfr2015,gf_expenditures,368,963,388 Bronx Community Board # 8,2006,218
acfr2015,gf_expenditures,368,963,388 Bronx Community Board # 8,2007,203
acfr2015,gf_expenditures,368,963,388 Bronx Community Board # 8,2008,258
acfr2015,gf_expenditures,368,963,388 Bronx Community Board # 8,2009,249
acfr2015,gf_expenditures,368,963,388 Bronx Community Board # 8,2010,251
acfr2015,gf_expenditures,368,963,388 Bronx Community Board # 8,2011,247
acfr2015,gf_expenditures,368,963,388 Bronx Community Board # 8,2012,254
acfr2015,gf_expenditures,368,963,388 Bronx Community Board # 8,2013,255
acfr2015,gf_expenditures,368,963,388 Bronx Community Board # 8,2014,258
acfr2015,gf_expenditures,368,963,388 Bronx Community Board # 8,2015,243
acfr2015,gf_expenditures,368,964,389 Bronx Community Board # 9,2006,191
acfr2015,gf_expenditures,368,964,389 Bronx Community Board # 9,2007,187
acfr2015,gf_expenditures,368,964,389 Bronx Community Board # 9,2008,220
acfr2015,gf_expenditures,368,964,389 Bronx Community Board # 9,2009,209
acfr2015,gf_expenditures,368,964,389 Bronx Community Board # 9,2010,164
acfr2015,gf_expenditures,368,964,389 Bronx Community Board # 9,2011,168
acfr2015,gf_expenditures,368,964,389 Bronx Community Board # 9,2012,225
acfr2015,gf_expenditures,368,964,389 Bronx Community Board # 9,2013,222
acfr2015,gf_expenditures,368,964,389 Bronx Community Board # 9,2014,232
acfr2015,gf_expenditures,368,964,389 Bronx Community Board # 9,2015,259
acfr2015,gf_expenditures,368,965,390 Bronx Community Board # 10,2006,244
acfr2015,gf_expenditures,368,965,390 Bronx Community Board # 10,2007,202
acfr2015,gf_expenditures,368,965,390 Bronx Community Board # 10,2008,242
acfr2015,gf_expenditures,368,965,390 Bronx Community Board # 10,2009,227
acfr2015,gf_expenditures,368,965,390 Bronx Community Board # 10,2010,256
acfr2015,gf_expenditures,368,965,390 Bronx Community Board # 10,2011,259
acfr2015,gf_expenditures,368,965,390 Bronx Community Board # 10,2012,269
acfr2015,gf_expenditures,368,965,390 Bronx Community Board # 10,2013,270
acfr2015,gf_expenditures,368,965,390 Bronx Community Board # 10,2014,276
acfr2015,gf_expenditures,368,965,390 Bronx Community Board # 10,2015,279
acfr2015,gf_expenditures,368,966,391 Bronx Community Board # 11,2006,225
acfr2015,gf_expenditures,368,966,391 Bronx Community Board # 11,2007,224
acfr2015,gf_expenditures,368,966,391 Bronx Community Board # 11,2008,235
acfr2015,gf_expenditures,368,966,391 Bronx Community Board # 11,2009,240
acfr2015,gf_expenditures,368,966,391 Bronx Community Board # 11,2010,243
acfr2015,gf_expenditures,368,966,391 Bronx Community Board # 11,2011,236
acfr2015,gf_expenditures,368,966,391 Bronx Community Board # 11,2012,245
acfr2015,gf_expenditures,368,966,391 Bronx Community Board # 11,2013,248
acfr2015,gf_expenditures,368,966,391 Bronx Community Board # 11,2014,254
acfr2015,gf_expenditures,368,966,391 Bronx Community Board # 11,2015,263
acfr2015,gf_expenditures,368,967,392 Bronx Community Board # 12,2006,188
acfr2015,gf_expenditures,368,967,392 Bronx Community Board # 12,2007,190
acfr2015,gf_expenditures,368,967,392 Bronx Community Board # 12,2008,195
acfr2015,gf_expenditures,368,967,392 Bronx Community Board # 12,2009,182
acfr2015,gf_expenditures,368,967,392 Bronx Community Board # 12,2010,188
acfr2015,gf_expenditures,368,967,392 Bronx Community Board # 12,2011,208
acfr2015,gf_expenditures,368,967,392 Bronx Community Board # 12,2012,207
acfr2015,gf_expenditures,368,967,392 Bronx Community Board # 12,2013,206
acfr2015,gf_expenditures,368,967,392 Bronx Community Board # 12,2014,206
acfr2015,gf_expenditures,368,967,392 Bronx Community Board # 12,2015,209
acfr2015,gf_expenditures,368,968,431 Queens Community Board # 1,2006,211
acfr2015,gf_expenditures,368,968,431 Queens Community Board # 1,2007,215
acfr2015,gf_expenditures,368,968,431 Queens Community Board # 1,2008,224
acfr2015,gf_expenditures,368,968,431 Queens Community Board # 1,2009,234
acfr2015,gf_expenditures,368,968,431 Queens Community Board # 1,2010,232
acfr2015,gf_expenditures,368,968,431 Queens Community Board # 1,2011,208
acfr2015,gf_expenditures,368,968,431 Queens Community Board # 1,2012,174
acfr2015,gf_expenditures,368,968,431 Queens Community Board # 1,2013,172
acfr2015,gf_expenditures,368,968,431 Queens Community Board # 1,2014,115
acfr2015,gf_expenditures,368,968,431 Queens Community Board # 1,2015,202
acfr2015,gf_expenditures,368,969,432 Queens Community Board # 2,2006,234
acfr2015,gf_expenditures,368,969,432 Queens Community Board # 2,2007,230
acfr2015,gf_expenditures,368,969,432 Queens Community Board # 2,2008,254
acfr2015,gf_expenditures,368,969,432 Queens Community Board # 2,2009,269
acfr2015,gf_expenditures,368,969,432 Queens Community Board # 2,2010,264
acfr2015,gf_expenditures,368,969,432 Queens Community Board # 2,2011,275
acfr2015,gf_expenditures,368,969,432 Queens Community Board # 2,2012,266
acfr2015,gf_expenditures,368,969,432 Queens Community Board # 2,2013,271
acfr2015,gf_expenditures,368,969,432 Queens Community Board # 2,2014,260
acfr2015,gf_expenditures,368,969,432 Queens Community Board # 2,2015,284
acfr2015,gf_expenditures,368,970,433 Queens Community Board # 3,2006,235
acfr2015,gf_expenditures,368,970,433 Queens Community Board # 3,2007,240
acfr2015,gf_expenditures,368,970,433 Queens Community Board # 3,2008,249
acfr2015,gf_expenditures,368,970,433 Queens Community Board # 3,2009,253
acfr2015,gf_expenditures,368,970,433 Queens Community Board # 3,2010,256
acfr2015,gf_expenditures,368,970,433 Queens Community Board # 3,2011,279
acfr2015,gf_expenditures,368,970,433 Queens Community Board # 3,2012,259
acfr2015,gf_expenditures,368,970,433 Queens Community Board # 3,2013,265
acfr2015,gf_expenditures,368,970,433 Queens Community Board # 3,2014,285
acfr2015,gf_expenditures,368,970,433 Queens Community Board # 3,2015,267
acfr2015,gf_expenditures,369,971,General Government: (cont.) 434 Queens Community Board # 4,2006,192
acfr2015,gf_expenditures,369,971,General Government: (cont.) 434 Queens Community Board # 4,2007,215
acfr2015,gf_expenditures,369,971,General Government: (cont.) 434 Queens Community Board # 4,2008,233
acfr2015,gf_expenditures,369,971,General Government: (cont.) 434 Queens Community Board # 4,2009,241
acfr2015,gf_expenditures,369,971,General Government: (cont.) 434 Queens Community Board # 4,2010,223
acfr2015,gf_expenditures,369,971,General Government: (cont.) 434 Queens Community Board # 4,2011,250
acfr2015,gf_expenditures,369,971,General Government: (cont.) 434 Queens Community Board # 4,2012,244
acfr2015,gf_expenditures,369,971,General Government: (cont.) 434 Queens Community Board # 4,2013,225
acfr2015,gf_expenditures,369,971,General Government: (cont.) 434 Queens Community Board # 4,2014,225
acfr2015,gf_expenditures,369,971,General Government: (cont.) 434 Queens Community Board # 4,2015,247
acfr2015,gf_expenditures,369,972,435 Queens Community Board # 5,2006,214
acfr2015,gf_expenditures,369,972,435 Queens Community Board # 5,2007,220
acfr2015,gf_expenditures,369,972,435 Queens Community Board # 5,2008,225
acfr2015,gf_expenditures,369,972,435 Queens Community Board # 5,2009,232
acfr2015,gf_expenditures,369,972,435 Queens Community Board # 5,2010,234
acfr2015,gf_expenditures,369,972,435 Queens Community Board # 5,2011,235
acfr2015,gf_expenditures,369,972,435 Queens Community Board # 5,2012,238
acfr2015,gf_expenditures,369,972,435 Queens Community Board # 5,2013,231
acfr2015,gf_expenditures,369,972,435 Queens Community Board # 5,2014,242
acfr2015,gf_expenditures,369,972,435 Queens Community Board # 5,2015,252
acfr2015,gf_expenditures,369,973,436 Queens Community Board # 6,2006,220
acfr2015,gf_expenditures,369,973,436 Queens Community Board # 6,2007,222
acfr2015,gf_expenditures,369,973,436 Queens Community Board # 6,2008,235
acfr2015,gf_expenditures,369,973,436 Queens Community Board # 6,2009,241
acfr2015,gf_expenditures,369,973,436 Queens Community Board # 6,2010,258
acfr2015,gf_expenditures,369,973,436 Queens Community Board # 6,2011,263
acfr2015,gf_expenditures,369,973,436 Queens Community Board # 6,2012,243
acfr2015,gf_expenditures,369,973,436 Queens Community Board # 6,2013,265
acfr2015,gf_expenditures,369,973,436 Queens Community Board # 6,2014,213
acfr2015,gf_expenditures,369,973,436 Queens Community Board # 6,2015,264
acfr2015,gf_expenditures,369,974,437 Queens Community Board # 7,2006,216
acfr2015,gf_expenditures,369,974,437 Queens Community Board # 7,2007,257
acfr2015,gf_expenditures,369,974,437 Queens Community Board # 7,2008,268
acfr2015,gf_expenditures,369,974,437 Queens Community Board # 7,2009,276
acfr2015,gf_expenditures,369,974,437 Queens Community Board # 7,2010,270
acfr2015,gf_expenditures,369,974,437 Queens Community Board # 7,2011,277
acfr2015,gf_expenditures,369,974,437 Queens Community Board # 7,2012,275
acfr2015,gf_expenditures,369,974,437 Queens Community Board # 7,2013,262
acfr2015,gf_expenditures,369,974,437 Queens Community Board # 7,2014,282
acfr2015,gf_expenditures,369,974,437 Queens Community Board # 7,2015,288
acfr2015,gf_expenditures,369,975,438 Queens Community Board # 8,2006,249
acfr2015,gf_expenditures,369,975,438 Queens Community Board # 8,2007,252
acfr2015,gf_expenditures,369,975,438 Queens Community Board # 8,2008,259
acfr2015,gf_expenditures,369,975,438 Queens Community Board # 8,2009,279
acfr2015,gf_expenditures,369,975,438 Queens Community Board # 8,2010,269
acfr2015,gf_expenditures,369,975,438 Queens Community Board # 8,2011,268
acfr2015,gf_expenditures,369,975,438 Queens Community Board # 8,2012,272
acfr2015,gf_expenditures,369,975,438 Queens Community Board # 8,2013,261
acfr2015,gf_expenditures,369,975,438 Queens Community Board # 8,2014,270
acfr2015,gf_expenditures,369,975,438 Queens Community Board # 8,2015,275
acfr2015,gf_expenditures,369,976,439 Queens Community Board # 9,2006,185
acfr2015,gf_expenditures,369,976,439 Queens Community Board # 9,2007,190
acfr2015,gf_expenditures,369,976,439 Queens Community Board # 9,2008,195
acfr2015,gf_expenditures,369,976,439 Queens Community Board # 9,2009,204
acfr2015,gf_expenditures,369,976,439 Queens Community Board # 9,2010,203
acfr2015,gf_expenditures,369,976,439 Queens Community Board # 9,2011,194
acfr2015,gf_expenditures,369,976,439 Queens Community Board # 9,2012,206
acfr2015,gf_expenditures,369,976,439 Queens Community Board # 9,2013,201
acfr2015,gf_expenditures,369,976,439 Queens Community Board # 9,2014,205
acfr2015,gf_expenditures,369,976,439 Queens Community Board # 9,2015,180
acfr2015,gf_expenditures,369,977,440 Queens Community Board # 10,2006,221
acfr2015,gf_expenditures,369,977,440 Queens Community Board # 10,2007,230
acfr2015,gf_expenditures,369,977,440 Queens Community Board # 10,2008,236
acfr2015,gf_expenditures,369,977,440 Queens Community Board # 10,2009,228
acfr2015,gf_expenditures,369,977,440 Queens Community Board # 10,2010,228
acfr2015,gf_expenditures,369,977,440 Queens Community Board # 10,2011,229
acfr2015,gf_expenditures,369,977,440 Queens Community Board # 10,2012,242
acfr2015,gf_expenditures,369,977,440 Queens Community Board # 10,2013,240
acfr2015,gf_expenditures,369,977,440 Queens Community Board # 10,2014,237
acfr2015,gf_expenditures,369,977,440 Queens Community Board # 10,2015,240
acfr2015,gf_expenditures,369,978,338 441 Queens Community Board # 11,2006,218
acfr2015,gf_expenditures,369,978,338 441 Queens Community Board # 11,2007,248
acfr2015,gf_expenditures,369,978,338 441 Queens Community Board # 11,2008,243
acfr2015,gf_expenditures,369,978,338 441 Queens Community Board # 11,2009,251
acfr2015,gf_expenditures,369,978,338 441 Queens Community Board # 11,2010,249
acfr2015,gf_expenditures,369,978,338 441 Queens Community Board # 11,2011,242
acfr2015,gf_expenditures,369,978,338 441 Queens Community Board # 11,2012,255
acfr2015,gf_expenditures,369,978,338 441 Queens Community Board # 11,2013,252
acfr2015,gf_expenditures,369,978,338 441 Queens Community Board # 11,2014,250
acfr2015,gf_expenditures,369,978,338 441 Queens Community Board # 11,2015,277
acfr2015,gf_expenditures,369,979,442 Queens Community Board # 12,2006,196
acfr2015,gf_expenditures,369,979,442 Queens Community Board # 12,2007,220
acfr2015,gf_expenditures,369,979,442 Queens Community Board # 12,2008,209
acfr2015,gf_expenditures,369,979,442 Queens Community Board # 12,2009,215
acfr2015,gf_expenditures,369,979,442 Queens Community Board # 12,2010,225
acfr2015,gf_expenditures,369,979,442 Queens Community Board # 12,2011,208
acfr2015,gf_expenditures,369,979,442 Queens Community Board # 12,2012,220
acfr2015,gf_expenditures,369,979,442 Queens Community Board # 12,2013,223
acfr2015,gf_expenditures,369,979,442 Queens Community Board # 12,2014,240
acfr2015,gf_expenditures,369,979,442 Queens Community Board # 12,2015,252
acfr2015,gf_expenditures,369,980,443 Queens Community Board # 13,2006,191
acfr2015,gf_expenditures,369,980,443 Queens Community Board # 13,2007,242
acfr2015,gf_expenditures,369,980,443 Queens Community Board # 13,2008,211
acfr2015,gf_expenditures,369,980,443 Queens Community Board # 13,2009,205
acfr2015,gf_expenditures,369,980,443 Queens Community Board # 13,2010,169
acfr2015,gf_expenditures,369,980,443 Queens Community Board # 13,2011,240
acfr2015,gf_expenditures,369,980,443 Queens Community Board # 13,2012,247
acfr2015,gf_expenditures,369,980,443 Queens Community Board # 13,2013,238
acfr2015,gf_expenditures,369,980,443 Queens Community Board # 13,2014,209
acfr2015,gf_expenditures,369,980,443 Queens Community Board # 13,2015,228
acfr2015,gf_expenditures,369,981,444 Queens Community Board # 14,2006,205
acfr2015,gf_expenditures,369,981,444 Queens Community Board # 14,2007,212
acfr2015,gf_expenditures,369,981,444 Queens Community Board # 14,2008,213
acfr2015,gf_expenditures,369,981,444 Queens Community Board # 14,2009,218
acfr2015,gf_expenditures,369,981,444 Queens Community Board # 14,2010,220
acfr2015,gf_expenditures,369,981,444 Queens Community Board # 14,2011,217
acfr2015,gf_expenditures,369,981,444 Queens Community Board # 14,2012,227
acfr2015,gf_expenditures,369,981,444 Queens Community Board # 14,2013,222
acfr2015,gf_expenditures,369,981,444 Queens Community Board # 14,2014,226
acfr2015,gf_expenditures,369,981,444 Queens Community Board # 14,2015,235
acfr2015,gf_expenditures,369,982,471 Brooklyn Community Board # 1,2006,247
acfr2015,gf_expenditures,369,982,471 Brooklyn Community Board # 1,2007,248
acfr2015,gf_expenditures,369,982,471 Brooklyn Community Board # 1,2008,256
acfr2015,gf_expenditures,369,982,471 Brooklyn Community Board # 1,2009,258
acfr2015,gf_expenditures,369,982,471 Brooklyn Community Board # 1,2010,256
acfr2015,gf_expenditures,369,982,471 Brooklyn Community Board # 1,2011,264
acfr2015,gf_expenditures,369,982,471 Brooklyn Community Board # 1,2012,273
acfr2015,gf_expenditures,369,982,471 Brooklyn Community Board # 1,2013,272
acfr2015,gf_expenditures,369,982,471 Brooklyn Community Board # 1,2014,270
acfr2015,gf_expenditures,369,982,471 Brooklyn Community Board # 1,2015,279
acfr2015,gf_expenditures,369,983,472 Brooklyn Community Board # 2,2006,324
acfr2015,gf_expenditures,369,983,472 Brooklyn Community Board # 2,2007,227
acfr2015,gf_expenditures,369,983,472 Brooklyn Community Board # 2,2008,209
acfr2015,gf_expenditures,369,983,472 Brooklyn Community Board # 2,2009,224
acfr2015,gf_expenditures,369,983,472 Brooklyn Community Board # 2,2010,237
acfr2015,gf_expenditures,369,983,472 Brooklyn Community Board # 2,2011,243
acfr2015,gf_expenditures,369,983,472 Brooklyn Community Board # 2,2012,240
acfr2015,gf_expenditures,369,983,472 Brooklyn Community Board # 2,2013,246
acfr2015,gf_expenditures,369,983,472 Brooklyn Community Board # 2,2014,252
acfr2015,gf_expenditures,369,983,472 Brooklyn Community Board # 2,2015,249
acfr2015,gf_expenditures,369,984,473 Brooklyn Community Board # 3,2006,181
acfr2015,gf_expenditures,369,984,473 Brooklyn Community Board # 3,2007,210
acfr2015,gf_expenditures,369,984,473 Brooklyn Community Board # 3,2008,217
acfr2015,gf_expenditures,369,984,473 Brooklyn Community Board # 3,2009,214
acfr2015,gf_expenditures,369,984,473 Brooklyn Community Board # 3,2010,195
acfr2015,gf_expenditures,369,984,473 Brooklyn Community Board # 3,2011,185
acfr2015,gf_expenditures,369,984,473 Brooklyn Community Board # 3,2012,215
acfr2015,gf_expenditures,369,984,473 Brooklyn Community Board # 3,2013,235
acfr2015,gf_expenditures,369,984,473 Brooklyn Community Board # 3,2014,230
acfr2015,gf_expenditures,369,984,473 Brooklyn Community Board # 3,2015,252
acfr2015,gf_expenditures,369,985,474 Brooklyn Community Board # 4,2006,181
acfr2015,gf_expenditures,369,985,474 Brooklyn Community Board # 4,2007,184
acfr2015,gf_expenditures,369,985,474 Brooklyn Community Board # 4,2008,109
acfr2015,gf_expenditures,369,985,474 Brooklyn Community Board # 4,2009,204
acfr2015,gf_expenditures,369,985,474 Brooklyn Community Board # 4,2010,249
acfr2015,gf_expenditures,369,985,474 Brooklyn Community Board # 4,2011,308
acfr2015,gf_expenditures,369,985,474 Brooklyn Community Board # 4,2012,256
acfr2015,gf_expenditures,369,985,474 Brooklyn Community Board # 4,2013,253
acfr2015,gf_expenditures,369,985,474 Brooklyn Community Board # 4,2014,157
acfr2015,gf_expenditures,369,985,474 Brooklyn Community Board # 4,2015,210
acfr2015,gf_expenditures,369,986,475 Brooklyn Community Board # 5,2006,186
acfr2015,gf_expenditures,369,986,475 Brooklyn Community Board # 5,2007,190
acfr2015,gf_expenditures,369,986,475 Brooklyn Community Board # 5,2008,197
acfr2015,gf_expenditures,369,986,475 Brooklyn Community Board # 5,2009,190
acfr2015,gf_expenditures,369,986,475 Brooklyn Community Board # 5,2010,174
acfr2015,gf_expenditures,369,986,475 Brooklyn Community Board # 5,2011,180
acfr2015,gf_expenditures,369,986,475 Brooklyn Community Board # 5,2012,204
acfr2015,gf_expenditures,369,986,475 Brooklyn Community Board # 5,2013,196
acfr2015,gf_expenditures,369,986,475 Brooklyn Community Board # 5,2014,196
acfr2015,gf_expenditures,369,986,475 Brooklyn Community Board # 5,2015,205
acfr2015,gf_expenditures,369,987,476 Brooklyn Community Board # 6,2006,199
acfr2015,gf_expenditures,369,987,476 Brooklyn Community Board # 6,2007,211
acfr2015,gf_expenditures,369,987,476 Brooklyn Community Board # 6,2008,197
acfr2015,gf_expenditures,369,987,476 Brooklyn Community Board # 6,2009,253
acfr2015,gf_expenditures,369,987,476 Brooklyn Community Board # 6,2010,266
acfr2015,gf_expenditures,369,987,476 Brooklyn Community Board # 6,2011,197
acfr2015,gf_expenditures,369,987,476 Brooklyn Community Board # 6,2012,201
acfr2015,gf_expenditures,369,987,476 Brooklyn Community Board # 6,2013,190
acfr2015,gf_expenditures,369,987,476 Brooklyn Community Board # 6,2014,238
acfr2015,gf_expenditures,369,987,476 Brooklyn Community Board # 6,2015,233
acfr2015,gf_expenditures,370,988,General Government: (cont.) 477 Brooklyn Community Board # 7,2006,186
acfr2015,gf_expenditures,370,988,General Government: (cont.) 477 Brooklyn Community Board # 7,2007,193
acfr2015,gf_expenditures,370,988,General Government: (cont.) 477 Brooklyn Community Board # 7,2008,199
acfr2015,gf_expenditures,370,988,General Government: (cont.) 477 Brooklyn Community Board # 7,2009,203
acfr2015,gf_expenditures,370,988,General Government: (cont.) 477 Brooklyn Community Board # 7,2010,208
acfr2015,gf_expenditures,370,988,General Government: (cont.) 477 Brooklyn Community Board # 7,2011,207
acfr2015,gf_expenditures,370,988,General Government: (cont.) 477 Brooklyn Community Board # 7,2012,206
acfr2015,gf_expenditures,370,988,General Government: (cont.) 477 Brooklyn Community Board # 7,2013,207
acfr2015,gf_expenditures,370,988,General Government: (cont.) 477 Brooklyn Community Board # 7,2014,207
acfr2015,gf_expenditures,370,988,General Government: (cont.) 477 Brooklyn Community Board # 7,2015,217
acfr2015,gf_expenditures,370,989,478 Brooklyn Community Board # 8,2006,218
acfr2015,gf_expenditures,370,989,478 Brooklyn Community Board # 8,2007,246
acfr2015,gf_expenditures,370,989,478 Brooklyn Community Board # 8,2008,276
acfr2015,gf_expenditures,370,989,478 Brooklyn Community Board # 8,2009,248
acfr2015,gf_expenditures,370,989,478 Brooklyn Community Board # 8,2010,246
acfr2015,gf_expenditures,370,989,478 Brooklyn Community Board # 8,2011,240
acfr2015,gf_expenditures,370,989,478 Brooklyn Community Board # 8,2012,247
acfr2015,gf_expenditures,370,989,478 Brooklyn Community Board # 8,2013,252
acfr2015,gf_expenditures,370,989,478 Brooklyn Community Board # 8,2014,239
acfr2015,gf_expenditures,370,989,478 Brooklyn Community Board # 8,2015,257
acfr2015,gf_expenditures,370,990,479 Brooklyn Community Board # 9,2006,195
acfr2015,gf_expenditures,370,990,479 Brooklyn Community Board # 9,2007,171
acfr2015,gf_expenditures,370,990,479 Brooklyn Community Board # 9,2008,204
acfr2015,gf_expenditures,370,990,479 Brooklyn Community Board # 9,2009,211
acfr2015,gf_expenditures,370,990,479 Brooklyn Community Board # 9,2010,217
acfr2015,gf_expenditures,370,990,479 Brooklyn Community Board # 9,2011,180
acfr2015,gf_expenditures,370,990,479 Brooklyn Community Board # 9,2012,181
acfr2015,gf_expenditures,370,990,479 Brooklyn Community Board # 9,2013,201
acfr2015,gf_expenditures,370,990,479 Brooklyn Community Board # 9,2014,218
acfr2015,gf_expenditures,370,990,479 Brooklyn Community Board # 9,2015,231
acfr2015,gf_expenditures,370,991,480 Brooklyn Community Board # 10,2006,187
acfr2015,gf_expenditures,370,991,480 Brooklyn Community Board # 10,2007,194
acfr2015,gf_expenditures,370,991,480 Brooklyn Community Board # 10,2008,199
acfr2015,gf_expenditures,370,991,480 Brooklyn Community Board # 10,2009,250
acfr2015,gf_expenditures,370,991,480 Brooklyn Community Board # 10,2010,257
acfr2015,gf_expenditures,370,991,480 Brooklyn Community Board # 10,2011,280
acfr2015,gf_expenditures,370,991,480 Brooklyn Community Board # 10,2012,271
acfr2015,gf_expenditures,370,991,480 Brooklyn Community Board # 10,2013,283
acfr2015,gf_expenditures,370,991,480 Brooklyn Community Board # 10,2014,281
acfr2015,gf_expenditures,370,991,480 Brooklyn Community Board # 10,2015,306
acfr2015,gf_expenditures,370,992,481 Brooklyn Community Board # 11,2006,217
acfr2015,gf_expenditures,370,992,481 Brooklyn Community Board # 11,2007,220
acfr2015,gf_expenditures,370,992,481 Brooklyn Community Board # 11,2008,228
acfr2015,gf_expenditures,370,992,481 Brooklyn Community Board # 11,2009,229
acfr2015,gf_expenditures,370,992,481 Brooklyn Community Board # 11,2010,212
acfr2015,gf_expenditures,370,992,481 Brooklyn Community Board # 11,2011,231
acfr2015,gf_expenditures,370,992,481 Brooklyn Community Board # 11,2012,231
acfr2015,gf_expenditures,370,992,481 Brooklyn Community Board # 11,2013,234
acfr2015,gf_expenditures,370,992,481 Brooklyn Community Board # 11,2014,238
acfr2015,gf_expenditures,370,992,481 Brooklyn Community Board # 11,2015,254
acfr2015,gf_expenditures,370,993,482 Brooklyn Community Board # 12,2006,219
acfr2015,gf_expenditures,370,993,482 Brooklyn Community Board # 12,2007,262
acfr2015,gf_expenditures,370,993,482 Brooklyn Community Board # 12,2008,273
acfr2015,gf_expenditures,370,993,482 Brooklyn Community Board # 12,2009,270
acfr2015,gf_expenditures,370,993,482 Brooklyn Community Board # 12,2010,271
acfr2015,gf_expenditures,370,993,482 Brooklyn Community Board # 12,2011,264
acfr2015,gf_expenditures,370,993,482 Brooklyn Community Board # 12,2012,265
acfr2015,gf_expenditures,370,993,482 Brooklyn Community Board # 12,2013,279
acfr2015,gf_expenditures,370,993,482 Brooklyn Community Board # 12,2014,271
acfr2015,gf_expenditures,370,993,482 Brooklyn Community Board # 12,2015,290
acfr2015,gf_expenditures,370,994,483 Brooklyn Community Board # 13,2006,230
acfr2015,gf_expenditures,370,994,483 Brooklyn Community Board # 13,2007,232
acfr2015,gf_expenditures,370,994,483 Brooklyn Community Board # 13,2008,181
acfr2015,gf_expenditures,370,994,483 Brooklyn Community Board # 13,2009,224
acfr2015,gf_expenditures,370,994,483 Brooklyn Community Board # 13,2010,238
acfr2015,gf_expenditures,370,994,483 Brooklyn Community Board # 13,2011,229
acfr2015,gf_expenditures,370,994,483 Brooklyn Community Board # 13,2012,244
acfr2015,gf_expenditures,370,994,483 Brooklyn Community Board # 13,2013,233
acfr2015,gf_expenditures,370,994,483 Brooklyn Community Board # 13,2014,251
acfr2015,gf_expenditures,370,994,483 Brooklyn Community Board # 13,2015,248
acfr2015,gf_expenditures,370,995,339 484 Brooklyn Community Board # 14,2006,243
acfr2015,gf_expenditures,370,995,339 484 Brooklyn Community Board # 14,2007,252
acfr2015,gf_expenditures,370,995,339 484 Brooklyn Community Board # 14,2008,260
acfr2015,gf_expenditures,370,995,339 484 Brooklyn Community Board # 14,2009,253
acfr2015,gf_expenditures,370,995,339 484 Brooklyn Community Board # 14,2010,262
acfr2015,gf_expenditures,370,995,339 484 Brooklyn Community Board # 14,2011,263
acfr2015,gf_expenditures,370,995,339 484 Brooklyn Community Board # 14,2012,275
acfr2015,gf_expenditures,370,995,339 484 Brooklyn Community Board # 14,2013,277
acfr2015,gf_expenditures,370,995,339 484 Brooklyn Community Board # 14,2014,277
acfr2015,gf_expenditures,370,995,339 484 Brooklyn Community Board # 14,2015,279
acfr2015,gf_expenditures,370,996,485 Brooklyn Community Board # 15,2006,183
acfr2015,gf_expenditures,370,996,485 Brooklyn Community Board # 15,2007,170
acfr2015,gf_expenditures,370,996,485 Brooklyn Community Board # 15,2008,121
acfr2015,gf_expenditures,370,996,485 Brooklyn Community Board # 15,2009,139
acfr2015,gf_expenditures,370,996,485 Brooklyn Community Board # 15,2010,165
acfr2015,gf_expenditures,370,996,485 Brooklyn Community Board # 15,2011,155
acfr2015,gf_expenditures,370,996,485 Brooklyn Community Board # 15,2012,171
acfr2015,gf_expenditures,370,996,485 Brooklyn Community Board # 15,2013,163
acfr2015,gf_expenditures,370,996,485 Brooklyn Community Board # 15,2014,155
acfr2015,gf_expenditures,370,996,485 Brooklyn Community Board # 15,2015,150
acfr2015,gf_expenditures,370,997,486 Brooklyn Community Board # 16,2006,212
acfr2015,gf_expenditures,370,997,486 Brooklyn Community Board # 16,2007,217
acfr2015,gf_expenditures,370,997,486 Brooklyn Community Board # 16,2008,228
acfr2015,gf_expenditures,370,997,486 Brooklyn Community Board # 16,2009,233
acfr2015,gf_expenditures,370,997,486 Brooklyn Community Board # 16,2010,235
acfr2015,gf_expenditures,370,997,486 Brooklyn Community Board # 16,2011,235
acfr2015,gf_expenditures,370,997,486 Brooklyn Community Board # 16,2012,247
acfr2015,gf_expenditures,370,997,486 Brooklyn Community Board # 16,2013,243
acfr2015,gf_expenditures,370,997,486 Brooklyn Community Board # 16,2014,238
acfr2015,gf_expenditures,370,997,486 Brooklyn Community Board # 16,2015,193
acfr2015,gf_expenditures,370,998,487 Brooklyn Community Board # 17,2006,238
acfr2015,gf_expenditures,370,998,487 Brooklyn Community Board # 17,2007,244
acfr2015,gf_expenditures,370,998,487 Brooklyn Community Board # 17,2008,259
acfr2015,gf_expenditures,370,998,487 Brooklyn Community Board # 17,2009,273
acfr2015,gf_expenditures,370,998,487 Brooklyn Community Board # 17,2010,279
acfr2015,gf_expenditures,370,998,487 Brooklyn Community Board # 17,2011,315
acfr2015,gf_expenditures,370,998,487 Brooklyn Community Board # 17,2012,282
acfr2015,gf_expenditures,370,998,487 Brooklyn Community Board # 17,2013,188
acfr2015,gf_expenditures,370,998,487 Brooklyn Community Board # 17,2014,221
acfr2015,gf_expenditures,370,998,487 Brooklyn Community Board # 17,2015,307
acfr2015,gf_expenditures,370,999,488 Brooklyn Community Board # 18,2006,184
acfr2015,gf_expenditures,370,999,488 Brooklyn Community Board # 18,2007,191
acfr2015,gf_expenditures,370,999,488 Brooklyn Community Board # 18,2008,197
acfr2015,gf_expenditures,370,999,488 Brooklyn Community Board # 18,2009,201
acfr2015,gf_expenditures,370,999,488 Brooklyn Community Board # 18,2010,197
acfr2015,gf_expenditures,370,999,488 Brooklyn Community Board # 18,2011,188
acfr2015,gf_expenditures,370,999,488 Brooklyn Community Board # 18,2012,205
acfr2015,gf_expenditures,370,999,488 Brooklyn Community Board # 18,2013,203
acfr2015,gf_expenditures,370,999,488 Brooklyn Community Board # 18,2014,199
acfr2015,gf_expenditures,370,999,488 Brooklyn Community Board # 18,2015,213
acfr2015,gf_expenditures,370,1000,491 Staten Island Community Board # 1,2006,231
acfr2015,gf_expenditures,370,1000,491 Staten Island Community Board # 1,2007,240
acfr2015,gf_expenditures,370,1000,491 Staten Island Community Board # 1,2008,250
acfr2015,gf_expenditures,370,1000,491 Staten Island Community Board # 1,2009,256
acfr2015,gf_expenditures,370,1000,491 Staten Island Community Board # 1,2010,238
acfr2015,gf_expenditures,370,1000,491 Staten Island Community Board # 1,2011,235
acfr2015,gf_expenditures,370,1000,491 Staten Island Community Board # 1,2012,240
acfr2015,gf_expenditures,370,1000,491 Staten Island Community Board # 1,2013,237
acfr2015,gf_expenditures,370,1000,491 Staten Island Community Board # 1,2014,243
acfr2015,gf_expenditures,370,1000,491 Staten Island Community Board # 1,2015,255
acfr2015,gf_expenditures,370,1001,492 Staten Island Community Board # 2,2006,232
acfr2015,gf_expenditures,370,1001,492 Staten Island Community Board # 2,2007,228
acfr2015,gf_expenditures,370,1001,492 Staten Island Community Board # 2,2008,149
acfr2015,gf_expenditures,370,1001,492 Staten Island Community Board # 2,2009,243
acfr2015,gf_expenditures,370,1001,492 Staten Island Community Board # 2,2010,200
acfr2015,gf_expenditures,370,1001,492 Staten Island Community Board # 2,2011,192
acfr2015,gf_expenditures,370,1001,492 Staten Island Community Board # 2,2012,207
acfr2015,gf_expenditures,370,1001,492 Staten Island Community Board # 2,2013,189
acfr2015,gf_expenditures,370,1001,492 Staten Island Community Board # 2,2014,212
acfr2015,gf_expenditures,370,1001,492 Staten Island Community Board # 2,2015,224
acfr2015,gf_expenditures,370,1002,493 Staten Island Community Board # 3,2006,253
acfr2015,gf_expenditures,370,1002,493 Staten Island Community Board # 3,2007,250
acfr2015,gf_expenditures,370,1002,493 Staten Island Community Board # 3,2008,242
acfr2015,gf_expenditures,370,1002,493 Staten Island Community Board # 3,2009,271
acfr2015,gf_expenditures,370,1002,493 Staten Island Community Board # 3,2010,275
acfr2015,gf_expenditures,370,1002,493 Staten Island Community Board # 3,2011,256
acfr2015,gf_expenditures,370,1002,493 Staten Island Community Board # 3,2012,258
acfr2015,gf_expenditures,370,1002,493 Staten Island Community Board # 3,2013,269
acfr2015,gf_expenditures,370,1002,493 Staten Island Community Board # 3,2014,291
acfr2015,gf_expenditures,370,1002,493 Staten Island Community Board # 3,2015,308
acfr2015,gf_expenditures,370,1003,801 Department of Small Business Services,2006,119644
acfr2015,gf_expenditures,370,1003,801 Department of Small Business Services,2007,120094
acfr2015,gf_expenditures,370,1003,801 Department of Small Business Services,2008,132371
acfr2015,gf_expenditures,370,1003,801 Department of Small Business Services,2009,149564
acfr2015,gf_expenditures,370,1003,801 Department of Small Business Services,2010,152640
acfr2015,gf_expenditures,370,1003,801 Department of Small Business Services,2011,142319
acfr2015,gf_expenditures,370,1003,801 Department of Small Business Services,2012,132976
acfr2015,gf_expenditures,370,1003,801 Department of Small Business Services,2013,143950
acfr2015,gf_expenditures,370,1003,801 Department of Small Business Services,2014,196019
acfr2015,gf_expenditures,370,1003,801 Department of Small Business Services,2015,231811
acfr2015,gf_expenditures,370,1004,820 Office of Administrative Trials and Hearings,2006,0
acfr2015,gf_expenditures,370,1004,820 Office of Administrative Trials and Hearings,2007,0
acfr2015,gf_expenditures,370,1004,820 Office of Administrative Trials and Hearings,2008,0
acfr2015,gf_expenditures,370,1004,820 Office of Administrative Trials and Hearings,2009,0
acfr2015,gf_expenditures,370,1004,820 Office of Administrative Trials and Hearings,2010,0
acfr2015,gf_expenditures,370,1004,820 Office of Administrative Trials and Hearings,2011,23322
acfr2015,gf_expenditures,370,1004,820 Office of Administrative Trials and Hearings,2012,30433
acfr2015,gf_expenditures,370,1004,820 Office of Administrative Trials and Hearings,2013,30560
acfr2015,gf_expenditures,370,1004,820 Office of Administrative Trials and Hearings,2014,31303
acfr2015,gf_expenditures,370,1004,820 Office of Administrative Trials and Hearings,2015,34362
acfr2015,gf_expenditures,371,1005,829 Business Integrity Commission,2006,4956
acfr2015,gf_expenditures,371,1005,829 Business Integrity Commission,2007,5136
acfr2015,gf_expenditures,371,1005,829 Business Integrity Commission,2008,5676
acfr2015,gf_expenditures,371,1005,829 Business Integrity Commission,2009,6272
acfr2015,gf_expenditures,371,1005,829 Business Integrity Commission,2010,6930
acfr2015,gf_expenditures,371,1005,829 Business Integrity Commission,2011,6851
acfr2015,gf_expenditures,371,1005,829 Business Integrity Commission,2012,6764
acfr2015,gf_expenditures,371,1005,829 Business Integrity Commission,2013,6992
acfr2015,gf_expenditures,371,1005,829 Business Integrity Commission,2014,7259
acfr2015,gf_expenditures,371,1005,829 Business Integrity Commission,2015,8065
acfr2015,gf_expenditures,371,1006,836 Department of Finance,2006,189062
acfr2015,gf_expenditures,371,1006,836 Department of Finance,2007,199621
acfr2015,gf_expenditures,371,1006,836 Department of Finance,2008,208436
acfr2015,gf_expenditures,371,1006,836 Department of Finance,2009,219789
acfr2015,gf_expenditures,371,1006,836 Department of Finance,2010,218493
acfr2015,gf_expenditures,371,1006,836 Department of Finance,2011,212432
acfr2015,gf_expenditures,371,1006,836 Department of Finance,2012,214069
acfr2015,gf_expenditures,371,1006,836 Department of Finance,2013,216498
acfr2015,gf_expenditures,371,1006,836 Department of Finance,2014,233046
acfr2015,gf_expenditures,371,1006,836 Department of Finance,2015,235023
acfr2015,gf_expenditures,371,1007,850 Department of Design and Construction,2006,2960
acfr2015,gf_expenditures,371,1007,850 Department of Design and Construction,2007,8165
acfr2015,gf_expenditures,371,1007,850 Department of Design and Construction,2008,7648
acfr2015,gf_expenditures,371,1007,850 Department of Design and Construction,2009,8877
acfr2015,gf_expenditures,371,1007,850 Department of Design and Construction,2010,9484
acfr2015,gf_expenditures,371,1007,850 Department of Design and Construction,2011,11023
acfr2015,gf_expenditures,371,1007,850 Department of Design and Construction,2012,20334
acfr2015,gf_expenditures,371,1007,850 Department of Design and Construction,2013,36502
acfr2015,gf_expenditures,371,1007,850 Department of Design and Construction,2014,15274
acfr2015,gf_expenditures,371,1007,850 Department of Design and Construction,2015,48367
acfr2015,gf_expenditures,371,1008,856 Department of Citywide Administrative Services,2006,260297
acfr2015,gf_expenditures,371,1008,856 Department of Citywide Administrative Services,2007,301246
acfr2015,gf_expenditures,371,1008,856 Department of Citywide Administrative Services,2008,325871
acfr2015,gf_expenditures,371,1008,856 Department of Citywide Administrative Services,2009,352826
acfr2015,gf_expenditures,371,1008,856 Department of Citywide Administrative Services,2010,361324
acfr2015,gf_expenditures,371,1008,856 Department of Citywide Administrative Services,2011,349381
acfr2015,gf_expenditures,371,1008,856 Department of Citywide Administrative Services,2012,356873
acfr2015,gf_expenditures,371,1008,856 Department of Citywide Administrative Services,2013,434174
acfr2015,gf_expenditures,371,1008,856 Department of Citywide Administrative Services,2014,385553
acfr2015,gf_expenditures,371,1008,856 Department of Citywide Administrative Services,2015,390745
acfr2015,gf_expenditures,371,1009,858 Department of Information Technology and Telecommunications,2006,109395
acfr2015,gf_expenditures,371,1009,858 Department of Information Technology and Telecommunications,2007,137013
acfr2015,gf_expenditures,371,1009,858 Department of Information Technology and Telecommunications,2008,186920
acfr2015,gf_expenditures,371,1009,858 Department of Information Technology and Telecommunications,2009,224635
acfr2015,gf_expenditures,371,1009,858 Department of Information Technology and Telecommunications,2010,233334
acfr2015,gf_expenditures,371,1009,858 Department of Information Technology and Telecommunications,2011,278568
acfr2015,gf_expenditures,371,1009,858 Department of Information Technology and Telecommunications,2012,283237
acfr2015,gf_expenditures,371,1009,858 Department of Information Technology and Telecommunications,2013,283414
acfr2015,gf_expenditures,371,1009,858 Department of Information Technology and Telecommunications,2014,317194
acfr2015,gf_expenditures,371,1009,858 Department of Information Technology and Telecommunications,2015,321260
acfr2015,gf_expenditures,371,1010,860 Department of Records and Information Services,2006,4250
acfr2015,gf_expenditures,371,1010,860 Department of Records and Information Services,2007,4491
acfr2015,gf_expenditures,371,1010,860 Department of Records and Information Services,2008,5558
acfr2015,gf_expenditures,371,1010,860 Department of Records and Information Services,2009,5676
acfr2015,gf_expenditures,371,1010,860 Department of Records and Information Services,2010,4975
acfr2015,gf_expenditures,371,1010,860 Department of Records and Information Services,2011,5022
acfr2015,gf_expenditures,371,1010,860 Department of Records and Information Services,2012,4882
acfr2015,gf_expenditures,371,1010,860 Department of Records and Information Services,2013,5154
acfr2015,gf_expenditures,371,1010,860 Department of Records and Information Services,2014,5334
acfr2015,gf_expenditures,371,1010,860 Department of Records and Information Services,2015,6023
acfr2015,gf_expenditures,371,1011,866 Department of 340 Consumer Affairs,2006,12867
acfr2015,gf_expenditures,371,1011,866 Department of 340 Consumer Affairs,2007,15483
acfr2015,gf_expenditures,371,1011,866 Department of 340 Consumer Affairs,2008,17051
acfr2015,gf_expenditures,371,1011,866 Department of 340 Consumer Affairs,2009,20064
acfr2015,gf_expenditures,371,1011,866 Department of 340 Consumer Affairs,2010,20872
acfr2015,gf_expenditures,371,1011,866 Department of 340 Consumer Affairs,2011,19906
acfr2015,gf_expenditures,371,1011,866 Department of 340 Consumer Affairs,2012,24088
acfr2015,gf_expenditures,371,1011,866 Department of 340 Consumer Affairs,2013,25362
acfr2015,gf_expenditures,371,1011,866 Department of 340 Consumer Affairs,2014,29820
acfr2015,gf_expenditures,371,1011,866 Department of 340 Consumer Affairs,2015,34191
acfr2015,gf_expenditures,371,1012,Miscellaneous—Technology Development Corporation,2006,0
acfr2015,gf_expenditures,371,1012,Miscellaneous—Technology Development Corporation,2007,0
acfr2015,gf_expenditures,371,1012,Miscellaneous—Technology Development Corporation,2008,0
acfr2015,gf_expenditures,371,1012,Miscellaneous—Technology Development Corporation,2009,0
acfr2015,gf_expenditures,371,1012,Miscellaneous—Technology Development Corporation,2010,0
acfr2015,gf_expenditures,371,1012,Miscellaneous—Technology Development Corporation,2011,0
acfr2015,gf_expenditures,371,1012,Miscellaneous—Technology Development Corporation,2012,0
acfr2015,gf_expenditures,371,1012,Miscellaneous—Technology Development Corporation,2013,1797
acfr2015,gf_expenditures,371,1012,Miscellaneous—Technology Development Corporation,2014,3489
acfr2015,gf_expenditures,371,1012,Miscellaneous—Technology Development Corporation,2015,3740
acfr2015,gf_expenditures,371,1013,Total General Government,2006,1530075
acfr2015,gf_expenditures,371,1013,Total General Government,2007,1619918
acfr2015,gf_expenditures,371,1013,Total General Government,2008,1827649
acfr2015,gf_expenditures,371,1013,Total General Government,2009,1917783
acfr2015,gf_expenditures,371,1013,Total General Government,2010,2038518
acfr2015,gf_expenditures,371,1013,Total General Government,2011,2006168
acfr2015,gf_expenditures,371,1013,Total General Government,2012,1977838
acfr2015,gf_expenditures,371,1013,Total General Government,2013,2151528
acfr2015,gf_expenditures,371,1013,Total General Government,2014,2333741
acfr2015,gf_expenditures,371,1013,Total General Government,2015,2468539
acfr2015,gf_expenditures,371,1014,Public Safety and Judicial: 017 Department of Emergency Management,2006,12203
acfr2015,gf_expenditures,371,1014,Public Safety and Judicial: 017 Department of Emergency Management,2007,14891
acfr2015,gf_expenditures,371,1014,Public Safety and Judicial: 017 Department of Emergency Management,2008,17747
acfr2015,gf_expenditures,371,1014,Public Safety and Judicial: 017 Department of Emergency Management,2009,19872
acfr2015,gf_expenditures,371,1014,Public Safety and Judicial: 017 Department of Emergency Management,2010,26878
acfr2015,gf_expenditures,371,1014,Public Safety and Judicial: 017 Department of Emergency Management,2011,33592
acfr2015,gf_expenditures,371,1014,Public Safety and Judicial: 017 Department of Emergency Management,2012,23298
acfr2015,gf_expenditures,371,1014,Public Safety and Judicial: 017 Department of Emergency Management,2013,41305
acfr2015,gf_expenditures,371,1014,Public Safety and Judicial: 017 Department of Emergency Management,2014,33889
acfr2015,gf_expenditures,371,1014,Public Safety and Judicial: 017 Department of Emergency Management,2015,34343
acfr2015,gf_expenditures,371,1015,054 Civilian Complaint Review Board,2006,10139
acfr2015,gf_expenditures,371,1015,054 Civilian Complaint Review Board,2007,10718
acfr2015,gf_expenditures,371,1015,054 Civilian Complaint Review Board,2008,11073
acfr2015,gf_expenditures,371,1015,054 Civilian Complaint Review Board,2009,11300
acfr2015,gf_expenditures,371,1015,054 Civilian Complaint Review Board,2010,10090
acfr2015,gf_expenditures,371,1015,054 Civilian Complaint Review Board,2011,9622
acfr2015,gf_expenditures,371,1015,054 Civilian Complaint Review Board,2012,8739
acfr2015,gf_expenditures,371,1015,054 Civilian Complaint Review Board,2013,10608
acfr2015,gf_expenditures,371,1015,054 Civilian Complaint Review Board,2014,11202
acfr2015,gf_expenditures,371,1015,054 Civilian Complaint Review Board,2015,12683
acfr2015,gf_expenditures,371,1016,056 Police Department,2006,3626001
acfr2015,gf_expenditures,371,1016,056 Police Department,2007,3655911
acfr2015,gf_expenditures,371,1016,056 Police Department,2008,3938267
acfr2015,gf_expenditures,371,1016,056 Police Department,2009,4240711
acfr2015,gf_expenditures,371,1016,056 Police Department,2010,4418509
acfr2015,gf_expenditures,371,1016,056 Police Department,2011,4557699
acfr2015,gf_expenditures,371,1016,056 Police Department,2012,4631506
acfr2015,gf_expenditures,371,1016,056 Police Department,2013,4658350
acfr2015,gf_expenditures,371,1016,056 Police Department,2014,4669342
acfr2015,gf_expenditures,371,1016,056 Police Department,2015,4896334
acfr2015,gf_expenditures,371,1017,057 Fire Department,2006,1406851
acfr2015,gf_expenditures,371,1017,057 Fire Department,2007,1436067
acfr2015,gf_expenditures,371,1017,057 Fire Department,2008,1509297
acfr2015,gf_expenditures,371,1017,057 Fire Department,2009,1581321
acfr2015,gf_expenditures,371,1017,057 Fire Department,2010,1656793
acfr2015,gf_expenditures,371,1017,057 Fire Department,2011,1719718
acfr2015,gf_expenditures,371,1017,057 Fire Department,2012,1753049
acfr2015,gf_expenditures,371,1017,057 Fire Department,2013,1828717
acfr2015,gf_expenditures,371,1017,057 Fire Department,2014,1874870
acfr2015,gf_expenditures,371,1017,057 Fire Department,2015,1886892
acfr2015,gf_expenditures,371,1018,072 Department of Correction,2006,898366
acfr2015,gf_expenditures,371,1018,072 Department of Correction,2007,945037
acfr2015,gf_expenditures,371,1018,072 Department of Correction,2008,951783
acfr2015,gf_expenditures,371,1018,072 Department of Correction,2009,995754
acfr2015,gf_expenditures,371,1018,072 Department of Correction,2010,1006781
acfr2015,gf_expenditures,371,1018,072 Department of Correction,2011,1039763
acfr2015,gf_expenditures,371,1018,072 Department of Correction,2012,1073738
acfr2015,gf_expenditures,371,1018,072 Department of Correction,2013,1078061
acfr2015,gf_expenditures,371,1018,072 Department of Correction,2014,1097816
acfr2015,gf_expenditures,371,1018,072 Department of Correction,2015,1153693
acfr2015,gf_expenditures,371,1019,073 Board of Correction,2006,861
acfr2015,gf_expenditures,371,1019,073 Board of Correction,2007,905
acfr2015,gf_expenditures,371,1019,073 Board of Correction,2008,915
acfr2015,gf_expenditures,371,1019,073 Board of Correction,2009,903
acfr2015,gf_expenditures,371,1019,073 Board of Correction,2010,921
acfr2015,gf_expenditures,371,1019,073 Board of Correction,2011,929
acfr2015,gf_expenditures,371,1019,073 Board of Correction,2012,900
acfr2015,gf_expenditures,371,1019,073 Board of Correction,2013,1031
acfr2015,gf_expenditures,371,1019,073 Board of Correction,2014,1640
acfr2015,gf_expenditures,371,1019,073 Board of Correction,2015,1522
acfr2015,gf_expenditures,371,1020,130 Department of Juvenile Justice,2006,104237
acfr2015,gf_expenditures,371,1020,130 Department of Juvenile Justice,2007,125852
acfr2015,gf_expenditures,371,1020,130 Department of Juvenile Justice,2008,129565
acfr2015,gf_expenditures,371,1020,130 Department of Juvenile Justice,2009,133985
acfr2015,gf_expenditures,371,1020,130 Department of Juvenile Justice,2010,137956
acfr2015,gf_expenditures,371,1020,130 Department of Juvenile Justice,2011,203007
acfr2015,gf_expenditures,371,1020,130 Department of Juvenile Justice,2012,-216
acfr2015,gf_expenditures,371,1020,130 Department of Juvenile Justice,2013,0
acfr2015,gf_expenditures,371,1020,130 Department of Juvenile Justice,2014,0
acfr2015,gf_expenditures,371,1020,130 Department of Juvenile Justice,2015,0
acfr2015,gf_expenditures,371,1021,156 NYC Taxi and Limousine Commission,2006,25986
acfr2015,gf_expenditures,371,1021,156 NYC Taxi and Limousine Commission,2007,25953
acfr2015,gf_expenditures,371,1021,156 NYC Taxi and Limousine Commission,2008,27760
acfr2015,gf_expenditures,371,1021,156 NYC Taxi and Limousine Commission,2009,28874
acfr2015,gf_expenditures,371,1021,156 NYC Taxi and Limousine Commission,2010,30097
acfr2015,gf_expenditures,371,1021,156 NYC Taxi and Limousine Commission,2011,30174
acfr2015,gf_expenditures,371,1021,156 NYC Taxi and Limousine Commission,2012,31702
acfr2015,gf_expenditures,371,1021,156 NYC Taxi and Limousine Commission,2013,36743
acfr2015,gf_expenditures,371,1021,156 NYC Taxi and Limousine Commission,2014,46331
acfr2015,gf_expenditures,371,1021,156 NYC Taxi and Limousine Commission,2015,52401
acfr2015,gf_expenditures,372,1022,Public Safety and Judicial: (cont.) 781 Department of Probation,2006,79751
acfr2015,gf_expenditures,372,1022,Public Safety and Judicial: (cont.) 781 Department of Probation,2007,80192
acfr2015,gf_expenditures,372,1022,Public Safety and Judicial: (cont.) 781 Department of Probation,2008,81510
acfr2015,gf_expenditures,372,1022,Public Safety and Judicial: (cont.) 781 Department of Probation,2009,81237
acfr2015,gf_expenditures,372,1022,Public Safety and Judicial: (cont.) 781 Department of Probation,2010,82078
acfr2015,gf_expenditures,372,1022,Public Safety and Judicial: (cont.) 781 Department of Probation,2011,78402
acfr2015,gf_expenditures,372,1022,Public Safety and Judicial: (cont.) 781 Department of Probation,2012,73553
acfr2015,gf_expenditures,372,1022,Public Safety and Judicial: (cont.) 781 Department of Probation,2013,72527
acfr2015,gf_expenditures,372,1022,Public Safety and Judicial: (cont.) 781 Department of Probation,2014,73292
acfr2015,gf_expenditures,372,1022,Public Safety and Judicial: (cont.) 781 Department of Probation,2015,78473
acfr2015,gf_expenditures,372,1023,901 District Attorney— New York County,2006,80221
acfr2015,gf_expenditures,372,1023,901 District Attorney— New York County,2007,85502
acfr2015,gf_expenditures,372,1023,901 District Attorney— New York County,2008,89325
acfr2015,gf_expenditures,372,1023,901 District Attorney— New York County,2009,95961
acfr2015,gf_expenditures,372,1023,901 District Attorney— New York County,2010,101724
acfr2015,gf_expenditures,372,1023,901 District Attorney— New York County,2011,103579
acfr2015,gf_expenditures,372,1023,901 District Attorney— New York County,2012,104095
acfr2015,gf_expenditures,372,1023,901 District Attorney— New York County,2013,103440
acfr2015,gf_expenditures,372,1023,901 District Attorney— New York County,2014,96424
acfr2015,gf_expenditures,372,1023,901 District Attorney— New York County,2015,106404
acfr2015,gf_expenditures,372,1024,902 District Attorney— Bronx County,2006,45096
acfr2015,gf_expenditures,372,1024,902 District Attorney— Bronx County,2007,46992
acfr2015,gf_expenditures,372,1024,902 District Attorney— Bronx County,2008,50048
acfr2015,gf_expenditures,372,1024,902 District Attorney— Bronx County,2009,48986
acfr2015,gf_expenditures,372,1024,902 District Attorney— Bronx County,2010,51264
acfr2015,gf_expenditures,372,1024,902 District Attorney— Bronx County,2011,50113
acfr2015,gf_expenditures,372,1024,902 District Attorney— Bronx County,2012,49211
acfr2015,gf_expenditures,372,1024,902 District Attorney— Bronx County,2013,51919
acfr2015,gf_expenditures,372,1024,902 District Attorney— Bronx County,2014,54702
acfr2015,gf_expenditures,372,1024,902 District Attorney— Bronx County,2015,60026
acfr2015,gf_expenditures,372,1025,903 District Attorney— Kings County,2006,75126
acfr2015,gf_expenditures,372,1025,903 District Attorney— Kings County,2007,77697
acfr2015,gf_expenditures,372,1025,903 District Attorney— Kings County,2008,82697
acfr2015,gf_expenditures,372,1025,903 District Attorney— Kings County,2009,83337
acfr2015,gf_expenditures,372,1025,903 District Attorney— Kings County,2010,86377
acfr2015,gf_expenditures,372,1025,903 District Attorney— Kings County,2011,84057
acfr2015,gf_expenditures,372,1025,903 District Attorney— Kings County,2012,86317
acfr2015,gf_expenditures,372,1025,903 District Attorney— Kings County,2013,87318
acfr2015,gf_expenditures,372,1025,903 District Attorney— Kings County,2014,86841
acfr2015,gf_expenditures,372,1025,903 District Attorney— Kings County,2015,93221
acfr2015,gf_expenditures,372,1026,904 District Attorney— Queens County,2006,41780
acfr2015,gf_expenditures,372,1026,904 District Attorney— Queens County,2007,44351
acfr2015,gf_expenditures,372,1026,904 District Attorney— Queens County,2008,46400
acfr2015,gf_expenditures,372,1026,904 District Attorney— Queens County,2009,45333
acfr2015,gf_expenditures,372,1026,904 District Attorney— Queens County,2010,48844
acfr2015,gf_expenditures,372,1026,904 District Attorney— Queens County,2011,47820
acfr2015,gf_expenditures,372,1026,904 District Attorney— Queens County,2012,49320
acfr2015,gf_expenditures,372,1026,904 District Attorney— Queens County,2013,50497
acfr2015,gf_expenditures,372,1026,904 District Attorney— Queens County,2014,52907
acfr2015,gf_expenditures,372,1026,904 District Attorney— Queens County,2015,56769
acfr2015,gf_expenditures,372,1027,905 District Attorney— Richmond County,2006,6855
acfr2015,gf_expenditures,372,1027,905 District Attorney— Richmond County,2007,7587
acfr2015,gf_expenditures,372,1027,905 District Attorney— Richmond County,2008,8264
acfr2015,gf_expenditures,372,1027,905 District Attorney— Richmond County,2009,8296
acfr2015,gf_expenditures,372,1027,905 District Attorney— Richmond County,2010,8597
acfr2015,gf_expenditures,372,1027,905 District Attorney— Richmond County,2011,8611
acfr2015,gf_expenditures,372,1027,905 District Attorney— Richmond County,2012,8690
acfr2015,gf_expenditures,372,1027,905 District Attorney— Richmond County,2013,8940
acfr2015,gf_expenditures,372,1027,905 District Attorney— Richmond County,2014,9249
acfr2015,gf_expenditures,372,1027,905 District Attorney— Richmond County,2015,10302
acfr2015,gf_expenditures,372,1028,906 Office of Prosecution— Special Narcotics,2006,16081
acfr2015,gf_expenditures,372,1028,906 Office of Prosecution— Special Narcotics,2007,16771
acfr2015,gf_expenditures,372,1028,906 Office of Prosecution— Special Narcotics,2008,17778
acfr2015,gf_expenditures,372,1028,906 Office of Prosecution— Special Narcotics,2009,17679
acfr2015,gf_expenditures,372,1028,906 Office of Prosecution— Special Narcotics,2010,18503
acfr2015,gf_expenditures,372,1028,906 Office of Prosecution— Special Narcotics,2011,17898
acfr2015,gf_expenditures,372,1028,906 Office of Prosecution— Special Narcotics,2012,17830
acfr2015,gf_expenditures,372,1028,906 Office of Prosecution— Special Narcotics,2013,18146
acfr2015,gf_expenditures,372,1028,906 Office of Prosecution— Special Narcotics,2014,18196
acfr2015,gf_expenditures,372,1028,906 Office of Prosecution— Special Narcotics,2015,19205
acfr2015,gf_expenditures,372,1029,341 941 Public Administrator— New York County,2006,1086
acfr2015,gf_expenditures,372,1029,341 941 Public Administrator— New York County,2007,1088
acfr2015,gf_expenditures,372,1029,341 941 Public Administrator— New York County,2008,1143
acfr2015,gf_expenditures,372,1029,341 941 Public Administrator— New York County,2009,1148
acfr2015,gf_expenditures,372,1029,341 941 Public Administrator— New York County,2010,1168
acfr2015,gf_expenditures,372,1029,341 941 Public Administrator— New York County,2011,1126
acfr2015,gf_expenditures,372,1029,341 941 Public Administrator— New York County,2012,1184
acfr2015,gf_expenditures,372,1029,341 941 Public Administrator— New York County,2013,1335
acfr2015,gf_expenditures,372,1029,341 941 Public Administrator— New York County,2014,1397
acfr2015,gf_expenditures,372,1029,341 941 Public Administrator— New York County,2015,1504
acfr2015,gf_expenditures,372,1030,942 Public Administrator— Bronx County,2006,317
acfr2015,gf_expenditures,372,1030,942 Public Administrator— Bronx County,2007,429
acfr2015,gf_expenditures,372,1030,942 Public Administrator— Bronx County,2008,418
acfr2015,gf_expenditures,372,1030,942 Public Administrator— Bronx County,2009,508
acfr2015,gf_expenditures,372,1030,942 Public Administrator— Bronx County,2010,426
acfr2015,gf_expenditures,372,1030,942 Public Administrator— Bronx County,2011,389
acfr2015,gf_expenditures,372,1030,942 Public Administrator— Bronx County,2012,481
acfr2015,gf_expenditures,372,1030,942 Public Administrator— Bronx County,2013,538
acfr2015,gf_expenditures,372,1030,942 Public Administrator— Bronx County,2014,532
acfr2015,gf_expenditures,372,1030,942 Public Administrator— Bronx County,2015,603
acfr2015,gf_expenditures,372,1031,943 Public Administrator— Kings County,2006,454
acfr2015,gf_expenditures,372,1031,943 Public Administrator— Kings County,2007,501
acfr2015,gf_expenditures,372,1031,943 Public Administrator— Kings County,2008,536
acfr2015,gf_expenditures,372,1031,943 Public Administrator— Kings County,2009,493
acfr2015,gf_expenditures,372,1031,943 Public Administrator— Kings County,2010,549
acfr2015,gf_expenditures,372,1031,943 Public Administrator— Kings County,2011,553
acfr2015,gf_expenditures,372,1031,943 Public Administrator— Kings County,2012,472
acfr2015,gf_expenditures,372,1031,943 Public Administrator— Kings County,2013,531
acfr2015,gf_expenditures,372,1031,943 Public Administrator— Kings County,2014,604
acfr2015,gf_expenditures,372,1031,943 Public Administrator— Kings County,2015,641
acfr2015,gf_expenditures,372,1032,944 Public Administrator— Queens County,2006,414
acfr2015,gf_expenditures,372,1032,944 Public Administrator— Queens County,2007,408
acfr2015,gf_expenditures,372,1032,944 Public Administrator— Queens County,2008,421
acfr2015,gf_expenditures,372,1032,944 Public Administrator— Queens County,2009,436
acfr2015,gf_expenditures,372,1032,944 Public Administrator— Queens County,2010,424
acfr2015,gf_expenditures,372,1032,944 Public Administrator— Queens County,2011,425
acfr2015,gf_expenditures,372,1032,944 Public Administrator— Queens County,2012,421
acfr2015,gf_expenditures,372,1032,944 Public Administrator— Queens County,2013,449
acfr2015,gf_expenditures,372,1032,944 Public Administrator— Queens County,2014,471
acfr2015,gf_expenditures,372,1032,944 Public Administrator— Queens County,2015,484
acfr2015,gf_expenditures,372,1033,945 Public Administrator— Richmond County,2006,339
acfr2015,gf_expenditures,372,1033,945 Public Administrator— Richmond County,2007,348
acfr2015,gf_expenditures,372,1033,945 Public Administrator— Richmond County,2008,362
acfr2015,gf_expenditures,372,1033,945 Public Administrator— Richmond County,2009,365
acfr2015,gf_expenditures,372,1033,945 Public Administrator— Richmond County,2010,376
acfr2015,gf_expenditures,372,1033,945 Public Administrator— Richmond County,2011,375
acfr2015,gf_expenditures,372,1033,945 Public Administrator— Richmond County,2012,376
acfr2015,gf_expenditures,372,1033,945 Public Administrator— Richmond County,2013,441
acfr2015,gf_expenditures,372,1033,945 Public Administrator— Richmond County,2014,450
acfr2015,gf_expenditures,372,1033,945 Public Administrator— Richmond County,2015,477
acfr2015,gf_expenditures,372,1034,Miscellaneous— Court Costs,2006,30
acfr2015,gf_expenditures,372,1034,Miscellaneous— Court Costs,2007,23
acfr2015,gf_expenditures,372,1034,Miscellaneous— Court Costs,2008,4
acfr2015,gf_expenditures,372,1034,Miscellaneous— Court Costs,2009,0
acfr2015,gf_expenditures,372,1034,Miscellaneous— Court Costs,2010,15
acfr2015,gf_expenditures,372,1034,Miscellaneous— Court Costs,2011,0
acfr2015,gf_expenditures,372,1034,Miscellaneous— Court Costs,2012,0
acfr2015,gf_expenditures,372,1034,Miscellaneous— Court Costs,2013,0
acfr2015,gf_expenditures,372,1034,Miscellaneous— Court Costs,2014,0
acfr2015,gf_expenditures,372,1034,Miscellaneous— Court Costs,2015,0
acfr2015,gf_expenditures,372,1035,Miscellaneous— Contributions Legal Aid,2006,181374
acfr2015,gf_expenditures,372,1035,Miscellaneous— Contributions Legal Aid,2007,186593
acfr2015,gf_expenditures,372,1035,Miscellaneous— Contributions Legal Aid,2008,203686
acfr2015,gf_expenditures,372,1035,Miscellaneous— Contributions Legal Aid,2009,212598
acfr2015,gf_expenditures,372,1035,Miscellaneous— Contributions Legal Aid,2010,224876
acfr2015,gf_expenditures,372,1035,Miscellaneous— Contributions Legal Aid,2011,219402
acfr2015,gf_expenditures,372,1035,Miscellaneous— Contributions Legal Aid,2012,242063
acfr2015,gf_expenditures,372,1035,Miscellaneous— Contributions Legal Aid,2013,249944
acfr2015,gf_expenditures,372,1035,Miscellaneous— Contributions Legal Aid,2014,255685
acfr2015,gf_expenditures,372,1035,Miscellaneous— Contributions Legal Aid,2015,261410
acfr2015,gf_expenditures,372,1036,Miscellaneous—Criminal Justice Programs,2006,46644
acfr2015,gf_expenditures,372,1036,Miscellaneous—Criminal Justice Programs,2007,58913
acfr2015,gf_expenditures,372,1036,Miscellaneous—Criminal Justice Programs,2008,63823
acfr2015,gf_expenditures,372,1036,Miscellaneous—Criminal Justice Programs,2009,54206
acfr2015,gf_expenditures,372,1036,Miscellaneous—Criminal Justice Programs,2010,60206
acfr2015,gf_expenditures,372,1036,Miscellaneous—Criminal Justice Programs,2011,46495
acfr2015,gf_expenditures,372,1036,Miscellaneous—Criminal Justice Programs,2012,46962
acfr2015,gf_expenditures,372,1036,Miscellaneous—Criminal Justice Programs,2013,49377
acfr2015,gf_expenditures,372,1036,Miscellaneous—Criminal Justice Programs,2014,59604
acfr2015,gf_expenditures,372,1036,Miscellaneous—Criminal Justice Programs,2015,66140
acfr2015,gf_expenditures,372,1037,Miscellaneous—Other,2006,33699
acfr2015,gf_expenditures,372,1037,Miscellaneous—Other,2007,19185
acfr2015,gf_expenditures,372,1037,Miscellaneous—Other,2008,25746
acfr2015,gf_expenditures,372,1037,Miscellaneous—Other,2009,19809
acfr2015,gf_expenditures,372,1037,Miscellaneous—Other,2010,26994
acfr2015,gf_expenditures,372,1037,Miscellaneous—Other,2011,27381
acfr2015,gf_expenditures,372,1037,Miscellaneous—Other,2012,35912
acfr2015,gf_expenditures,372,1037,Miscellaneous—Other,2013,34381
acfr2015,gf_expenditures,372,1037,Miscellaneous—Other,2014,26918
acfr2015,gf_expenditures,372,1037,Miscellaneous—Other,2015,33312
acfr2015,gf_expenditures,372,1038,Total Public Safety and Judicial,2006,6693911
acfr2015,gf_expenditures,372,1038,Total Public Safety and Judicial,2007,6841914
acfr2015,gf_expenditures,372,1038,Total Public Safety and Judicial,2008,7258568
acfr2015,gf_expenditures,372,1038,Total Public Safety and Judicial,2009,7683112
acfr2015,gf_expenditures,372,1038,Total Public Safety and Judicial,2010,8000446
acfr2015,gf_expenditures,372,1038,Total Public Safety and Judicial,2011,8281130
acfr2015,gf_expenditures,372,1038,Total Public Safety and Judicial,2012,8239603
acfr2015,gf_expenditures,372,1038,Total Public Safety and Judicial,2013,8384598
acfr2015,gf_expenditures,372,1038,Total Public Safety and Judicial,2014,8472362
acfr2015,gf_expenditures,372,1038,Total Public Safety and Judicial,2015,8826839
acfr2015,gf_expenditures,373,1039,040 Department of Education,2006,14794254
acfr2015,gf_expenditures,373,1039,040 Department of Education,2007,15748016
acfr2015,gf_expenditures,373,1039,040 Department of Education,2008,16855125
acfr2015,gf_expenditures,373,1039,040 Department of Education,2009,17774247
acfr2015,gf_expenditures,373,1039,040 Department of Education,2010,18411207
acfr2015,gf_expenditures,373,1039,040 Department of Education,2011,18862234
acfr2015,gf_expenditures,373,1039,040 Department of Education,2012,19129084
acfr2015,gf_expenditures,373,1039,040 Department of Education,2013,19128734
acfr2015,gf_expenditures,373,1039,040 Department of Education,2014,18672173
acfr2015,gf_expenditures,373,1039,040 Department of Education,2015,20457511
acfr2015,gf_expenditures,373,1040,City University: 042 City University of New York— Community Colleges,2006,526114
acfr2015,gf_expenditures,373,1040,City University: 042 City University of New York— Community Colleges,2007,551786
acfr2015,gf_expenditures,373,1040,City University: 042 City University of New York— Community Colleges,2008,594356
acfr2015,gf_expenditures,373,1040,City University: 042 City University of New York— Community Colleges,2009,631198
acfr2015,gf_expenditures,373,1040,City University: 042 City University of New York— Community Colleges,2010,699609
acfr2015,gf_expenditures,373,1040,City University: 042 City University of New York— Community Colleges,2011,714197
acfr2015,gf_expenditures,373,1040,City University: 042 City University of New York— Community Colleges,2012,734455
acfr2015,gf_expenditures,373,1040,City University: 042 City University of New York— Community Colleges,2013,785535
acfr2015,gf_expenditures,373,1040,City University: 042 City University of New York— Community Colleges,2014,836163
acfr2015,gf_expenditures,373,1040,City University: 042 City University of New York— Community Colleges,2015,886839
acfr2015,gf_expenditures,373,1041,Hunter Campus Schools,2006,13087
acfr2015,gf_expenditures,373,1041,Hunter Campus Schools,2007,14250
acfr2015,gf_expenditures,373,1041,Hunter Campus Schools,2008,15209
acfr2015,gf_expenditures,373,1041,Hunter Campus Schools,2009,14536
acfr2015,gf_expenditures,373,1041,Hunter Campus Schools,2010,15679
acfr2015,gf_expenditures,373,1041,Hunter Campus Schools,2011,15895
acfr2015,gf_expenditures,373,1041,Hunter Campus Schools,2012,16021
acfr2015,gf_expenditures,373,1041,Hunter Campus Schools,2013,16356
acfr2015,gf_expenditures,373,1041,Hunter Campus Schools,2014,16757
acfr2015,gf_expenditures,373,1041,Hunter Campus Schools,2015,17211
acfr2015,gf_expenditures,373,1042,Educational Aid,2006,11165
acfr2015,gf_expenditures,373,1042,Educational Aid,2007,11165
acfr2015,gf_expenditures,373,1042,Educational Aid,2008,11165
acfr2015,gf_expenditures,373,1042,Educational Aid,2009,12750
acfr2015,gf_expenditures,373,1042,Educational Aid,2010,3500
acfr2015,gf_expenditures,373,1042,Educational Aid,2011,6000
acfr2015,gf_expenditures,373,1042,Educational Aid,2012,0
acfr2015,gf_expenditures,373,1042,Educational Aid,2013,0
acfr2015,gf_expenditures,373,1042,Educational Aid,2014,0
acfr2015,gf_expenditures,373,1042,Educational Aid,2015,0
acfr2015,gf_expenditures,373,1043,Total City University,2006,550366
acfr2015,gf_expenditures,373,1043,Total City University,2007,577201
acfr2015,gf_expenditures,373,1043,Total City University,2008,620730
acfr2015,gf_expenditures,373,1043,Total City University,2009,658484
acfr2015,gf_expenditures,373,1043,Total City University,2010,718788
acfr2015,gf_expenditures,373,1043,Total City University,2011,736092
acfr2015,gf_expenditures,373,1043,Total City University,2012,750476
acfr2015,gf_expenditures,373,1043,Total City University,2013,801891
acfr2015,gf_expenditures,373,1043,Total City University,2014,852920
acfr2015,gf_expenditures,373,1043,Total City University,2015,904050
acfr2015,gf_expenditures,373,1044,Social Services: 068 Administration for Children’s Services,2006,2300556
acfr2015,gf_expenditures,373,1044,Social Services: 068 Administration for Children’s Services,2007,2718726
acfr2015,gf_expenditures,373,1044,Social Services: 068 Administration for Children’s Services,2008,2830479
acfr2015,gf_expenditures,373,1044,Social Services: 068 Administration for Children’s Services,2009,2829498
acfr2015,gf_expenditures,373,1044,Social Services: 068 Administration for Children’s Services,2010,2825163
acfr2015,gf_expenditures,373,1044,Social Services: 068 Administration for Children’s Services,2011,2656215
acfr2015,gf_expenditures,373,1044,Social Services: 068 Administration for Children’s Services,2012,2797252
acfr2015,gf_expenditures,373,1044,Social Services: 068 Administration for Children’s Services,2013,2719072
acfr2015,gf_expenditures,373,1044,Social Services: 068 Administration for Children’s Services,2014,2710193
acfr2015,gf_expenditures,373,1044,Social Services: 068 Administration for Children’s Services,2015,2665483
acfr2015,gf_expenditures,373,1045,069 Department of Social Services,2006,6889290
acfr2015,gf_expenditures,373,1045,069 Department of Social Services,2007,7403415
acfr2015,gf_expenditures,373,1045,069 Department of Social Services,2008,8657475
acfr2015,gf_expenditures,373,1045,069 Department of Social Services,2009,8298154
acfr2015,gf_expenditures,373,1045,069 Department of Social Services,2010,8469758
acfr2015,gf_expenditures,373,1045,069 Department of Social Services,2011,8048750
acfr2015,gf_expenditures,373,1045,069 Department of Social Services,2012,9373482
acfr2015,gf_expenditures,373,1045,069 Department of Social Services,2013,9478836
acfr2015,gf_expenditures,373,1045,069 Department of Social Services,2014,9474918
acfr2015,gf_expenditures,373,1045,069 Department of Social Services,2015,9745753
acfr2015,gf_expenditures,373,1046,071 Department of Homeless 342 Services,2006,692733
acfr2015,gf_expenditures,373,1046,071 Department of Homeless 342 Services,2007,686578
acfr2015,gf_expenditures,373,1046,071 Department of Homeless 342 Services,2008,734909
acfr2015,gf_expenditures,373,1046,071 Department of Homeless 342 Services,2009,734821
acfr2015,gf_expenditures,373,1046,071 Department of Homeless 342 Services,2010,795423
acfr2015,gf_expenditures,373,1046,071 Department of Homeless 342 Services,2011,821050
acfr2015,gf_expenditures,373,1046,071 Department of Homeless 342 Services,2012,842409
acfr2015,gf_expenditures,373,1046,071 Department of Homeless 342 Services,2013,977189
acfr2015,gf_expenditures,373,1046,071 Department of Homeless 342 Services,2014,1028992
acfr2015,gf_expenditures,373,1046,071 Department of Homeless 342 Services,2015,1156543
acfr2015,gf_expenditures,373,1047,125 Department for the Aging,2006,265090
acfr2015,gf_expenditures,373,1047,125 Department for the Aging,2007,269332
acfr2015,gf_expenditures,373,1047,125 Department for the Aging,2008,288477
acfr2015,gf_expenditures,373,1047,125 Department for the Aging,2009,288790
acfr2015,gf_expenditures,373,1047,125 Department for the Aging,2010,279765
acfr2015,gf_expenditures,373,1047,125 Department for the Aging,2011,259966
acfr2015,gf_expenditures,373,1047,125 Department for the Aging,2012,245950
acfr2015,gf_expenditures,373,1047,125 Department for the Aging,2013,258207
acfr2015,gf_expenditures,373,1047,125 Department for the Aging,2014,258510
acfr2015,gf_expenditures,373,1047,125 Department for the Aging,2015,275744
acfr2015,gf_expenditures,373,1048,Total Social Services,2006,10147669
acfr2015,gf_expenditures,373,1048,Total Social Services,2007,11078051
acfr2015,gf_expenditures,373,1048,Total Social Services,2008,12511340
acfr2015,gf_expenditures,373,1048,Total Social Services,2009,12151263
acfr2015,gf_expenditures,373,1048,Total Social Services,2010,12370109
acfr2015,gf_expenditures,373,1048,Total Social Services,2011,11785981
acfr2015,gf_expenditures,373,1048,Total Social Services,2012,13259093
acfr2015,gf_expenditures,373,1048,Total Social Services,2013,13433304
acfr2015,gf_expenditures,373,1048,Total Social Services,2014,13472613
acfr2015,gf_expenditures,373,1048,Total Social Services,2015,13843523
acfr2015,gf_expenditures,373,1049,Environmental Protection: 826 Department of Environmental Protection,2006,754686
acfr2015,gf_expenditures,373,1049,Environmental Protection: 826 Department of Environmental Protection,2007,790953
acfr2015,gf_expenditures,373,1049,Environmental Protection: 826 Department of Environmental Protection,2008,855397
acfr2015,gf_expenditures,373,1049,Environmental Protection: 826 Department of Environmental Protection,2009,952270
acfr2015,gf_expenditures,373,1049,Environmental Protection: 826 Department of Environmental Protection,2010,1377554
acfr2015,gf_expenditures,373,1049,Environmental Protection: 826 Department of Environmental Protection,2011,949665
acfr2015,gf_expenditures,373,1049,Environmental Protection: 826 Department of Environmental Protection,2012,976718
acfr2015,gf_expenditures,373,1049,Environmental Protection: 826 Department of Environmental Protection,2013,1643135
acfr2015,gf_expenditures,373,1049,Environmental Protection: 826 Department of Environmental Protection,2014,1117245
acfr2015,gf_expenditures,373,1049,Environmental Protection: 826 Department of Environmental Protection,2015,1072757
acfr2015,gf_expenditures,373,1050,827 Department of Sanitation,2006,1081709
acfr2015,gf_expenditures,373,1050,827 Department of Sanitation,2007,1152346
acfr2015,gf_expenditures,373,1050,827 Department of Sanitation,2008,1227334
acfr2015,gf_expenditures,373,1050,827 Department of Sanitation,2009,1247299
acfr2015,gf_expenditures,373,1050,827 Department of Sanitation,2010,1289487
acfr2015,gf_expenditures,373,1050,827 Department of Sanitation,2011,1390290
acfr2015,gf_expenditures,373,1050,827 Department of Sanitation,2012,1269492
acfr2015,gf_expenditures,373,1050,827 Department of Sanitation,2013,1360158
acfr2015,gf_expenditures,373,1050,827 Department of Sanitation,2014,1405046
acfr2015,gf_expenditures,373,1050,827 Department of Sanitation,2015,1467577
acfr2015,gf_expenditures,373,1051,Total Environmental Protection,2006,1836395
acfr2015,gf_expenditures,373,1051,Total Environmental Protection,2007,1943299
acfr2015,gf_expenditures,373,1051,Total Environmental Protection,2008,2082731
acfr2015,gf_expenditures,373,1051,Total Environmental Protection,2009,2199569
acfr2015,gf_expenditures,373,1051,Total Environmental Protection,2010,2667041
acfr2015,gf_expenditures,373,1051,Total Environmental Protection,2011,2339955
acfr2015,gf_expenditures,373,1051,Total Environmental Protection,2012,2246210
acfr2015,gf_expenditures,373,1051,Total Environmental Protection,2013,3003293
acfr2015,gf_expenditures,373,1051,Total Environmental Protection,2014,2522291
acfr2015,gf_expenditures,373,1051,Total Environmental Protection,2015,2540334
acfr2015,gf_expenditures,373,1052,Transportation Services: 841 Department of Transportation,2006,399528
acfr2015,gf_expenditures,373,1052,Transportation Services: 841 Department of Transportation,2007,459415
acfr2015,gf_expenditures,373,1052,Transportation Services: 841 Department of Transportation,2008,526511
acfr2015,gf_expenditures,373,1052,Transportation Services: 841 Department of Transportation,2009,602385
acfr2015,gf_expenditures,373,1052,Transportation Services: 841 Department of Transportation,2010,611417
acfr2015,gf_expenditures,373,1052,Transportation Services: 841 Department of Transportation,2011,674767
acfr2015,gf_expenditures,373,1052,Transportation Services: 841 Department of Transportation,2012,641588
acfr2015,gf_expenditures,373,1052,Transportation Services: 841 Department of Transportation,2013,638521
acfr2015,gf_expenditures,373,1052,Transportation Services: 841 Department of Transportation,2014,657882
acfr2015,gf_expenditures,373,1052,Transportation Services: 841 Department of Transportation,2015,691914
acfr2015,gf_expenditures,373,1053,Miscellaneous— Payments to the Transit Authority,2006,444672
acfr2015,gf_expenditures,373,1053,Miscellaneous— Payments to the Transit Authority,2007,550576
acfr2015,gf_expenditures,373,1053,Miscellaneous— Payments to the Transit Authority,2008,648985
acfr2015,gf_expenditures,373,1053,Miscellaneous— Payments to the Transit Authority,2009,659878
acfr2015,gf_expenditures,373,1053,Miscellaneous— Payments to the Transit Authority,2010,607698
acfr2015,gf_expenditures,373,1053,Miscellaneous— Payments to the Transit Authority,2011,480472
acfr2015,gf_expenditures,373,1053,Miscellaneous— Payments to the Transit Authority,2012,798442
acfr2015,gf_expenditures,373,1053,Miscellaneous— Payments to the Transit Authority,2013,842598
acfr2015,gf_expenditures,373,1053,Miscellaneous— Payments to the Transit Authority,2014,890724
acfr2015,gf_expenditures,373,1053,Miscellaneous— Payments to the Transit Authority,2015,963007
acfr2015,gf_expenditures,373,1054,Miscellaneous— Payments to Private Bus Companies,2006,109955
acfr2015,gf_expenditures,373,1054,Miscellaneous— Payments to Private Bus Companies,2007,10901
acfr2015,gf_expenditures,373,1054,Miscellaneous— Payments to Private Bus Companies,2008,11603
acfr2015,gf_expenditures,373,1054,Miscellaneous— Payments to Private Bus Companies,2009,7726
acfr2015,gf_expenditures,373,1054,Miscellaneous— Payments to Private Bus Companies,2010,4752
acfr2015,gf_expenditures,373,1054,Miscellaneous— Payments to Private Bus Companies,2011,4882
acfr2015,gf_expenditures,373,1054,Miscellaneous— Payments to Private Bus Companies,2012,3670
acfr2015,gf_expenditures,373,1054,Miscellaneous— Payments to Private Bus Companies,2013,3245
acfr2015,gf_expenditures,373,1054,Miscellaneous— Payments to Private Bus Companies,2014,1717
acfr2015,gf_expenditures,373,1054,Miscellaneous— Payments to Private Bus Companies,2015,52
acfr2015,gf_expenditures,374,1055,Transportation Services: (cont.) Total Transportation Services,2006,954155
acfr2015,gf_expenditures,374,1055,Transportation Services: (cont.) Total Transportation Services,2007,1020892
acfr2015,gf_expenditures,374,1055,Transportation Services: (cont.) Total Transportation Services,2008,1187099
acfr2015,gf_expenditures,374,1055,Transportation Services: (cont.) Total Transportation Services,2009,1269989
acfr2015,gf_expenditures,374,1055,Transportation Services: (cont.) Total Transportation Services,2010,1223867
acfr2015,gf_expenditures,374,1055,Transportation Services: (cont.) Total Transportation Services,2011,1160121
acfr2015,gf_expenditures,374,1055,Transportation Services: (cont.) Total Transportation Services,2012,1443700
acfr2015,gf_expenditures,374,1055,Transportation Services: (cont.) Total Transportation Services,2013,1484364
acfr2015,gf_expenditures,374,1055,Transportation Services: (cont.) Total Transportation Services,2014,1550323
acfr2015,gf_expenditures,374,1055,Transportation Services: (cont.) Total Transportation Services,2015,1654973
acfr2015,gf_expenditures,374,1056,"Parks, Recreation, and Cultural Activities: 126 Department of Cultural Affairs",2006,134654
acfr2015,gf_expenditures,374,1056,"Parks, Recreation, and Cultural Activities: 126 Department of Cultural Affairs",2007,148207
acfr2015,gf_expenditures,374,1056,"Parks, Recreation, and Cultural Activities: 126 Department of Cultural Affairs",2008,159362
acfr2015,gf_expenditures,374,1056,"Parks, Recreation, and Cultural Activities: 126 Department of Cultural Affairs",2009,149593
acfr2015,gf_expenditures,374,1056,"Parks, Recreation, and Cultural Activities: 126 Department of Cultural Affairs",2010,141688
acfr2015,gf_expenditures,374,1056,"Parks, Recreation, and Cultural Activities: 126 Department of Cultural Affairs",2011,142308
acfr2015,gf_expenditures,374,1056,"Parks, Recreation, and Cultural Activities: 126 Department of Cultural Affairs",2012,145682
acfr2015,gf_expenditures,374,1056,"Parks, Recreation, and Cultural Activities: 126 Department of Cultural Affairs",2013,143426
acfr2015,gf_expenditures,374,1056,"Parks, Recreation, and Cultural Activities: 126 Department of Cultural Affairs",2014,153137
acfr2015,gf_expenditures,374,1056,"Parks, Recreation, and Cultural Activities: 126 Department of Cultural Affairs",2015,157476
acfr2015,gf_expenditures,374,1057,846 Department of Parks and Recreation,2006,242154
acfr2015,gf_expenditures,374,1057,846 Department of Parks and Recreation,2007,262464
acfr2015,gf_expenditures,374,1057,846 Department of Parks and Recreation,2008,290789
acfr2015,gf_expenditures,374,1057,846 Department of Parks and Recreation,2009,295595
acfr2015,gf_expenditures,374,1057,846 Department of Parks and Recreation,2010,292657
acfr2015,gf_expenditures,374,1057,846 Department of Parks and Recreation,2011,308876
acfr2015,gf_expenditures,374,1057,846 Department of Parks and Recreation,2012,286259
acfr2015,gf_expenditures,374,1057,846 Department of Parks and Recreation,2013,337092
acfr2015,gf_expenditures,374,1057,846 Department of Parks and Recreation,2014,325786
acfr2015,gf_expenditures,374,1057,846 Department of Parks and Recreation,2015,397935
acfr2015,gf_expenditures,374,1058,"Total Parks, Recreation, and Cultural Activities",2006,376808
acfr2015,gf_expenditures,374,1058,"Total Parks, Recreation, and Cultural Activities",2007,410671
acfr2015,gf_expenditures,374,1058,"Total Parks, Recreation, and Cultural Activities",2008,450151
acfr2015,gf_expenditures,374,1058,"Total Parks, Recreation, and Cultural Activities",2009,445188
acfr2015,gf_expenditures,374,1058,"Total Parks, Recreation, and Cultural Activities",2010,434345
acfr2015,gf_expenditures,374,1058,"Total Parks, Recreation, and Cultural Activities",2011,451184
acfr2015,gf_expenditures,374,1058,"Total Parks, Recreation, and Cultural Activities",2012,431941
acfr2015,gf_expenditures,374,1058,"Total Parks, Recreation, and Cultural Activities",2013,480518
acfr2015,gf_expenditures,374,1058,"Total Parks, Recreation, and Cultural Activities",2014,478923
acfr2015,gf_expenditures,374,1058,"Total Parks, Recreation, and Cultural Activities",2015,555411
acfr2015,gf_expenditures,374,1059,Housing: 806 Housing Preservation and Development,2006,519252
acfr2015,gf_expenditures,374,1059,Housing: 806 Housing Preservation and Development,2007,553163
acfr2015,gf_expenditures,374,1059,Housing: 806 Housing Preservation and Development,2008,579876
acfr2015,gf_expenditures,374,1059,Housing: 806 Housing Preservation and Development,2009,681851
acfr2015,gf_expenditures,374,1059,Housing: 806 Housing Preservation and Development,2010,711127
acfr2015,gf_expenditures,374,1059,Housing: 806 Housing Preservation and Development,2011,687017
acfr2015,gf_expenditures,374,1059,Housing: 806 Housing Preservation and Development,2012,714364
acfr2015,gf_expenditures,374,1059,Housing: 806 Housing Preservation and Development,2013,651885
acfr2015,gf_expenditures,374,1059,Housing: 806 Housing Preservation and Development,2014,670660
acfr2015,gf_expenditures,374,1059,Housing: 806 Housing Preservation and Development,2015,699009
acfr2015,gf_expenditures,374,1060,343 810 Department of Buildings,2006,81300
acfr2015,gf_expenditures,374,1060,343 810 Department of Buildings,2007,87108
acfr2015,gf_expenditures,374,1060,343 810 Department of Buildings,2008,98721
acfr2015,gf_expenditures,374,1060,343 810 Department of Buildings,2009,109413
acfr2015,gf_expenditures,374,1060,343 810 Department of Buildings,2010,101479
acfr2015,gf_expenditures,374,1060,343 810 Department of Buildings,2011,98556
acfr2015,gf_expenditures,374,1060,343 810 Department of Buildings,2012,94578
acfr2015,gf_expenditures,374,1060,343 810 Department of Buildings,2013,102224
acfr2015,gf_expenditures,374,1060,343 810 Department of Buildings,2014,98185
acfr2015,gf_expenditures,374,1060,343 810 Department of Buildings,2015,107765
acfr2015,gf_expenditures,374,1061,Miscellaneous—Payments to the Housing Authority,2006,120931
acfr2015,gf_expenditures,374,1061,Miscellaneous—Payments to the Housing Authority,2007,945
acfr2015,gf_expenditures,374,1061,Miscellaneous—Payments to the Housing Authority,2008,987
acfr2015,gf_expenditures,374,1061,Miscellaneous—Payments to the Housing Authority,2009,5539
acfr2015,gf_expenditures,374,1061,Miscellaneous—Payments to the Housing Authority,2010,1279
acfr2015,gf_expenditures,374,1061,Miscellaneous—Payments to the Housing Authority,2011,2098
acfr2015,gf_expenditures,374,1061,Miscellaneous—Payments to the Housing Authority,2012,2103
acfr2015,gf_expenditures,374,1061,Miscellaneous—Payments to the Housing Authority,2013,2040
acfr2015,gf_expenditures,374,1061,Miscellaneous—Payments to the Housing Authority,2014,60109
acfr2015,gf_expenditures,374,1061,Miscellaneous—Payments to the Housing Authority,2015,79083
acfr2015,gf_expenditures,374,1062,Total Housing,2006,721483
acfr2015,gf_expenditures,374,1062,Total Housing,2007,641216
acfr2015,gf_expenditures,374,1062,Total Housing,2008,679584
acfr2015,gf_expenditures,374,1062,Total Housing,2009,796803
acfr2015,gf_expenditures,374,1062,Total Housing,2010,813885
acfr2015,gf_expenditures,374,1062,Total Housing,2011,787671
acfr2015,gf_expenditures,374,1062,Total Housing,2012,811045
acfr2015,gf_expenditures,374,1062,Total Housing,2013,756149
acfr2015,gf_expenditures,374,1062,Total Housing,2014,828954
acfr2015,gf_expenditures,374,1062,Total Housing,2015,885857
acfr2015,gf_expenditures,374,1063,Health: 816 Department of Health and Mental Hygiene,2006,1467786
acfr2015,gf_expenditures,374,1063,Health: 816 Department of Health and Mental Hygiene,2007,1513879
acfr2015,gf_expenditures,374,1063,Health: 816 Department of Health and Mental Hygiene,2008,1550272
acfr2015,gf_expenditures,374,1063,Health: 816 Department of Health and Mental Hygiene,2009,1661098
acfr2015,gf_expenditures,374,1063,Health: 816 Department of Health and Mental Hygiene,2010,1655211
acfr2015,gf_expenditures,374,1063,Health: 816 Department of Health and Mental Hygiene,2011,1582048
acfr2015,gf_expenditures,374,1063,Health: 816 Department of Health and Mental Hygiene,2012,1528519
acfr2015,gf_expenditures,374,1063,Health: 816 Department of Health and Mental Hygiene,2013,1480287
acfr2015,gf_expenditures,374,1063,Health: 816 Department of Health and Mental Hygiene,2014,1394753
acfr2015,gf_expenditures,374,1063,Health: 816 Department of Health and Mental Hygiene,2015,1470119
acfr2015,gf_expenditures,374,1064,819 Health and Hospitals Corporation,2006,1290016
acfr2015,gf_expenditures,374,1064,819 Health and Hospitals Corporation,2007,758603
acfr2015,gf_expenditures,374,1064,819 Health and Hospitals Corporation,2008,37572
acfr2015,gf_expenditures,374,1064,819 Health and Hospitals Corporation,2009,182228
acfr2015,gf_expenditures,374,1064,819 Health and Hospitals Corporation,2010,5953
acfr2015,gf_expenditures,374,1064,819 Health and Hospitals Corporation,2011,84894
acfr2015,gf_expenditures,374,1064,819 Health and Hospitals Corporation,2012,79515
acfr2015,gf_expenditures,374,1064,819 Health and Hospitals Corporation,2013,375844
acfr2015,gf_expenditures,374,1064,819 Health and Hospitals Corporation,2014,227027
acfr2015,gf_expenditures,374,1064,819 Health and Hospitals Corporation,2015,238259
acfr2015,gf_expenditures,374,1065,Total Health,2006,2757802
acfr2015,gf_expenditures,374,1065,Total Health,2007,2272482
acfr2015,gf_expenditures,374,1065,Total Health,2008,1587844
acfr2015,gf_expenditures,374,1065,Total Health,2009,1843326
acfr2015,gf_expenditures,374,1065,Total Health,2010,1661164
acfr2015,gf_expenditures,374,1065,Total Health,2011,1666942
acfr2015,gf_expenditures,374,1065,Total Health,2012,1608034
acfr2015,gf_expenditures,374,1065,Total Health,2013,1856131
acfr2015,gf_expenditures,374,1065,Total Health,2014,1621780
acfr2015,gf_expenditures,374,1065,Total Health,2015,1708378
acfr2015,gf_expenditures,374,1066,Libraries: 035 New York Research Libraries,2006,19034
acfr2015,gf_expenditures,374,1066,Libraries: 035 New York Research Libraries,2007,25203
acfr2015,gf_expenditures,374,1066,Libraries: 035 New York Research Libraries,2008,19210
acfr2015,gf_expenditures,374,1066,Libraries: 035 New York Research Libraries,2009,31945
acfr2015,gf_expenditures,374,1066,Libraries: 035 New York Research Libraries,2010,16308
acfr2015,gf_expenditures,374,1066,Libraries: 035 New York Research Libraries,2011,22023
acfr2015,gf_expenditures,374,1066,Libraries: 035 New York Research Libraries,2012,15339
acfr2015,gf_expenditures,374,1066,Libraries: 035 New York Research Libraries,2013,22277
acfr2015,gf_expenditures,374,1066,Libraries: 035 New York Research Libraries,2014,18617
acfr2015,gf_expenditures,374,1066,Libraries: 035 New York Research Libraries,2015,24265
acfr2015,gf_expenditures,374,1067,037 New York Public Library,2006,96463
acfr2015,gf_expenditures,374,1067,037 New York Public Library,2007,123743
acfr2015,gf_expenditures,374,1067,037 New York Public Library,2008,99812
acfr2015,gf_expenditures,374,1067,037 New York Public Library,2009,134127
acfr2015,gf_expenditures,374,1067,037 New York Public Library,2010,78719
acfr2015,gf_expenditures,374,1067,037 New York Public Library,2011,110821
acfr2015,gf_expenditures,374,1067,037 New York Public Library,2012,73409
acfr2015,gf_expenditures,374,1067,037 New York Public Library,2013,111231
acfr2015,gf_expenditures,374,1067,037 New York Public Library,2014,88955
acfr2015,gf_expenditures,374,1067,037 New York Public Library,2015,119378
acfr2015,gf_expenditures,374,1068,038 Brooklyn Public Library,2006,73841
acfr2015,gf_expenditures,374,1068,038 Brooklyn Public Library,2007,91209
acfr2015,gf_expenditures,374,1068,038 Brooklyn Public Library,2008,74843
acfr2015,gf_expenditures,374,1068,038 Brooklyn Public Library,2009,100472
acfr2015,gf_expenditures,374,1068,038 Brooklyn Public Library,2010,58320
acfr2015,gf_expenditures,374,1068,038 Brooklyn Public Library,2011,82011
acfr2015,gf_expenditures,374,1068,038 Brooklyn Public Library,2012,55426
acfr2015,gf_expenditures,374,1068,038 Brooklyn Public Library,2013,82739
acfr2015,gf_expenditures,374,1068,038 Brooklyn Public Library,2014,65315
acfr2015,gf_expenditures,374,1068,038 Brooklyn Public Library,2015,89514
acfr2015,gf_expenditures,374,1069,039 Queens Borough Public Library,2006,71802
acfr2015,gf_expenditures,374,1069,039 Queens Borough Public Library,2007,89906
acfr2015,gf_expenditures,374,1069,039 Queens Borough Public Library,2008,72534
acfr2015,gf_expenditures,374,1069,039 Queens Borough Public Library,2009,99763
acfr2015,gf_expenditures,374,1069,039 Queens Borough Public Library,2010,57188
acfr2015,gf_expenditures,374,1069,039 Queens Borough Public Library,2011,81135
acfr2015,gf_expenditures,374,1069,039 Queens Borough Public Library,2012,55190
acfr2015,gf_expenditures,374,1069,039 Queens Borough Public Library,2013,82379
acfr2015,gf_expenditures,374,1069,039 Queens Borough Public Library,2014,65687
acfr2015,gf_expenditures,374,1069,039 Queens Borough Public Library,2015,89235
acfr2015,gf_expenditures,374,1070,Total Libraries,2006,261140
acfr2015,gf_expenditures,374,1070,Total Libraries,2007,330061
acfr2015,gf_expenditures,374,1070,Total Libraries,2008,266399
acfr2015,gf_expenditures,374,1070,Total Libraries,2009,366307
acfr2015,gf_expenditures,374,1070,Total Libraries,2010,210535
acfr2015,gf_expenditures,374,1070,Total Libraries,2011,295990
acfr2015,gf_expenditures,374,1070,Total Libraries,2012,199364
acfr2015,gf_expenditures,374,1070,Total Libraries,2013,298626
acfr2015,gf_expenditures,374,1070,Total Libraries,2014,238574
acfr2015,gf_expenditures,374,1070,Total Libraries,2015,322392
acfr2015,gf_expenditures,375,1071,Pensions: 095 Pension Contributions,2006,3878950
acfr2015,gf_expenditures,375,1071,Pensions: 095 Pension Contributions,2007,4726200
acfr2015,gf_expenditures,375,1071,Pensions: 095 Pension Contributions,2008,5616289
acfr2015,gf_expenditures,375,1071,Pensions: 095 Pension Contributions,2009,6264914
acfr2015,gf_expenditures,375,1071,Pensions: 095 Pension Contributions,2010,6631325
acfr2015,gf_expenditures,375,1071,Pensions: 095 Pension Contributions,2011,6842573
acfr2015,gf_expenditures,375,1071,Pensions: 095 Pension Contributions,2012,7830440
acfr2015,gf_expenditures,375,1071,Pensions: 095 Pension Contributions,2013,8054284
acfr2015,gf_expenditures,375,1071,Pensions: 095 Pension Contributions,2014,8141099
acfr2015,gf_expenditures,375,1071,Pensions: 095 Pension Contributions,2015,8489857
acfr2015,gf_expenditures,375,1072,Judgments and Claims,2006,516801
acfr2015,gf_expenditures,375,1072,Judgments and Claims,2007,564037
acfr2015,gf_expenditures,375,1072,Judgments and Claims,2008,625395
acfr2015,gf_expenditures,375,1072,Judgments and Claims,2009,623192
acfr2015,gf_expenditures,375,1072,Judgments and Claims,2010,568246
acfr2015,gf_expenditures,375,1072,Judgments and Claims,2011,664073
acfr2015,gf_expenditures,375,1072,Judgments and Claims,2012,582868
acfr2015,gf_expenditures,375,1072,Judgments and Claims,2013,524483
acfr2015,gf_expenditures,375,1072,Judgments and Claims,2014,732222
acfr2015,gf_expenditures,375,1072,Judgments and Claims,2015,679605
acfr2015,gf_expenditures,375,1073,Fringe Benefits and Other Benefit Payments,2006,4154015
acfr2015,gf_expenditures,375,1073,Fringe Benefits and Other Benefit Payments,2007,4846211
acfr2015,gf_expenditures,375,1073,Fringe Benefits and Other Benefit Payments,2008,3956861
acfr2015,gf_expenditures,375,1073,Fringe Benefits and Other Benefit Payments,2009,3524852
acfr2015,gf_expenditures,375,1073,Fringe Benefits and Other Benefit Payments,2010,3733084
acfr2015,gf_expenditures,375,1073,Fringe Benefits and Other Benefit Payments,2011,3846135
acfr2015,gf_expenditures,375,1073,Fringe Benefits and Other Benefit Payments,2012,3879655
acfr2015,gf_expenditures,375,1073,Fringe Benefits and Other Benefit Payments,2013,3829655
acfr2015,gf_expenditures,375,1073,Fringe Benefits and Other Benefit Payments,2014,5841923
acfr2015,gf_expenditures,375,1073,Fringe Benefits and Other Benefit Payments,2015,5862664
acfr2015,gf_expenditures,375,1074,Lease Payments,2006,228846
acfr2015,gf_expenditures,375,1074,Lease Payments,2007,309612
acfr2015,gf_expenditures,375,1074,Lease Payments,2008,158482
acfr2015,gf_expenditures,375,1074,Lease Payments,2009,174523
acfr2015,gf_expenditures,375,1074,Lease Payments,2010,53562
acfr2015,gf_expenditures,375,1074,Lease Payments,2011,145336
acfr2015,gf_expenditures,375,1074,Lease Payments,2012,137659
acfr2015,gf_expenditures,375,1074,Lease Payments,2013,151420
acfr2015,gf_expenditures,375,1074,Lease Payments,2014,152613
acfr2015,gf_expenditures,375,1074,Lease Payments,2015,148847
acfr2015,gf_expenditures,375,1075,Other: 098 Miscellaneous,2006,105395
acfr2015,gf_expenditures,375,1075,Other: 098 Miscellaneous,2007,177801
acfr2015,gf_expenditures,375,1075,Other: 098 Miscellaneous,2008,312555
acfr2015,gf_expenditures,375,1075,Other: 098 Miscellaneous,2009,172347
acfr2015,gf_expenditures,375,1075,Other: 098 Miscellaneous,2010,-650307
acfr2015,gf_expenditures,375,1075,Other: 098 Miscellaneous,2011,-82948
acfr2015,gf_expenditures,375,1075,Other: 098 Miscellaneous,2012,122069
acfr2015,gf_expenditures,375,1075,Other: 098 Miscellaneous,2013,159741
acfr2015,gf_expenditures,375,1075,Other: 098 Miscellaneous,2014,1793367
acfr2015,gf_expenditures,375,1075,Other: 098 Miscellaneous,2015,848095
acfr2015,gf_expenditures,375,1076,Total Expenditures,2006,49508065
acfr2015,gf_expenditures,375,1076,Total Expenditures,2007,53107582
acfr2015,gf_expenditures,375,1076,Total Expenditures,2008,55996802
acfr2015,gf_expenditures,375,1076,Total Expenditures,2009,57865899
acfr2015,gf_expenditures,375,1076,Total Expenditures,2010,58885815
acfr2015,gf_expenditures,375,1076,Total Expenditures,2011,59788637
acfr2015,gf_expenditures,375,1076,Total Expenditures,2012,62649079
acfr2015,gf_expenditures,375,1076,Total Expenditures,2013,64498719
acfr2015,gf_expenditures,375,1076,Total Expenditures,2014,67705878
acfr2015,gf_expenditures,375,1076,Total Expenditures,2015,70196875
acfr2015,gf_expenditures,375,1077,Transfers: General Debt Service Fund: 099 Debt Service,2006,4281010
acfr2015,gf_expenditures,375,1077,Transfers: General Debt Service Fund: 099 Debt Service,2007,4024185
acfr2015,gf_expenditures,375,1077,Transfers: General Debt Service Fund: 099 Debt Service,2008,5212167
acfr2015,gf_expenditures,375,1077,Transfers: General Debt Service Fund: 099 Debt Service,2009,1413106
acfr2015,gf_expenditures,375,1077,Transfers: General Debt Service Fund: 099 Debt Service,2010,2967596
acfr2015,gf_expenditures,375,1077,Transfers: General Debt Service Fund: 099 Debt Service,2011,3556440
acfr2015,gf_expenditures,375,1077,Transfers: General Debt Service Fund: 099 Debt Service,2012,2360504
acfr2015,gf_expenditures,375,1077,Transfers: General Debt Service Fund: 099 Debt Service,2013,5141650
acfr2015,gf_expenditures,375,1077,Transfers: General Debt Service Fund: 099 Debt Service,2014,1564829
acfr2015,gf_expenditures,375,1077,Transfers: General Debt Service Fund: 099 Debt Service,2015,5060959
acfr2015,gf_expenditures,375,1078,Nonmajor Debt Service Funds: 099 Debt Service—Hudson 344 Yards Infrastructure Corporation,2006,0
acfr2015,gf_expenditures,375,1078,Nonmajor Debt Service Funds: 099 Debt Service—Hudson 344 Yards Infrastructure Corporation,2007,0
acfr2015,gf_expenditures,375,1078,Nonmajor Debt Service Funds: 099 Debt Service—Hudson 344 Yards Infrastructure Corporation,2008,0
acfr2015,gf_expenditures,375,1078,Nonmajor Debt Service Funds: 099 Debt Service—Hudson 344 Yards Infrastructure Corporation,2009,15000
acfr2015,gf_expenditures,375,1078,Nonmajor Debt Service Funds: 099 Debt Service—Hudson 344 Yards Infrastructure Corporation,2010,13319
acfr2015,gf_expenditures,375,1078,Nonmajor Debt Service Funds: 099 Debt Service—Hudson 344 Yards Infrastructure Corporation,2011,68604
acfr2015,gf_expenditures,375,1078,Nonmajor Debt Service Funds: 099 Debt Service—Hudson 344 Yards Infrastructure Corporation,2012,262622
acfr2015,gf_expenditures,375,1078,Nonmajor Debt Service Funds: 099 Debt Service—Hudson 344 Yards Infrastructure Corporation,2013,32648
acfr2015,gf_expenditures,375,1078,Nonmajor Debt Service Funds: 099 Debt Service—Hudson 344 Yards Infrastructure Corporation,2014,76684
acfr2015,gf_expenditures,375,1078,Nonmajor Debt Service Funds: 099 Debt Service—Hudson 344 Yards Infrastructure Corporation,2015,76610
acfr2015,gf_expenditures,375,1079,100 MAC Debt Service Funding,2006,10000
acfr2015,gf_expenditures,375,1079,100 MAC Debt Service Funding,2007,10000
acfr2015,gf_expenditures,375,1079,100 MAC Debt Service Funding,2008,2750
acfr2015,gf_expenditures,375,1079,100 MAC Debt Service Funding,2009,0
acfr2015,gf_expenditures,375,1079,100 MAC Debt Service Funding,2010,0
acfr2015,gf_expenditures,375,1079,100 MAC Debt Service Funding,2011,0
acfr2015,gf_expenditures,375,1079,100 MAC Debt Service Funding,2012,0
acfr2015,gf_expenditures,375,1079,100 MAC Debt Service Funding,2013,0
acfr2015,gf_expenditures,375,1079,100 MAC Debt Service Funding,2014,0
acfr2015,gf_expenditures,375,1079,100 MAC Debt Service Funding,2015,0
acfr2015,gf_expenditures,375,1080,Miscellaneous—Building Aid Revenue Bonds,2006,0
acfr2015,gf_expenditures,375,1080,Miscellaneous—Building Aid Revenue Bonds,2007,1326388
acfr2015,gf_expenditures,375,1080,Miscellaneous—Building Aid Revenue Bonds,2008,758795
acfr2015,gf_expenditures,375,1080,Miscellaneous—Building Aid Revenue Bonds,2009,872456
acfr2015,gf_expenditures,375,1080,Miscellaneous—Building Aid Revenue Bonds,2010,750798
acfr2015,gf_expenditures,375,1080,Miscellaneous—Building Aid Revenue Bonds,2011,1206050
acfr2015,gf_expenditures,375,1080,Miscellaneous—Building Aid Revenue Bonds,2012,1087584
acfr2015,gf_expenditures,375,1080,Miscellaneous—Building Aid Revenue Bonds,2013,344576
acfr2015,gf_expenditures,375,1080,Miscellaneous—Building Aid Revenue Bonds,2014,1886776
acfr2015,gf_expenditures,375,1080,Miscellaneous—Building Aid Revenue Bonds,2015,638095
acfr2015,gf_expenditures,375,1081,Miscellaneous—Future Tax Secured,2006,0
acfr2015,gf_expenditures,375,1081,Miscellaneous—Future Tax Secured,2007,0
acfr2015,gf_expenditures,375,1081,Miscellaneous—Future Tax Secured,2008,0
acfr2015,gf_expenditures,375,1081,Miscellaneous—Future Tax Secured,2009,0
acfr2015,gf_expenditures,375,1081,Miscellaneous—Future Tax Secured,2010,190645
acfr2015,gf_expenditures,375,1081,Miscellaneous—Future Tax Secured,2011,695044
acfr2015,gf_expenditures,375,1081,Miscellaneous—Future Tax Secured,2012,616864
acfr2015,gf_expenditures,375,1081,Miscellaneous—Future Tax Secured,2013,1006451
acfr2015,gf_expenditures,375,1081,Miscellaneous—Future Tax Secured,2014,1641311
acfr2015,gf_expenditures,375,1081,Miscellaneous—Future Tax Secured,2015,2057670
acfr2015,gf_expenditures,375,1082,Total Transfers to Nonmajor Debt Service Funds,2006,10000
acfr2015,gf_expenditures,375,1082,Total Transfers to Nonmajor Debt Service Funds,2007,1336388
acfr2015,gf_expenditures,375,1082,Total Transfers to Nonmajor Debt Service Funds,2008,761545
acfr2015,gf_expenditures,375,1082,Total Transfers to Nonmajor Debt Service Funds,2009,887456
acfr2015,gf_expenditures,375,1082,Total Transfers to Nonmajor Debt Service Funds,2010,954762
acfr2015,gf_expenditures,375,1082,Total Transfers to Nonmajor Debt Service Funds,2011,1969698
acfr2015,gf_expenditures,375,1082,Total Transfers to Nonmajor Debt Service Funds,2012,1967070
acfr2015,gf_expenditures,375,1082,Total Transfers to Nonmajor Debt Service Funds,2013,1383675
acfr2015,gf_expenditures,375,1082,Total Transfers to Nonmajor Debt Service Funds,2014,3604771
acfr2015,gf_expenditures,375,1082,Total Transfers to Nonmajor Debt Service Funds,2015,2772375
acfr2015,gf_expenditures,376,1083,Transfers: (cont.) Miscellaneous—Payments to New York City Capital Projects Fund,2006,200000
acfr2015,gf_expenditures,376,1083,Transfers: (cont.) Miscellaneous—Payments to New York City Capital Projects Fund,2007,300000
acfr2015,gf_expenditures,376,1083,Transfers: (cont.) Miscellaneous—Payments to New York City Capital Projects Fund,2008,0
acfr2015,gf_expenditures,376,1083,Transfers: (cont.) Miscellaneous—Payments to New York City Capital Projects Fund,2009,0
acfr2015,gf_expenditures,376,1083,Transfers: (cont.) Miscellaneous—Payments to New York City Capital Projects Fund,2010,0
acfr2015,gf_expenditures,376,1083,Transfers: (cont.) Miscellaneous—Payments to New York City Capital Projects Fund,2011,0
acfr2015,gf_expenditures,376,1083,Transfers: (cont.) Miscellaneous—Payments to New York City Capital Projects Fund,2012,0
acfr2015,gf_expenditures,376,1083,Transfers: (cont.) Miscellaneous—Payments to New York City Capital Projects Fund,2013,0
acfr2015,gf_expenditures,376,1083,Transfers: (cont.) Miscellaneous—Payments to New York City Capital Projects Fund,2014,0
acfr2015,gf_expenditures,376,1083,Transfers: (cont.) Miscellaneous—Payments to New York City Capital Projects Fund,2015,0
acfr2015,gf_expenditures,376,1084,Total Transfers,2006,4491010
acfr2015,gf_expenditures,376,1084,Total Transfers,2007,5660573
acfr2015,gf_expenditures,376,1084,Total Transfers,2008,5973712
acfr2015,gf_expenditures,376,1084,Total Transfers,2009,2300562
acfr2015,gf_expenditures,376,1084,Total Transfers,2010,3922358
acfr2015,gf_expenditures,376,1084,Total Transfers,2011,5526138
acfr2015,gf_expenditures,376,1084,Total Transfers,2012,4327574
acfr2015,gf_expenditures,376,1084,Total Transfers,2013,6525325
acfr2015,gf_expenditures,376,1084,Total Transfers,2014,5169600
acfr2015,gf_expenditures,376,1084,Total Transfers,2015,7833334
acfr2015,gf_expenditures,376,1085,Total Expenditures and Other Financing Uses,2006,53999075
acfr2015,gf_expenditures,376,1085,Total Expenditures and Other Financing Uses,2007,58768155
acfr2015,gf_expenditures,376,1085,Total Expenditures and Other Financing Uses,2008,61970514
acfr2015,gf_expenditures,376,1085,Total Expenditures and Other Financing Uses,2009,60166461
acfr2015,gf_expenditures,376,1085,Total Expenditures and Other Financing Uses,2010,62808173
acfr2015,gf_expenditures,376,1085,Total Expenditures and Other Financing Uses,2011,65314775
acfr2015,gf_expenditures,376,1085,Total Expenditures and Other Financing Uses,2012,66976653
acfr2015,gf_expenditures,376,1085,Total Expenditures and Other Financing Uses,2013,71024044
acfr2015,gf_expenditures,376,1085,Total Expenditures and Other Financing Uses,2014,72875478
acfr2015,gf_expenditures,376,1085,Total Expenditures and Other Financing Uses,2015,78030209
acfr2005,gf_expenditures,284,1086,General Government: 002 Mayoralty,1996,78109
acfr2005,gf_expenditures,284,1086,General Government: 002 Mayoralty,1997,74298
acfr2005,gf_expenditures,284,1086,General Government: 002 Mayoralty,1998,74225
acfr2005,gf_expenditures,284,1086,General Government: 002 Mayoralty,1999,76733
acfr2005,gf_expenditures,284,1086,General Government: 002 Mayoralty,2000,85639
acfr2005,gf_expenditures,284,1086,General Government: 002 Mayoralty,2001,83430
acfr2005,gf_expenditures,284,1086,General Government: 002 Mayoralty,2002,103985
acfr2005,gf_expenditures,284,1086,General Government: 002 Mayoralty,2003,88476
acfr2005,gf_expenditures,284,1086,General Government: 002 Mayoralty,2004,66443
acfr2005,gf_expenditures,284,1086,General Government: 002 Mayoralty,2005,67071
acfr2005,gf_expenditures,284,1087,003 Board of Elections,1996,32994
acfr2005,gf_expenditures,284,1087,003 Board of Elections,1997,30760
acfr2005,gf_expenditures,284,1087,003 Board of Elections,1998,36662
acfr2005,gf_expenditures,284,1087,003 Board of Elections,1999,44222
acfr2005,gf_expenditures,284,1087,003 Board of Elections,2000,44229
acfr2005,gf_expenditures,284,1087,003 Board of Elections,2001,44161
acfr2005,gf_expenditures,284,1087,003 Board of Elections,2002,67481
acfr2005,gf_expenditures,284,1087,003 Board of Elections,2003,54222
acfr2005,gf_expenditures,284,1087,003 Board of Elections,2004,68007
acfr2005,gf_expenditures,284,1087,003 Board of Elections,2005,59788
acfr2005,gf_expenditures,284,1088,004 Campaign Finance Board,1996,2461
acfr2005,gf_expenditures,284,1088,004 Campaign Finance Board,1997,3585
acfr2005,gf_expenditures,284,1088,004 Campaign Finance Board,1998,13830
acfr2005,gf_expenditures,284,1088,004 Campaign Finance Board,1999,2809
acfr2005,gf_expenditures,284,1088,004 Campaign Finance Board,2000,4989
acfr2005,gf_expenditures,284,1088,004 Campaign Finance Board,2001,6185
acfr2005,gf_expenditures,284,1088,004 Campaign Finance Board,2002,48500
acfr2005,gf_expenditures,284,1088,004 Campaign Finance Board,2003,7245
acfr2005,gf_expenditures,284,1088,004 Campaign Finance Board,2004,14196
acfr2005,gf_expenditures,284,1088,004 Campaign Finance Board,2005,5357
acfr2005,gf_expenditures,284,1089,008 Office of the Actuary,1996,2107
acfr2005,gf_expenditures,284,1089,008 Office of the Actuary,1997,1996
acfr2005,gf_expenditures,284,1089,008 Office of the Actuary,1998,2358
acfr2005,gf_expenditures,284,1089,008 Office of the Actuary,1999,2458
acfr2005,gf_expenditures,284,1089,008 Office of the Actuary,2000,2858
acfr2005,gf_expenditures,284,1089,008 Office of the Actuary,2001,3100
acfr2005,gf_expenditures,284,1089,008 Office of the Actuary,2002,3149
acfr2005,gf_expenditures,284,1089,008 Office of the Actuary,2003,3229
acfr2005,gf_expenditures,284,1089,008 Office of the Actuary,2004,3529
acfr2005,gf_expenditures,284,1089,008 Office of the Actuary,2005,4116
acfr2005,gf_expenditures,284,1090,009 New York City Employees’ Retirement System,1996,8107
acfr2005,gf_expenditures,284,1090,009 New York City Employees’ Retirement System,1997,0
acfr2005,gf_expenditures,284,1090,009 New York City Employees’ Retirement System,1998,0
acfr2005,gf_expenditures,284,1090,009 New York City Employees’ Retirement System,1999,0
acfr2005,gf_expenditures,284,1090,009 New York City Employees’ Retirement System,2000,0
acfr2005,gf_expenditures,284,1090,009 New York City Employees’ Retirement System,2001,0
acfr2005,gf_expenditures,284,1090,009 New York City Employees’ Retirement System,2002,0
acfr2005,gf_expenditures,284,1090,009 New York City Employees’ Retirement System,2003,0
acfr2005,gf_expenditures,284,1090,009 New York City Employees’ Retirement System,2004,0
acfr2005,gf_expenditures,284,1090,009 New York City Employees’ Retirement System,2005,0
acfr2005,gf_expenditures,284,1091,010 Borough President— Manhattan,1996,4920
acfr2005,gf_expenditures,284,1091,010 Borough President— Manhattan,1997,4741
acfr2005,gf_expenditures,284,1091,010 Borough President— Manhattan,1998,5169
acfr2005,gf_expenditures,284,1091,010 Borough President— Manhattan,1999,5181
acfr2005,gf_expenditures,284,1091,010 Borough President— Manhattan,2000,5244
acfr2005,gf_expenditures,284,1091,010 Borough President— Manhattan,2001,5230
acfr2005,gf_expenditures,284,1091,010 Borough President— Manhattan,2002,5027
acfr2005,gf_expenditures,284,1091,010 Borough President— Manhattan,2003,3861
acfr2005,gf_expenditures,284,1091,010 Borough President— Manhattan,2004,3717
acfr2005,gf_expenditures,284,1091,010 Borough President— Manhattan,2005,3889
acfr2005,gf_expenditures,284,1092,011 Borough President— Bronx,1996,6444
acfr2005,gf_expenditures,284,1092,011 Borough President— Bronx,1997,6798
acfr2005,gf_expenditures,284,1092,011 Borough President— Bronx,1998,6829
acfr2005,gf_expenditures,284,1092,011 Borough President— Bronx,1999,6942
acfr2005,gf_expenditures,284,1092,011 Borough President— Bronx,2000,7104
acfr2005,gf_expenditures,284,1092,011 Borough President— Bronx,2001,7378
acfr2005,gf_expenditures,284,1092,011 Borough President— Bronx,2002,6945
acfr2005,gf_expenditures,284,1092,011 Borough President— Bronx,2003,5344
acfr2005,gf_expenditures,284,1092,011 Borough President— Bronx,2004,5078
acfr2005,gf_expenditures,284,1092,011 Borough President— Bronx,2005,5338
acfr2005,gf_expenditures,284,1093,012 Borough President— Brooklyn,1996,5039
acfr2005,gf_expenditures,284,1093,012 Borough President— Brooklyn,1997,5025
acfr2005,gf_expenditures,284,1093,012 Borough President— Brooklyn,1998,5204
acfr2005,gf_expenditures,284,1093,012 Borough President— Brooklyn,1999,6015
acfr2005,gf_expenditures,284,1093,012 Borough President— Brooklyn,2000,7549
acfr2005,gf_expenditures,284,1093,012 Borough President— Brooklyn,2001,6861
acfr2005,gf_expenditures,284,1093,012 Borough President— Brooklyn,2002,6065
acfr2005,gf_expenditures,284,1093,012 Borough President— Brooklyn,2003,5073
acfr2005,gf_expenditures,284,1093,012 Borough President— Brooklyn,2004,4807
acfr2005,gf_expenditures,284,1093,012 Borough President— Brooklyn,2005,5136
acfr2005,gf_expenditures,284,1094,013 Borough President— 257 Queens,1996,5579
acfr2005,gf_expenditures,284,1094,013 Borough President— 257 Queens,1997,5658
acfr2005,gf_expenditures,284,1094,013 Borough President— 257 Queens,1998,5927
acfr2005,gf_expenditures,284,1094,013 Borough President— 257 Queens,1999,5864
acfr2005,gf_expenditures,284,1094,013 Borough President— 257 Queens,2000,6831
acfr2005,gf_expenditures,284,1094,013 Borough President— 257 Queens,2001,6682
acfr2005,gf_expenditures,284,1094,013 Borough President— 257 Queens,2002,6290
acfr2005,gf_expenditures,284,1094,013 Borough President— 257 Queens,2003,4817
acfr2005,gf_expenditures,284,1094,013 Borough President— 257 Queens,2004,4817
acfr2005,gf_expenditures,284,1094,013 Borough President— 257 Queens,2005,4889
acfr2005,gf_expenditures,284,1095,014 Borough President— Staten Island,1996,4853
acfr2005,gf_expenditures,284,1095,014 Borough President— Staten Island,1997,4781
acfr2005,gf_expenditures,284,1095,014 Borough President— Staten Island,1998,4822
acfr2005,gf_expenditures,284,1095,014 Borough President— Staten Island,1999,4727
acfr2005,gf_expenditures,284,1095,014 Borough President— Staten Island,2000,4822
acfr2005,gf_expenditures,284,1095,014 Borough President— Staten Island,2001,4986
acfr2005,gf_expenditures,284,1095,014 Borough President— Staten Island,2002,4788
acfr2005,gf_expenditures,284,1095,014 Borough President— Staten Island,2003,3703
acfr2005,gf_expenditures,284,1095,014 Borough President— Staten Island,2004,3764
acfr2005,gf_expenditures,284,1095,014 Borough President— Staten Island,2005,3882
acfr2005,gf_expenditures,284,1096,015 Office of the Comptroller,1996,80476
acfr2005,gf_expenditures,284,1096,015 Office of the Comptroller,1997,45287
acfr2005,gf_expenditures,284,1096,015 Office of the Comptroller,1998,39149
acfr2005,gf_expenditures,284,1096,015 Office of the Comptroller,1999,49570
acfr2005,gf_expenditures,284,1096,015 Office of the Comptroller,2000,53390
acfr2005,gf_expenditures,284,1096,015 Office of the Comptroller,2001,52620
acfr2005,gf_expenditures,284,1096,015 Office of the Comptroller,2002,50559
acfr2005,gf_expenditures,284,1096,015 Office of the Comptroller,2003,51530
acfr2005,gf_expenditures,284,1096,015 Office of the Comptroller,2004,50175
acfr2005,gf_expenditures,284,1096,015 Office of the Comptroller,2005,51263
acfr2005,gf_expenditures,284,1097,021 Tax Commission,1996,1714
acfr2005,gf_expenditures,284,1097,021 Tax Commission,1997,1647
acfr2005,gf_expenditures,284,1097,021 Tax Commission,1998,1646
acfr2005,gf_expenditures,284,1097,021 Tax Commission,1999,1855
acfr2005,gf_expenditures,284,1097,021 Tax Commission,2000,1972
acfr2005,gf_expenditures,284,1097,021 Tax Commission,2001,2129
acfr2005,gf_expenditures,284,1097,021 Tax Commission,2002,1959
acfr2005,gf_expenditures,284,1097,021 Tax Commission,2003,1879
acfr2005,gf_expenditures,284,1097,021 Tax Commission,2004,1956
acfr2005,gf_expenditures,284,1097,021 Tax Commission,2005,2319
acfr2005,gf_expenditures,284,1098,025 Law Department,1996,64293
acfr2005,gf_expenditures,284,1098,025 Law Department,1997,67802
acfr2005,gf_expenditures,284,1098,025 Law Department,1998,72382
acfr2005,gf_expenditures,284,1098,025 Law Department,1999,82327
acfr2005,gf_expenditures,284,1098,025 Law Department,2000,88210
acfr2005,gf_expenditures,284,1098,025 Law Department,2001,92955
acfr2005,gf_expenditures,284,1098,025 Law Department,2002,91212
acfr2005,gf_expenditures,284,1098,025 Law Department,2003,98064
acfr2005,gf_expenditures,284,1098,025 Law Department,2004,103890
acfr2005,gf_expenditures,284,1098,025 Law Department,2005,113928
acfr2005,gf_expenditures,284,1099,029 New York City Gambling Control Commission,1996,0
acfr2005,gf_expenditures,284,1099,029 New York City Gambling Control Commission,1997,0
acfr2005,gf_expenditures,284,1099,029 New York City Gambling Control Commission,1998,738
acfr2005,gf_expenditures,284,1099,029 New York City Gambling Control Commission,1999,0
acfr2005,gf_expenditures,284,1099,029 New York City Gambling Control Commission,2000,0
acfr2005,gf_expenditures,284,1099,029 New York City Gambling Control Commission,2001,0
acfr2005,gf_expenditures,284,1099,029 New York City Gambling Control Commission,2002,0
acfr2005,gf_expenditures,284,1099,029 New York City Gambling Control Commission,2003,0
acfr2005,gf_expenditures,284,1099,029 New York City Gambling Control Commission,2004,0
acfr2005,gf_expenditures,284,1099,029 New York City Gambling Control Commission,2005,0
acfr2005,gf_expenditures,284,1100,030 Department of City Planning,1996,16298
acfr2005,gf_expenditures,284,1100,030 Department of City Planning,1997,15517
acfr2005,gf_expenditures,284,1100,030 Department of City Planning,1998,15533
acfr2005,gf_expenditures,284,1100,030 Department of City Planning,1999,15901
acfr2005,gf_expenditures,284,1100,030 Department of City Planning,2000,17569
acfr2005,gf_expenditures,284,1100,030 Department of City Planning,2001,18407
acfr2005,gf_expenditures,284,1100,030 Department of City Planning,2002,18731
acfr2005,gf_expenditures,284,1100,030 Department of City Planning,2003,19191
acfr2005,gf_expenditures,284,1100,030 Department of City Planning,2004,19446
acfr2005,gf_expenditures,284,1100,030 Department of City Planning,2005,20932
acfr2005,gf_expenditures,284,1101,031 Department of Personnel,1996,27645
acfr2005,gf_expenditures,284,1101,031 Department of Personnel,1997,0
acfr2005,gf_expenditures,284,1101,031 Department of Personnel,1998,0
acfr2005,gf_expenditures,284,1101,031 Department of Personnel,1999,0
acfr2005,gf_expenditures,284,1101,031 Department of Personnel,2000,0
acfr2005,gf_expenditures,284,1101,031 Department of Personnel,2001,0
acfr2005,gf_expenditures,284,1101,031 Department of Personnel,2002,0
acfr2005,gf_expenditures,284,1101,031 Department of Personnel,2003,0
acfr2005,gf_expenditures,284,1101,031 Department of Personnel,2004,0
acfr2005,gf_expenditures,284,1101,031 Department of Personnel,2005,0
acfr2005,gf_expenditures,284,1102,032 Department of Investigation,1996,17231
acfr2005,gf_expenditures,284,1102,032 Department of Investigation,1997,14152
acfr2005,gf_expenditures,284,1102,032 Department of Investigation,1998,15963
acfr2005,gf_expenditures,284,1102,032 Department of Investigation,1999,17145
acfr2005,gf_expenditures,284,1102,032 Department of Investigation,2000,18794
acfr2005,gf_expenditures,284,1102,032 Department of Investigation,2001,20776
acfr2005,gf_expenditures,284,1102,032 Department of Investigation,2002,20862
acfr2005,gf_expenditures,284,1102,032 Department of Investigation,2003,18686
acfr2005,gf_expenditures,284,1102,032 Department of Investigation,2004,16771
acfr2005,gf_expenditures,284,1102,032 Department of Investigation,2005,16614
acfr2005,gf_expenditures,284,1103,041 Teachers’ Retirement System,1996,5682
acfr2005,gf_expenditures,284,1103,041 Teachers’ Retirement System,1997,0
acfr2005,gf_expenditures,284,1103,041 Teachers’ Retirement System,1998,0
acfr2005,gf_expenditures,284,1103,041 Teachers’ Retirement System,1999,0
acfr2005,gf_expenditures,284,1103,041 Teachers’ Retirement System,2000,0
acfr2005,gf_expenditures,284,1103,041 Teachers’ Retirement System,2001,0
acfr2005,gf_expenditures,284,1103,041 Teachers’ Retirement System,2002,0
acfr2005,gf_expenditures,284,1103,041 Teachers’ Retirement System,2003,0
acfr2005,gf_expenditures,284,1103,041 Teachers’ Retirement System,2004,0
acfr2005,gf_expenditures,284,1103,041 Teachers’ Retirement System,2005,0
acfr2005,gf_expenditures,284,1104,101 Public Advocate,1996,2355
acfr2005,gf_expenditures,284,1104,101 Public Advocate,1997,2459
acfr2005,gf_expenditures,284,1104,101 Public Advocate,1998,2565
acfr2005,gf_expenditures,284,1104,101 Public Advocate,1999,2534
acfr2005,gf_expenditures,284,1104,101 Public Advocate,2000,2630
acfr2005,gf_expenditures,284,1104,101 Public Advocate,2001,2668
acfr2005,gf_expenditures,284,1104,101 Public Advocate,2002,2822
acfr2005,gf_expenditures,284,1104,101 Public Advocate,2003,1852
acfr2005,gf_expenditures,284,1104,101 Public Advocate,2004,2063
acfr2005,gf_expenditures,284,1104,101 Public Advocate,2005,3110
acfr2005,gf_expenditures,284,1105,102 City Council,1996,31388
acfr2005,gf_expenditures,284,1105,102 City Council,1997,31569
acfr2005,gf_expenditures,284,1105,102 City Council,1998,32367
acfr2005,gf_expenditures,284,1105,102 City Council,1999,34533
acfr2005,gf_expenditures,284,1105,102 City Council,2000,39163
acfr2005,gf_expenditures,284,1105,102 City Council,2001,44375
acfr2005,gf_expenditures,284,1105,102 City Council,2002,47103
acfr2005,gf_expenditures,284,1105,102 City Council,2003,43916
acfr2005,gf_expenditures,284,1105,102 City Council,2004,45268
acfr2005,gf_expenditures,284,1105,102 City Council,2005,46327
acfr2005,gf_expenditures,284,1106,103 City Clerk,1996,1962
acfr2005,gf_expenditures,284,1106,103 City Clerk,1997,2096
acfr2005,gf_expenditures,284,1106,103 City Clerk,1998,2353
acfr2005,gf_expenditures,284,1106,103 City Clerk,1999,2312
acfr2005,gf_expenditures,284,1106,103 City Clerk,2000,2443
acfr2005,gf_expenditures,284,1106,103 City Clerk,2001,2612
acfr2005,gf_expenditures,284,1106,103 City Clerk,2002,2710
acfr2005,gf_expenditures,284,1106,103 City Clerk,2003,2586
acfr2005,gf_expenditures,284,1106,103 City Clerk,2004,2998
acfr2005,gf_expenditures,284,1106,103 City Clerk,2005,3020
acfr2005,gf_expenditures,284,1107,127 Financial Information Services Agency,1996,20380
acfr2005,gf_expenditures,284,1107,127 Financial Information Services Agency,1997,20712
acfr2005,gf_expenditures,284,1107,127 Financial Information Services Agency,1998,20653
acfr2005,gf_expenditures,284,1107,127 Financial Information Services Agency,1999,23970
acfr2005,gf_expenditures,284,1107,127 Financial Information Services Agency,2000,24893
acfr2005,gf_expenditures,284,1107,127 Financial Information Services Agency,2001,24246
acfr2005,gf_expenditures,284,1107,127 Financial Information Services Agency,2002,25585
acfr2005,gf_expenditures,284,1107,127 Financial Information Services Agency,2003,24429
acfr2005,gf_expenditures,284,1107,127 Financial Information Services Agency,2004,29331
acfr2005,gf_expenditures,284,1107,127 Financial Information Services Agency,2005,31100
acfr2005,gf_expenditures,285,1108,General Government: (cont.) 131 Office of Payroll Administration,1996,5657
acfr2005,gf_expenditures,285,1108,General Government: (cont.) 131 Office of Payroll Administration,1997,4885
acfr2005,gf_expenditures,285,1108,General Government: (cont.) 131 Office of Payroll Administration,1998,5094
acfr2005,gf_expenditures,285,1108,General Government: (cont.) 131 Office of Payroll Administration,1999,4946
acfr2005,gf_expenditures,285,1108,General Government: (cont.) 131 Office of Payroll Administration,2000,5622
acfr2005,gf_expenditures,285,1108,General Government: (cont.) 131 Office of Payroll Administration,2001,6275
acfr2005,gf_expenditures,285,1108,General Government: (cont.) 131 Office of Payroll Administration,2002,5900
acfr2005,gf_expenditures,285,1108,General Government: (cont.) 131 Office of Payroll Administration,2003,5812
acfr2005,gf_expenditures,285,1108,General Government: (cont.) 131 Office of Payroll Administration,2004,6199
acfr2005,gf_expenditures,285,1108,General Government: (cont.) 131 Office of Payroll Administration,2005,8198
acfr2005,gf_expenditures,285,1109,132 Independent Budget Office,1996,434
acfr2005,gf_expenditures,285,1109,132 Independent Budget Office,1997,2361
acfr2005,gf_expenditures,285,1109,132 Independent Budget Office,1998,2330
acfr2005,gf_expenditures,285,1109,132 Independent Budget Office,1999,2367
acfr2005,gf_expenditures,285,1109,132 Independent Budget Office,2000,2480
acfr2005,gf_expenditures,285,1109,132 Independent Budget Office,2001,2290
acfr2005,gf_expenditures,285,1109,132 Independent Budget Office,2002,2551
acfr2005,gf_expenditures,285,1109,132 Independent Budget Office,2003,2262
acfr2005,gf_expenditures,285,1109,132 Independent Budget Office,2004,2421
acfr2005,gf_expenditures,285,1109,132 Independent Budget Office,2005,2518
acfr2005,gf_expenditures,285,1110,133 Equal Employment Practices Commission,1996,405
acfr2005,gf_expenditures,285,1110,133 Equal Employment Practices Commission,1997,426
acfr2005,gf_expenditures,285,1110,133 Equal Employment Practices Commission,1998,445
acfr2005,gf_expenditures,285,1110,133 Equal Employment Practices Commission,1999,322
acfr2005,gf_expenditures,285,1110,133 Equal Employment Practices Commission,2000,426
acfr2005,gf_expenditures,285,1110,133 Equal Employment Practices Commission,2001,482
acfr2005,gf_expenditures,285,1110,133 Equal Employment Practices Commission,2002,327
acfr2005,gf_expenditures,285,1110,133 Equal Employment Practices Commission,2003,475
acfr2005,gf_expenditures,285,1110,133 Equal Employment Practices Commission,2004,477
acfr2005,gf_expenditures,285,1110,133 Equal Employment Practices Commission,2005,538
acfr2005,gf_expenditures,285,1111,134 Civil Service Commission,1996,294
acfr2005,gf_expenditures,285,1111,134 Civil Service Commission,1997,417
acfr2005,gf_expenditures,285,1111,134 Civil Service Commission,1998,486
acfr2005,gf_expenditures,285,1111,134 Civil Service Commission,1999,498
acfr2005,gf_expenditures,285,1111,134 Civil Service Commission,2000,448
acfr2005,gf_expenditures,285,1111,134 Civil Service Commission,2001,467
acfr2005,gf_expenditures,285,1111,134 Civil Service Commission,2002,471
acfr2005,gf_expenditures,285,1111,134 Civil Service Commission,2003,480
acfr2005,gf_expenditures,285,1111,134 Civil Service Commission,2004,461
acfr2005,gf_expenditures,285,1111,134 Civil Service Commission,2005,483
acfr2005,gf_expenditures,285,1112,136 Landmarks Preservation Commission,1996,2524
acfr2005,gf_expenditures,285,1112,136 Landmarks Preservation Commission,1997,2583
acfr2005,gf_expenditures,285,1112,136 Landmarks Preservation Commission,1998,2651
acfr2005,gf_expenditures,285,1112,136 Landmarks Preservation Commission,1999,2934
acfr2005,gf_expenditures,285,1112,136 Landmarks Preservation Commission,2000,3111
acfr2005,gf_expenditures,285,1112,136 Landmarks Preservation Commission,2001,3243
acfr2005,gf_expenditures,285,1112,136 Landmarks Preservation Commission,2002,3170
acfr2005,gf_expenditures,285,1112,136 Landmarks Preservation Commission,2003,3046
acfr2005,gf_expenditures,285,1112,136 Landmarks Preservation Commission,2004,3118
acfr2005,gf_expenditures,285,1112,136 Landmarks Preservation Commission,2005,3329
acfr2005,gf_expenditures,285,1113,138 Districting Commission,1996,0
acfr2005,gf_expenditures,285,1113,138 Districting Commission,1997,0
acfr2005,gf_expenditures,285,1113,138 Districting Commission,1998,0
acfr2005,gf_expenditures,285,1113,138 Districting Commission,1999,0
acfr2005,gf_expenditures,285,1113,138 Districting Commission,2000,0
acfr2005,gf_expenditures,285,1113,138 Districting Commission,2001,0
acfr2005,gf_expenditures,285,1113,138 Districting Commission,2002,0
acfr2005,gf_expenditures,285,1113,138 Districting Commission,2003,1660
acfr2005,gf_expenditures,285,1113,138 Districting Commission,2004,4
acfr2005,gf_expenditures,285,1113,138 Districting Commission,2005,0
acfr2005,gf_expenditures,285,1114,226 Commission on Human Rights,1996,7845
acfr2005,gf_expenditures,285,1114,226 Commission on Human Rights,1997,7076
acfr2005,gf_expenditures,285,1114,226 Commission on Human Rights,1998,6728
acfr2005,gf_expenditures,285,1114,226 Commission on Human Rights,1999,6535
acfr2005,gf_expenditures,285,1114,226 Commission on Human Rights,2000,7157
acfr2005,gf_expenditures,285,1114,226 Commission on Human Rights,2001,7179
acfr2005,gf_expenditures,285,1114,226 Commission on Human Rights,2002,7441
acfr2005,gf_expenditures,285,1114,226 Commission on Human Rights,2003,7756
acfr2005,gf_expenditures,285,1114,226 Commission on Human Rights,2004,7205
acfr2005,gf_expenditures,285,1114,226 Commission on Human Rights,2005,6671
acfr2005,gf_expenditures,285,1115,260 Department of Youth 258 and Community Development,1996,48454
acfr2005,gf_expenditures,285,1115,260 Department of Youth 258 and Community Development,1997,86396
acfr2005,gf_expenditures,285,1115,260 Department of Youth 258 and Community Development,1998,88406
acfr2005,gf_expenditures,285,1115,260 Department of Youth 258 and Community Development,1999,108441
acfr2005,gf_expenditures,285,1115,260 Department of Youth 258 and Community Development,2000,122406
acfr2005,gf_expenditures,285,1115,260 Department of Youth 258 and Community Development,2001,138577
acfr2005,gf_expenditures,285,1115,260 Department of Youth 258 and Community Development,2002,141385
acfr2005,gf_expenditures,285,1115,260 Department of Youth 258 and Community Development,2003,144023
acfr2005,gf_expenditures,285,1115,260 Department of Youth 258 and Community Development,2004,236383
acfr2005,gf_expenditures,285,1115,260 Department of Youth 258 and Community Development,2005,238021
acfr2005,gf_expenditures,285,1116,312 Conflicts of Interest Board,1996,934
acfr2005,gf_expenditures,285,1116,312 Conflicts of Interest Board,1997,902
acfr2005,gf_expenditures,285,1116,312 Conflicts of Interest Board,1998,1109
acfr2005,gf_expenditures,285,1116,312 Conflicts of Interest Board,1999,1290
acfr2005,gf_expenditures,285,1116,312 Conflicts of Interest Board,2000,1376
acfr2005,gf_expenditures,285,1116,312 Conflicts of Interest Board,2001,1595
acfr2005,gf_expenditures,285,1116,312 Conflicts of Interest Board,2002,1624
acfr2005,gf_expenditures,285,1116,312 Conflicts of Interest Board,2003,1546
acfr2005,gf_expenditures,285,1116,312 Conflicts of Interest Board,2004,1437
acfr2005,gf_expenditures,285,1116,312 Conflicts of Interest Board,2005,1414
acfr2005,gf_expenditures,285,1117,313 Office of Collective Bargaining,1996,1081
acfr2005,gf_expenditures,285,1117,313 Office of Collective Bargaining,1997,1138
acfr2005,gf_expenditures,285,1117,313 Office of Collective Bargaining,1998,1268
acfr2005,gf_expenditures,285,1117,313 Office of Collective Bargaining,1999,1254
acfr2005,gf_expenditures,285,1117,313 Office of Collective Bargaining,2000,1358
acfr2005,gf_expenditures,285,1117,313 Office of Collective Bargaining,2001,1419
acfr2005,gf_expenditures,285,1117,313 Office of Collective Bargaining,2002,1479
acfr2005,gf_expenditures,285,1117,313 Office of Collective Bargaining,2003,1545
acfr2005,gf_expenditures,285,1117,313 Office of Collective Bargaining,2004,1552
acfr2005,gf_expenditures,285,1117,313 Office of Collective Bargaining,2005,1611
acfr2005,gf_expenditures,285,1118,341 Manhattan Community Board #1,1996,128
acfr2005,gf_expenditures,285,1118,341 Manhattan Community Board #1,1997,130
acfr2005,gf_expenditures,285,1118,341 Manhattan Community Board #1,1998,155
acfr2005,gf_expenditures,285,1118,341 Manhattan Community Board #1,1999,158
acfr2005,gf_expenditures,285,1118,341 Manhattan Community Board #1,2000,167
acfr2005,gf_expenditures,285,1118,341 Manhattan Community Board #1,2001,188
acfr2005,gf_expenditures,285,1118,341 Manhattan Community Board #1,2002,173
acfr2005,gf_expenditures,285,1118,341 Manhattan Community Board #1,2003,173
acfr2005,gf_expenditures,285,1118,341 Manhattan Community Board #1,2004,175
acfr2005,gf_expenditures,285,1118,341 Manhattan Community Board #1,2005,186
acfr2005,gf_expenditures,285,1119,342 Manhattan Community Board #2,1996,122
acfr2005,gf_expenditures,285,1119,342 Manhattan Community Board #2,1997,138
acfr2005,gf_expenditures,285,1119,342 Manhattan Community Board #2,1998,160
acfr2005,gf_expenditures,285,1119,342 Manhattan Community Board #2,1999,162
acfr2005,gf_expenditures,285,1119,342 Manhattan Community Board #2,2000,162
acfr2005,gf_expenditures,285,1119,342 Manhattan Community Board #2,2001,189
acfr2005,gf_expenditures,285,1119,342 Manhattan Community Board #2,2002,229
acfr2005,gf_expenditures,285,1119,342 Manhattan Community Board #2,2003,215
acfr2005,gf_expenditures,285,1119,342 Manhattan Community Board #2,2004,226
acfr2005,gf_expenditures,285,1119,342 Manhattan Community Board #2,2005,260
acfr2005,gf_expenditures,285,1120,343 Manhattan Community Board #3,1996,129
acfr2005,gf_expenditures,285,1120,343 Manhattan Community Board #3,1997,130
acfr2005,gf_expenditures,285,1120,343 Manhattan Community Board #3,1998,148
acfr2005,gf_expenditures,285,1120,343 Manhattan Community Board #3,1999,149
acfr2005,gf_expenditures,285,1120,343 Manhattan Community Board #3,2000,162
acfr2005,gf_expenditures,285,1120,343 Manhattan Community Board #3,2001,173
acfr2005,gf_expenditures,285,1120,343 Manhattan Community Board #3,2002,177
acfr2005,gf_expenditures,285,1120,343 Manhattan Community Board #3,2003,178
acfr2005,gf_expenditures,285,1120,343 Manhattan Community Board #3,2004,189
acfr2005,gf_expenditures,285,1120,343 Manhattan Community Board #3,2005,180
acfr2005,gf_expenditures,285,1121,344 Manhattan Community Board #4,1996,153
acfr2005,gf_expenditures,285,1121,344 Manhattan Community Board #4,1997,155
acfr2005,gf_expenditures,285,1121,344 Manhattan Community Board #4,1998,184
acfr2005,gf_expenditures,285,1121,344 Manhattan Community Board #4,1999,186
acfr2005,gf_expenditures,285,1121,344 Manhattan Community Board #4,2000,176
acfr2005,gf_expenditures,285,1121,344 Manhattan Community Board #4,2001,204
acfr2005,gf_expenditures,285,1121,344 Manhattan Community Board #4,2002,201
acfr2005,gf_expenditures,285,1121,344 Manhattan Community Board #4,2003,202
acfr2005,gf_expenditures,285,1121,344 Manhattan Community Board #4,2004,211
acfr2005,gf_expenditures,285,1121,344 Manhattan Community Board #4,2005,216
acfr2005,gf_expenditures,285,1122,345 Manhattan Community Board #5,1996,159
acfr2005,gf_expenditures,285,1122,345 Manhattan Community Board #5,1997,158
acfr2005,gf_expenditures,285,1122,345 Manhattan Community Board #5,1998,150
acfr2005,gf_expenditures,285,1122,345 Manhattan Community Board #5,1999,187
acfr2005,gf_expenditures,285,1122,345 Manhattan Community Board #5,2000,194
acfr2005,gf_expenditures,285,1122,345 Manhattan Community Board #5,2001,199
acfr2005,gf_expenditures,285,1122,345 Manhattan Community Board #5,2002,205
acfr2005,gf_expenditures,285,1122,345 Manhattan Community Board #5,2003,208
acfr2005,gf_expenditures,285,1122,345 Manhattan Community Board #5,2004,211
acfr2005,gf_expenditures,285,1122,345 Manhattan Community Board #5,2005,216
acfr2005,gf_expenditures,285,1123,346 Manhattan Community Board #6,1996,135
acfr2005,gf_expenditures,285,1123,346 Manhattan Community Board #6,1997,137
acfr2005,gf_expenditures,285,1123,346 Manhattan Community Board #6,1998,158
acfr2005,gf_expenditures,285,1123,346 Manhattan Community Board #6,1999,163
acfr2005,gf_expenditures,285,1123,346 Manhattan Community Board #6,2000,169
acfr2005,gf_expenditures,285,1123,346 Manhattan Community Board #6,2001,179
acfr2005,gf_expenditures,285,1123,346 Manhattan Community Board #6,2002,236
acfr2005,gf_expenditures,285,1123,346 Manhattan Community Board #6,2003,240
acfr2005,gf_expenditures,285,1123,346 Manhattan Community Board #6,2004,229
acfr2005,gf_expenditures,285,1123,346 Manhattan Community Board #6,2005,266
acfr2005,gf_expenditures,286,1124,General Government: (cont.) 347 Manhattan Community Board #7,1996,133
acfr2005,gf_expenditures,286,1124,General Government: (cont.) 347 Manhattan Community Board #7,1997,133
acfr2005,gf_expenditures,286,1124,General Government: (cont.) 347 Manhattan Community Board #7,1998,151
acfr2005,gf_expenditures,286,1124,General Government: (cont.) 347 Manhattan Community Board #7,1999,163
acfr2005,gf_expenditures,286,1124,General Government: (cont.) 347 Manhattan Community Board #7,2000,189
acfr2005,gf_expenditures,286,1124,General Government: (cont.) 347 Manhattan Community Board #7,2001,167
acfr2005,gf_expenditures,286,1124,General Government: (cont.) 347 Manhattan Community Board #7,2002,179
acfr2005,gf_expenditures,286,1124,General Government: (cont.) 347 Manhattan Community Board #7,2003,175
acfr2005,gf_expenditures,286,1124,General Government: (cont.) 347 Manhattan Community Board #7,2004,168
acfr2005,gf_expenditures,286,1124,General Government: (cont.) 347 Manhattan Community Board #7,2005,201
acfr2005,gf_expenditures,286,1125,348 Manhattan Community Board #8,1996,144
acfr2005,gf_expenditures,286,1125,348 Manhattan Community Board #8,1997,144
acfr2005,gf_expenditures,286,1125,348 Manhattan Community Board #8,1998,163
acfr2005,gf_expenditures,286,1125,348 Manhattan Community Board #8,1999,199
acfr2005,gf_expenditures,286,1125,348 Manhattan Community Board #8,2000,244
acfr2005,gf_expenditures,286,1125,348 Manhattan Community Board #8,2001,258
acfr2005,gf_expenditures,286,1125,348 Manhattan Community Board #8,2002,252
acfr2005,gf_expenditures,286,1125,348 Manhattan Community Board #8,2003,252
acfr2005,gf_expenditures,286,1125,348 Manhattan Community Board #8,2004,269
acfr2005,gf_expenditures,286,1125,348 Manhattan Community Board #8,2005,279
acfr2005,gf_expenditures,286,1126,349 Manhattan Community Board #9,1996,130
acfr2005,gf_expenditures,286,1126,349 Manhattan Community Board #9,1997,123
acfr2005,gf_expenditures,286,1126,349 Manhattan Community Board #9,1998,152
acfr2005,gf_expenditures,286,1126,349 Manhattan Community Board #9,1999,153
acfr2005,gf_expenditures,286,1126,349 Manhattan Community Board #9,2000,157
acfr2005,gf_expenditures,286,1126,349 Manhattan Community Board #9,2001,186
acfr2005,gf_expenditures,286,1126,349 Manhattan Community Board #9,2002,187
acfr2005,gf_expenditures,286,1126,349 Manhattan Community Board #9,2003,182
acfr2005,gf_expenditures,286,1126,349 Manhattan Community Board #9,2004,189
acfr2005,gf_expenditures,286,1126,349 Manhattan Community Board #9,2005,197
acfr2005,gf_expenditures,286,1127,350 Manhattan Community Board #10,1996,147
acfr2005,gf_expenditures,286,1127,350 Manhattan Community Board #10,1997,145
acfr2005,gf_expenditures,286,1127,350 Manhattan Community Board #10,1998,165
acfr2005,gf_expenditures,286,1127,350 Manhattan Community Board #10,1999,138
acfr2005,gf_expenditures,286,1127,350 Manhattan Community Board #10,2000,174
acfr2005,gf_expenditures,286,1127,350 Manhattan Community Board #10,2001,164
acfr2005,gf_expenditures,286,1127,350 Manhattan Community Board #10,2002,214
acfr2005,gf_expenditures,286,1127,350 Manhattan Community Board #10,2003,213
acfr2005,gf_expenditures,286,1127,350 Manhattan Community Board #10,2004,217
acfr2005,gf_expenditures,286,1127,350 Manhattan Community Board #10,2005,228
acfr2005,gf_expenditures,286,1128,351 Manhattan Community Board #11,1996,126
acfr2005,gf_expenditures,286,1128,351 Manhattan Community Board #11,1997,125
acfr2005,gf_expenditures,286,1128,351 Manhattan Community Board #11,1998,148
acfr2005,gf_expenditures,286,1128,351 Manhattan Community Board #11,1999,137
acfr2005,gf_expenditures,286,1128,351 Manhattan Community Board #11,2000,167
acfr2005,gf_expenditures,286,1128,351 Manhattan Community Board #11,2001,133
acfr2005,gf_expenditures,286,1128,351 Manhattan Community Board #11,2002,149
acfr2005,gf_expenditures,286,1128,351 Manhattan Community Board #11,2003,180
acfr2005,gf_expenditures,286,1128,351 Manhattan Community Board #11,2004,182
acfr2005,gf_expenditures,286,1128,351 Manhattan Community Board #11,2005,189
acfr2005,gf_expenditures,286,1129,352 Manhattan Community Board #12,1996,120
acfr2005,gf_expenditures,286,1129,352 Manhattan Community Board #12,1997,128
acfr2005,gf_expenditures,286,1129,352 Manhattan Community Board #12,1998,150
acfr2005,gf_expenditures,286,1129,352 Manhattan Community Board #12,1999,107
acfr2005,gf_expenditures,286,1129,352 Manhattan Community Board #12,2000,145
acfr2005,gf_expenditures,286,1129,352 Manhattan Community Board #12,2001,171
acfr2005,gf_expenditures,286,1129,352 Manhattan Community Board #12,2002,141
acfr2005,gf_expenditures,286,1129,352 Manhattan Community Board #12,2003,169
acfr2005,gf_expenditures,286,1129,352 Manhattan Community Board #12,2004,140
acfr2005,gf_expenditures,286,1129,352 Manhattan Community Board #12,2005,153
acfr2005,gf_expenditures,286,1130,381 Bronx Community Board #1,1996,148
acfr2005,gf_expenditures,286,1130,381 Bronx Community Board #1,1997,129
acfr2005,gf_expenditures,286,1130,381 Bronx Community Board #1,1998,117
acfr2005,gf_expenditures,286,1130,381 Bronx Community Board #1,1999,136
acfr2005,gf_expenditures,286,1130,381 Bronx Community Board #1,2000,154
acfr2005,gf_expenditures,286,1130,381 Bronx Community Board #1,2001,172
acfr2005,gf_expenditures,286,1130,381 Bronx Community Board #1,2002,195
acfr2005,gf_expenditures,286,1130,381 Bronx Community Board #1,2003,188
acfr2005,gf_expenditures,286,1130,381 Bronx Community Board #1,2004,197
acfr2005,gf_expenditures,286,1130,381 Bronx Community Board #1,2005,201
acfr2005,gf_expenditures,286,1131,259 382 Bronx Community Board #2,1996,166
acfr2005,gf_expenditures,286,1131,259 382 Bronx Community Board #2,1997,168
acfr2005,gf_expenditures,286,1131,259 382 Bronx Community Board #2,1998,186
acfr2005,gf_expenditures,286,1131,259 382 Bronx Community Board #2,1999,186
acfr2005,gf_expenditures,286,1131,259 382 Bronx Community Board #2,2000,191
acfr2005,gf_expenditures,286,1131,259 382 Bronx Community Board #2,2001,199
acfr2005,gf_expenditures,286,1131,259 382 Bronx Community Board #2,2002,207
acfr2005,gf_expenditures,286,1131,259 382 Bronx Community Board #2,2003,211
acfr2005,gf_expenditures,286,1131,259 382 Bronx Community Board #2,2004,221
acfr2005,gf_expenditures,286,1131,259 382 Bronx Community Board #2,2005,216
acfr2005,gf_expenditures,286,1132,383 Bronx Community Board #3,1996,137
acfr2005,gf_expenditures,286,1132,383 Bronx Community Board #3,1997,141
acfr2005,gf_expenditures,286,1132,383 Bronx Community Board #3,1998,172
acfr2005,gf_expenditures,286,1132,383 Bronx Community Board #3,1999,173
acfr2005,gf_expenditures,286,1132,383 Bronx Community Board #3,2000,181
acfr2005,gf_expenditures,286,1132,383 Bronx Community Board #3,2001,193
acfr2005,gf_expenditures,286,1132,383 Bronx Community Board #3,2002,197
acfr2005,gf_expenditures,286,1132,383 Bronx Community Board #3,2003,195
acfr2005,gf_expenditures,286,1132,383 Bronx Community Board #3,2004,195
acfr2005,gf_expenditures,286,1132,383 Bronx Community Board #3,2005,199
acfr2005,gf_expenditures,286,1133,384 Bronx Community Board #4,1996,132
acfr2005,gf_expenditures,286,1133,384 Bronx Community Board #4,1997,143
acfr2005,gf_expenditures,286,1133,384 Bronx Community Board #4,1998,159
acfr2005,gf_expenditures,286,1133,384 Bronx Community Board #4,1999,164
acfr2005,gf_expenditures,286,1133,384 Bronx Community Board #4,2000,158
acfr2005,gf_expenditures,286,1133,384 Bronx Community Board #4,2001,176
acfr2005,gf_expenditures,286,1133,384 Bronx Community Board #4,2002,175
acfr2005,gf_expenditures,286,1133,384 Bronx Community Board #4,2003,178
acfr2005,gf_expenditures,286,1133,384 Bronx Community Board #4,2004,184
acfr2005,gf_expenditures,286,1133,384 Bronx Community Board #4,2005,191
acfr2005,gf_expenditures,286,1134,385 Bronx Community Board #5,1996,125
acfr2005,gf_expenditures,286,1134,385 Bronx Community Board #5,1997,115
acfr2005,gf_expenditures,286,1134,385 Bronx Community Board #5,1998,148
acfr2005,gf_expenditures,286,1134,385 Bronx Community Board #5,1999,154
acfr2005,gf_expenditures,286,1134,385 Bronx Community Board #5,2000,163
acfr2005,gf_expenditures,286,1134,385 Bronx Community Board #5,2001,171
acfr2005,gf_expenditures,286,1134,385 Bronx Community Board #5,2002,183
acfr2005,gf_expenditures,286,1134,385 Bronx Community Board #5,2003,175
acfr2005,gf_expenditures,286,1134,385 Bronx Community Board #5,2004,179
acfr2005,gf_expenditures,286,1134,385 Bronx Community Board #5,2005,185
acfr2005,gf_expenditures,286,1135,386 Bronx Community Board #6,1996,127
acfr2005,gf_expenditures,286,1135,386 Bronx Community Board #6,1997,128
acfr2005,gf_expenditures,286,1135,386 Bronx Community Board #6,1998,150
acfr2005,gf_expenditures,286,1135,386 Bronx Community Board #6,1999,156
acfr2005,gf_expenditures,286,1135,386 Bronx Community Board #6,2000,160
acfr2005,gf_expenditures,286,1135,386 Bronx Community Board #6,2001,166
acfr2005,gf_expenditures,286,1135,386 Bronx Community Board #6,2002,152
acfr2005,gf_expenditures,286,1135,386 Bronx Community Board #6,2003,167
acfr2005,gf_expenditures,286,1135,386 Bronx Community Board #6,2004,178
acfr2005,gf_expenditures,286,1135,386 Bronx Community Board #6,2005,182
acfr2005,gf_expenditures,286,1136,387 Bronx Community Board #7,1996,167
acfr2005,gf_expenditures,286,1136,387 Bronx Community Board #7,1997,145
acfr2005,gf_expenditures,286,1136,387 Bronx Community Board #7,1998,152
acfr2005,gf_expenditures,286,1136,387 Bronx Community Board #7,1999,168
acfr2005,gf_expenditures,286,1136,387 Bronx Community Board #7,2000,172
acfr2005,gf_expenditures,286,1136,387 Bronx Community Board #7,2001,220
acfr2005,gf_expenditures,286,1136,387 Bronx Community Board #7,2002,189
acfr2005,gf_expenditures,286,1136,387 Bronx Community Board #7,2003,200
acfr2005,gf_expenditures,286,1136,387 Bronx Community Board #7,2004,199
acfr2005,gf_expenditures,286,1136,387 Bronx Community Board #7,2005,193
acfr2005,gf_expenditures,286,1137,388 Bronx Community Board #8,1996,150
acfr2005,gf_expenditures,286,1137,388 Bronx Community Board #8,1997,146
acfr2005,gf_expenditures,286,1137,388 Bronx Community Board #8,1998,197
acfr2005,gf_expenditures,286,1137,388 Bronx Community Board #8,1999,196
acfr2005,gf_expenditures,286,1137,388 Bronx Community Board #8,2000,216
acfr2005,gf_expenditures,286,1137,388 Bronx Community Board #8,2001,191
acfr2005,gf_expenditures,286,1137,388 Bronx Community Board #8,2002,194
acfr2005,gf_expenditures,286,1137,388 Bronx Community Board #8,2003,189
acfr2005,gf_expenditures,286,1137,388 Bronx Community Board #8,2004,202
acfr2005,gf_expenditures,286,1137,388 Bronx Community Board #8,2005,205
acfr2005,gf_expenditures,286,1138,389 Bronx Community Board #9,1996,145
acfr2005,gf_expenditures,286,1138,389 Bronx Community Board #9,1997,150
acfr2005,gf_expenditures,286,1138,389 Bronx Community Board #9,1998,169
acfr2005,gf_expenditures,286,1138,389 Bronx Community Board #9,1999,162
acfr2005,gf_expenditures,286,1138,389 Bronx Community Board #9,2000,175
acfr2005,gf_expenditures,286,1138,389 Bronx Community Board #9,2001,152
acfr2005,gf_expenditures,286,1138,389 Bronx Community Board #9,2002,201
acfr2005,gf_expenditures,286,1138,389 Bronx Community Board #9,2003,200
acfr2005,gf_expenditures,286,1138,389 Bronx Community Board #9,2004,200
acfr2005,gf_expenditures,286,1138,389 Bronx Community Board #9,2005,206
acfr2005,gf_expenditures,286,1139,390 Bronx Community Board #10,1996,163
acfr2005,gf_expenditures,286,1139,390 Bronx Community Board #10,1997,166
acfr2005,gf_expenditures,286,1139,390 Bronx Community Board #10,1998,186
acfr2005,gf_expenditures,286,1139,390 Bronx Community Board #10,1999,192
acfr2005,gf_expenditures,286,1139,390 Bronx Community Board #10,2000,197
acfr2005,gf_expenditures,286,1139,390 Bronx Community Board #10,2001,204
acfr2005,gf_expenditures,286,1139,390 Bronx Community Board #10,2002,211
acfr2005,gf_expenditures,286,1139,390 Bronx Community Board #10,2003,222
acfr2005,gf_expenditures,286,1139,390 Bronx Community Board #10,2004,229
acfr2005,gf_expenditures,286,1139,390 Bronx Community Board #10,2005,236
acfr2005,gf_expenditures,286,1140,391 Bronx Community Board #11,1996,124
acfr2005,gf_expenditures,286,1140,391 Bronx Community Board #11,1997,126
acfr2005,gf_expenditures,286,1140,391 Bronx Community Board #11,1998,171
acfr2005,gf_expenditures,286,1140,391 Bronx Community Board #11,1999,189
acfr2005,gf_expenditures,286,1140,391 Bronx Community Board #11,2000,193
acfr2005,gf_expenditures,286,1140,391 Bronx Community Board #11,2001,201
acfr2005,gf_expenditures,286,1140,391 Bronx Community Board #11,2002,208
acfr2005,gf_expenditures,286,1140,391 Bronx Community Board #11,2003,205
acfr2005,gf_expenditures,286,1140,391 Bronx Community Board #11,2004,203
acfr2005,gf_expenditures,286,1140,391 Bronx Community Board #11,2005,214
acfr2005,gf_expenditures,287,1141,General Government: (cont.) 392 Bronx Community Board #12,1996,114
acfr2005,gf_expenditures,287,1141,General Government: (cont.) 392 Bronx Community Board #12,1997,127
acfr2005,gf_expenditures,287,1141,General Government: (cont.) 392 Bronx Community Board #12,1998,151
acfr2005,gf_expenditures,287,1141,General Government: (cont.) 392 Bronx Community Board #12,1999,156
acfr2005,gf_expenditures,287,1141,General Government: (cont.) 392 Bronx Community Board #12,2000,164
acfr2005,gf_expenditures,287,1141,General Government: (cont.) 392 Bronx Community Board #12,2001,171
acfr2005,gf_expenditures,287,1141,General Government: (cont.) 392 Bronx Community Board #12,2002,173
acfr2005,gf_expenditures,287,1141,General Government: (cont.) 392 Bronx Community Board #12,2003,175
acfr2005,gf_expenditures,287,1141,General Government: (cont.) 392 Bronx Community Board #12,2004,178
acfr2005,gf_expenditures,287,1141,General Government: (cont.) 392 Bronx Community Board #12,2005,181
acfr2005,gf_expenditures,287,1142,431 Queens Community Board #1,1996,130
acfr2005,gf_expenditures,287,1142,431 Queens Community Board #1,1997,127
acfr2005,gf_expenditures,287,1142,431 Queens Community Board #1,1998,144
acfr2005,gf_expenditures,287,1142,431 Queens Community Board #1,1999,158
acfr2005,gf_expenditures,287,1142,431 Queens Community Board #1,2000,175
acfr2005,gf_expenditures,287,1142,431 Queens Community Board #1,2001,187
acfr2005,gf_expenditures,287,1142,431 Queens Community Board #1,2002,182
acfr2005,gf_expenditures,287,1142,431 Queens Community Board #1,2003,184
acfr2005,gf_expenditures,287,1142,431 Queens Community Board #1,2004,195
acfr2005,gf_expenditures,287,1142,431 Queens Community Board #1,2005,200
acfr2005,gf_expenditures,287,1143,432 Queens Community Board #2,1996,146
acfr2005,gf_expenditures,287,1143,432 Queens Community Board #2,1997,146
acfr2005,gf_expenditures,287,1143,432 Queens Community Board #2,1998,155
acfr2005,gf_expenditures,287,1143,432 Queens Community Board #2,1999,165
acfr2005,gf_expenditures,287,1143,432 Queens Community Board #2,2000,181
acfr2005,gf_expenditures,287,1143,432 Queens Community Board #2,2001,206
acfr2005,gf_expenditures,287,1143,432 Queens Community Board #2,2002,209
acfr2005,gf_expenditures,287,1143,432 Queens Community Board #2,2003,209
acfr2005,gf_expenditures,287,1143,432 Queens Community Board #2,2004,223
acfr2005,gf_expenditures,287,1143,432 Queens Community Board #2,2005,225
acfr2005,gf_expenditures,287,1144,433 Queens Community Board #3,1996,129
acfr2005,gf_expenditures,287,1144,433 Queens Community Board #3,1997,129
acfr2005,gf_expenditures,287,1144,433 Queens Community Board #3,1998,147
acfr2005,gf_expenditures,287,1144,433 Queens Community Board #3,1999,170
acfr2005,gf_expenditures,287,1144,433 Queens Community Board #3,2000,210
acfr2005,gf_expenditures,287,1144,433 Queens Community Board #3,2001,219
acfr2005,gf_expenditures,287,1144,433 Queens Community Board #3,2002,227
acfr2005,gf_expenditures,287,1144,433 Queens Community Board #3,2003,218
acfr2005,gf_expenditures,287,1144,433 Queens Community Board #3,2004,225
acfr2005,gf_expenditures,287,1144,433 Queens Community Board #3,2005,225
acfr2005,gf_expenditures,287,1145,434 Queens Community Board #4,1996,172
acfr2005,gf_expenditures,287,1145,434 Queens Community Board #4,1997,150
acfr2005,gf_expenditures,287,1145,434 Queens Community Board #4,1998,171
acfr2005,gf_expenditures,287,1145,434 Queens Community Board #4,1999,173
acfr2005,gf_expenditures,287,1145,434 Queens Community Board #4,2000,181
acfr2005,gf_expenditures,287,1145,434 Queens Community Board #4,2001,186
acfr2005,gf_expenditures,287,1145,434 Queens Community Board #4,2002,197
acfr2005,gf_expenditures,287,1145,434 Queens Community Board #4,2003,191
acfr2005,gf_expenditures,287,1145,434 Queens Community Board #4,2004,205
acfr2005,gf_expenditures,287,1145,434 Queens Community Board #4,2005,204
acfr2005,gf_expenditures,287,1146,435 Queens Community Board #5,1996,141
acfr2005,gf_expenditures,287,1146,435 Queens Community Board #5,1997,142
acfr2005,gf_expenditures,287,1146,435 Queens Community Board #5,1998,163
acfr2005,gf_expenditures,287,1146,435 Queens Community Board #5,1999,168
acfr2005,gf_expenditures,287,1146,435 Queens Community Board #5,2000,182
acfr2005,gf_expenditures,287,1146,435 Queens Community Board #5,2001,196
acfr2005,gf_expenditures,287,1146,435 Queens Community Board #5,2002,194
acfr2005,gf_expenditures,287,1146,435 Queens Community Board #5,2003,184
acfr2005,gf_expenditures,287,1146,435 Queens Community Board #5,2004,202
acfr2005,gf_expenditures,287,1146,435 Queens Community Board #5,2005,205
acfr2005,gf_expenditures,287,1147,436 Queens Community Board #6,1996,150
acfr2005,gf_expenditures,287,1147,436 Queens Community Board #6,1997,153
acfr2005,gf_expenditures,287,1147,436 Queens Community Board #6,1998,168
acfr2005,gf_expenditures,287,1147,436 Queens Community Board #6,1999,178
acfr2005,gf_expenditures,287,1147,436 Queens Community Board #6,2000,190
acfr2005,gf_expenditures,287,1147,436 Queens Community Board #6,2001,202
acfr2005,gf_expenditures,287,1147,436 Queens Community Board #6,2002,206
acfr2005,gf_expenditures,287,1147,436 Queens Community Board #6,2003,204
acfr2005,gf_expenditures,287,1147,436 Queens Community Board #6,2004,209
acfr2005,gf_expenditures,287,1147,436 Queens Community Board #6,2005,217
acfr2005,gf_expenditures,287,1148,260 437 Queens Community Board #7,1996,153
acfr2005,gf_expenditures,287,1148,260 437 Queens Community Board #7,1997,142
acfr2005,gf_expenditures,287,1148,260 437 Queens Community Board #7,1998,160
acfr2005,gf_expenditures,287,1148,260 437 Queens Community Board #7,1999,151
acfr2005,gf_expenditures,287,1148,260 437 Queens Community Board #7,2000,182
acfr2005,gf_expenditures,287,1148,260 437 Queens Community Board #7,2001,199
acfr2005,gf_expenditures,287,1148,260 437 Queens Community Board #7,2002,190
acfr2005,gf_expenditures,287,1148,260 437 Queens Community Board #7,2003,205
acfr2005,gf_expenditures,287,1148,260 437 Queens Community Board #7,2004,221
acfr2005,gf_expenditures,287,1148,260 437 Queens Community Board #7,2005,239
acfr2005,gf_expenditures,287,1149,438 Queens Community Board #8,1996,133
acfr2005,gf_expenditures,287,1149,438 Queens Community Board #8,1997,134
acfr2005,gf_expenditures,287,1149,438 Queens Community Board #8,1998,154
acfr2005,gf_expenditures,287,1149,438 Queens Community Board #8,1999,156
acfr2005,gf_expenditures,287,1149,438 Queens Community Board #8,2000,167
acfr2005,gf_expenditures,287,1149,438 Queens Community Board #8,2001,177
acfr2005,gf_expenditures,287,1149,438 Queens Community Board #8,2002,183
acfr2005,gf_expenditures,287,1149,438 Queens Community Board #8,2003,219
acfr2005,gf_expenditures,287,1149,438 Queens Community Board #8,2004,241
acfr2005,gf_expenditures,287,1149,438 Queens Community Board #8,2005,241
acfr2005,gf_expenditures,287,1150,439 Queens Community Board #9,1996,141
acfr2005,gf_expenditures,287,1150,439 Queens Community Board #9,1997,129
acfr2005,gf_expenditures,287,1150,439 Queens Community Board #9,1998,151
acfr2005,gf_expenditures,287,1150,439 Queens Community Board #9,1999,147
acfr2005,gf_expenditures,287,1150,439 Queens Community Board #9,2000,159
acfr2005,gf_expenditures,287,1150,439 Queens Community Board #9,2001,171
acfr2005,gf_expenditures,287,1150,439 Queens Community Board #9,2002,175
acfr2005,gf_expenditures,287,1150,439 Queens Community Board #9,2003,176
acfr2005,gf_expenditures,287,1150,439 Queens Community Board #9,2004,178
acfr2005,gf_expenditures,287,1150,439 Queens Community Board #9,2005,181
acfr2005,gf_expenditures,287,1151,440 Queens Community Board #10,1996,138
acfr2005,gf_expenditures,287,1151,440 Queens Community Board #10,1997,151
acfr2005,gf_expenditures,287,1151,440 Queens Community Board #10,1998,173
acfr2005,gf_expenditures,287,1151,440 Queens Community Board #10,1999,179
acfr2005,gf_expenditures,287,1151,440 Queens Community Board #10,2000,185
acfr2005,gf_expenditures,287,1151,440 Queens Community Board #10,2001,199
acfr2005,gf_expenditures,287,1151,440 Queens Community Board #10,2002,201
acfr2005,gf_expenditures,287,1151,440 Queens Community Board #10,2003,192
acfr2005,gf_expenditures,287,1151,440 Queens Community Board #10,2004,206
acfr2005,gf_expenditures,287,1151,440 Queens Community Board #10,2005,206
acfr2005,gf_expenditures,287,1152,441 Queens Community Board #11,1996,149
acfr2005,gf_expenditures,287,1152,441 Queens Community Board #11,1997,157
acfr2005,gf_expenditures,287,1152,441 Queens Community Board #11,1998,150
acfr2005,gf_expenditures,287,1152,441 Queens Community Board #11,1999,194
acfr2005,gf_expenditures,287,1152,441 Queens Community Board #11,2000,187
acfr2005,gf_expenditures,287,1152,441 Queens Community Board #11,2001,199
acfr2005,gf_expenditures,287,1152,441 Queens Community Board #11,2002,212
acfr2005,gf_expenditures,287,1152,441 Queens Community Board #11,2003,206
acfr2005,gf_expenditures,287,1152,441 Queens Community Board #11,2004,216
acfr2005,gf_expenditures,287,1152,441 Queens Community Board #11,2005,214
acfr2005,gf_expenditures,287,1153,442 Queens Community Board #12,1996,143
acfr2005,gf_expenditures,287,1153,442 Queens Community Board #12,1997,145
acfr2005,gf_expenditures,287,1153,442 Queens Community Board #12,1998,164
acfr2005,gf_expenditures,287,1153,442 Queens Community Board #12,1999,158
acfr2005,gf_expenditures,287,1153,442 Queens Community Board #12,2000,166
acfr2005,gf_expenditures,287,1153,442 Queens Community Board #12,2001,184
acfr2005,gf_expenditures,287,1153,442 Queens Community Board #12,2002,180
acfr2005,gf_expenditures,287,1153,442 Queens Community Board #12,2003,191
acfr2005,gf_expenditures,287,1153,442 Queens Community Board #12,2004,176
acfr2005,gf_expenditures,287,1153,442 Queens Community Board #12,2005,204
acfr2005,gf_expenditures,287,1154,443 Queens Community Board #13,1996,130
acfr2005,gf_expenditures,287,1154,443 Queens Community Board #13,1997,137
acfr2005,gf_expenditures,287,1154,443 Queens Community Board #13,1998,149
acfr2005,gf_expenditures,287,1154,443 Queens Community Board #13,1999,151
acfr2005,gf_expenditures,287,1154,443 Queens Community Board #13,2000,154
acfr2005,gf_expenditures,287,1154,443 Queens Community Board #13,2001,190
acfr2005,gf_expenditures,287,1154,443 Queens Community Board #13,2002,189
acfr2005,gf_expenditures,287,1154,443 Queens Community Board #13,2003,187
acfr2005,gf_expenditures,287,1154,443 Queens Community Board #13,2004,194
acfr2005,gf_expenditures,287,1154,443 Queens Community Board #13,2005,193
acfr2005,gf_expenditures,287,1155,444 Queens Community Board #14,1996,139
acfr2005,gf_expenditures,287,1155,444 Queens Community Board #14,1997,141
acfr2005,gf_expenditures,287,1155,444 Queens Community Board #14,1998,156
acfr2005,gf_expenditures,287,1155,444 Queens Community Board #14,1999,169
acfr2005,gf_expenditures,287,1155,444 Queens Community Board #14,2000,176
acfr2005,gf_expenditures,287,1155,444 Queens Community Board #14,2001,185
acfr2005,gf_expenditures,287,1155,444 Queens Community Board #14,2002,183
acfr2005,gf_expenditures,287,1155,444 Queens Community Board #14,2003,184
acfr2005,gf_expenditures,287,1155,444 Queens Community Board #14,2004,189
acfr2005,gf_expenditures,287,1155,444 Queens Community Board #14,2005,198
acfr2005,gf_expenditures,287,1156,471 Brooklyn Community Board #1,1996,161
acfr2005,gf_expenditures,287,1156,471 Brooklyn Community Board #1,1997,166
acfr2005,gf_expenditures,287,1156,471 Brooklyn Community Board #1,1998,188
acfr2005,gf_expenditures,287,1156,471 Brooklyn Community Board #1,1999,193
acfr2005,gf_expenditures,287,1156,471 Brooklyn Community Board #1,2000,199
acfr2005,gf_expenditures,287,1156,471 Brooklyn Community Board #1,2001,208
acfr2005,gf_expenditures,287,1156,471 Brooklyn Community Board #1,2002,212
acfr2005,gf_expenditures,287,1156,471 Brooklyn Community Board #1,2003,212
acfr2005,gf_expenditures,287,1156,471 Brooklyn Community Board #1,2004,213
acfr2005,gf_expenditures,287,1156,471 Brooklyn Community Board #1,2005,222
acfr2005,gf_expenditures,287,1157,472 Brooklyn Community Board #2,1996,157
acfr2005,gf_expenditures,287,1157,472 Brooklyn Community Board #2,1997,158
acfr2005,gf_expenditures,287,1157,472 Brooklyn Community Board #2,1998,168
acfr2005,gf_expenditures,287,1157,472 Brooklyn Community Board #2,1999,179
acfr2005,gf_expenditures,287,1157,472 Brooklyn Community Board #2,2000,168
acfr2005,gf_expenditures,287,1157,472 Brooklyn Community Board #2,2001,184
acfr2005,gf_expenditures,287,1157,472 Brooklyn Community Board #2,2002,187
acfr2005,gf_expenditures,287,1157,472 Brooklyn Community Board #2,2003,200
acfr2005,gf_expenditures,287,1157,472 Brooklyn Community Board #2,2004,192
acfr2005,gf_expenditures,287,1157,472 Brooklyn Community Board #2,2005,206
acfr2005,gf_expenditures,288,1158,General Government: (cont.) 473 Brooklyn Community Board #3,1996,143
acfr2005,gf_expenditures,288,1158,General Government: (cont.) 473 Brooklyn Community Board #3,1997,141
acfr2005,gf_expenditures,288,1158,General Government: (cont.) 473 Brooklyn Community Board #3,1998,162
acfr2005,gf_expenditures,288,1158,General Government: (cont.) 473 Brooklyn Community Board #3,1999,162
acfr2005,gf_expenditures,288,1158,General Government: (cont.) 473 Brooklyn Community Board #3,2000,177
acfr2005,gf_expenditures,288,1158,General Government: (cont.) 473 Brooklyn Community Board #3,2001,177
acfr2005,gf_expenditures,288,1158,General Government: (cont.) 473 Brooklyn Community Board #3,2002,192
acfr2005,gf_expenditures,288,1158,General Government: (cont.) 473 Brooklyn Community Board #3,2003,189
acfr2005,gf_expenditures,288,1158,General Government: (cont.) 473 Brooklyn Community Board #3,2004,202
acfr2005,gf_expenditures,288,1158,General Government: (cont.) 473 Brooklyn Community Board #3,2005,221
acfr2005,gf_expenditures,288,1159,474 Brooklyn Community Board #4,1996,157
acfr2005,gf_expenditures,288,1159,474 Brooklyn Community Board #4,1997,130
acfr2005,gf_expenditures,288,1159,474 Brooklyn Community Board #4,1998,126
acfr2005,gf_expenditures,288,1159,474 Brooklyn Community Board #4,1999,146
acfr2005,gf_expenditures,288,1159,474 Brooklyn Community Board #4,2000,163
acfr2005,gf_expenditures,288,1159,474 Brooklyn Community Board #4,2001,177
acfr2005,gf_expenditures,288,1159,474 Brooklyn Community Board #4,2002,202
acfr2005,gf_expenditures,288,1159,474 Brooklyn Community Board #4,2003,192
acfr2005,gf_expenditures,288,1159,474 Brooklyn Community Board #4,2004,192
acfr2005,gf_expenditures,288,1159,474 Brooklyn Community Board #4,2005,170
acfr2005,gf_expenditures,288,1160,475 Brooklyn Community Board #5,1996,127
acfr2005,gf_expenditures,288,1160,475 Brooklyn Community Board #5,1997,128
acfr2005,gf_expenditures,288,1160,475 Brooklyn Community Board #5,1998,146
acfr2005,gf_expenditures,288,1160,475 Brooklyn Community Board #5,1999,147
acfr2005,gf_expenditures,288,1160,475 Brooklyn Community Board #5,2000,157
acfr2005,gf_expenditures,288,1160,475 Brooklyn Community Board #5,2001,165
acfr2005,gf_expenditures,288,1160,475 Brooklyn Community Board #5,2002,174
acfr2005,gf_expenditures,288,1160,475 Brooklyn Community Board #5,2003,170
acfr2005,gf_expenditures,288,1160,475 Brooklyn Community Board #5,2004,173
acfr2005,gf_expenditures,288,1160,475 Brooklyn Community Board #5,2005,181
acfr2005,gf_expenditures,288,1161,476 Brooklyn Community Board #6,1996,145
acfr2005,gf_expenditures,288,1161,476 Brooklyn Community Board #6,1997,130
acfr2005,gf_expenditures,288,1161,476 Brooklyn Community Board #6,1998,150
acfr2005,gf_expenditures,288,1161,476 Brooklyn Community Board #6,1999,156
acfr2005,gf_expenditures,288,1161,476 Brooklyn Community Board #6,2000,157
acfr2005,gf_expenditures,288,1161,476 Brooklyn Community Board #6,2001,169
acfr2005,gf_expenditures,288,1161,476 Brooklyn Community Board #6,2002,174
acfr2005,gf_expenditures,288,1161,476 Brooklyn Community Board #6,2003,172
acfr2005,gf_expenditures,288,1161,476 Brooklyn Community Board #6,2004,189
acfr2005,gf_expenditures,288,1161,476 Brooklyn Community Board #6,2005,191
acfr2005,gf_expenditures,288,1162,477 Brooklyn Community Board #7,1996,118
acfr2005,gf_expenditures,288,1162,477 Brooklyn Community Board #7,1997,127
acfr2005,gf_expenditures,288,1162,477 Brooklyn Community Board #7,1998,142
acfr2005,gf_expenditures,288,1162,477 Brooklyn Community Board #7,1999,142
acfr2005,gf_expenditures,288,1162,477 Brooklyn Community Board #7,2000,150
acfr2005,gf_expenditures,288,1162,477 Brooklyn Community Board #7,2001,166
acfr2005,gf_expenditures,288,1162,477 Brooklyn Community Board #7,2002,181
acfr2005,gf_expenditures,288,1162,477 Brooklyn Community Board #7,2003,175
acfr2005,gf_expenditures,288,1162,477 Brooklyn Community Board #7,2004,177
acfr2005,gf_expenditures,288,1162,477 Brooklyn Community Board #7,2005,181
acfr2005,gf_expenditures,288,1163,478 Brooklyn Community Board #8,1996,159
acfr2005,gf_expenditures,288,1163,478 Brooklyn Community Board #8,1997,159
acfr2005,gf_expenditures,288,1163,478 Brooklyn Community Board #8,1998,185
acfr2005,gf_expenditures,288,1163,478 Brooklyn Community Board #8,1999,189
acfr2005,gf_expenditures,288,1163,478 Brooklyn Community Board #8,2000,197
acfr2005,gf_expenditures,288,1163,478 Brooklyn Community Board #8,2001,203
acfr2005,gf_expenditures,288,1163,478 Brooklyn Community Board #8,2002,210
acfr2005,gf_expenditures,288,1163,478 Brooklyn Community Board #8,2003,212
acfr2005,gf_expenditures,288,1163,478 Brooklyn Community Board #8,2004,218
acfr2005,gf_expenditures,288,1163,478 Brooklyn Community Board #8,2005,222
acfr2005,gf_expenditures,288,1164,479 Brooklyn Community Board #9,1996,134
acfr2005,gf_expenditures,288,1164,479 Brooklyn Community Board #9,1997,133
acfr2005,gf_expenditures,288,1164,479 Brooklyn Community Board #9,1998,154
acfr2005,gf_expenditures,288,1164,479 Brooklyn Community Board #9,1999,159
acfr2005,gf_expenditures,288,1164,479 Brooklyn Community Board #9,2000,165
acfr2005,gf_expenditures,288,1164,479 Brooklyn Community Board #9,2001,174
acfr2005,gf_expenditures,288,1164,479 Brooklyn Community Board #9,2002,171
acfr2005,gf_expenditures,288,1164,479 Brooklyn Community Board #9,2003,175
acfr2005,gf_expenditures,288,1164,479 Brooklyn Community Board #9,2004,179
acfr2005,gf_expenditures,288,1164,479 Brooklyn Community Board #9,2005,181
acfr2005,gf_expenditures,288,1165,261 480 Brooklyn Community Board #10,1996,128
acfr2005,gf_expenditures,288,1165,261 480 Brooklyn Community Board #10,1997,129
acfr2005,gf_expenditures,288,1165,261 480 Brooklyn Community Board #10,1998,150
acfr2005,gf_expenditures,288,1165,261 480 Brooklyn Community Board #10,1999,155
acfr2005,gf_expenditures,288,1165,261 480 Brooklyn Community Board #10,2000,163
acfr2005,gf_expenditures,288,1165,261 480 Brooklyn Community Board #10,2001,168
acfr2005,gf_expenditures,288,1165,261 480 Brooklyn Community Board #10,2002,173
acfr2005,gf_expenditures,288,1165,261 480 Brooklyn Community Board #10,2003,172
acfr2005,gf_expenditures,288,1165,261 480 Brooklyn Community Board #10,2004,178
acfr2005,gf_expenditures,288,1165,261 480 Brooklyn Community Board #10,2005,181
acfr2005,gf_expenditures,288,1166,481 Brooklyn Community Board #11,1996,148
acfr2005,gf_expenditures,288,1166,481 Brooklyn Community Board #11,1997,150
acfr2005,gf_expenditures,288,1166,481 Brooklyn Community Board #11,1998,173
acfr2005,gf_expenditures,288,1166,481 Brooklyn Community Board #11,1999,176
acfr2005,gf_expenditures,288,1166,481 Brooklyn Community Board #11,2000,185
acfr2005,gf_expenditures,288,1166,481 Brooklyn Community Board #11,2001,193
acfr2005,gf_expenditures,288,1166,481 Brooklyn Community Board #11,2002,199
acfr2005,gf_expenditures,288,1166,481 Brooklyn Community Board #11,2003,200
acfr2005,gf_expenditures,288,1166,481 Brooklyn Community Board #11,2004,206
acfr2005,gf_expenditures,288,1166,481 Brooklyn Community Board #11,2005,208
acfr2005,gf_expenditures,288,1167,482 Brooklyn Community Board #12,1996,167
acfr2005,gf_expenditures,288,1167,482 Brooklyn Community Board #12,1997,167
acfr2005,gf_expenditures,288,1167,482 Brooklyn Community Board #12,1998,190
acfr2005,gf_expenditures,288,1167,482 Brooklyn Community Board #12,1999,198
acfr2005,gf_expenditures,288,1167,482 Brooklyn Community Board #12,2000,205
acfr2005,gf_expenditures,288,1167,482 Brooklyn Community Board #12,2001,211
acfr2005,gf_expenditures,288,1167,482 Brooklyn Community Board #12,2002,214
acfr2005,gf_expenditures,288,1167,482 Brooklyn Community Board #12,2003,220
acfr2005,gf_expenditures,288,1167,482 Brooklyn Community Board #12,2004,229
acfr2005,gf_expenditures,288,1167,482 Brooklyn Community Board #12,2005,243
acfr2005,gf_expenditures,288,1168,483 Brooklyn Community Board #13,1996,133
acfr2005,gf_expenditures,288,1168,483 Brooklyn Community Board #13,1997,136
acfr2005,gf_expenditures,288,1168,483 Brooklyn Community Board #13,1998,148
acfr2005,gf_expenditures,288,1168,483 Brooklyn Community Board #13,1999,162
acfr2005,gf_expenditures,288,1168,483 Brooklyn Community Board #13,2000,188
acfr2005,gf_expenditures,288,1168,483 Brooklyn Community Board #13,2001,150
acfr2005,gf_expenditures,288,1168,483 Brooklyn Community Board #13,2002,168
acfr2005,gf_expenditures,288,1168,483 Brooklyn Community Board #13,2003,178
acfr2005,gf_expenditures,288,1168,483 Brooklyn Community Board #13,2004,194
acfr2005,gf_expenditures,288,1168,483 Brooklyn Community Board #13,2005,197
acfr2005,gf_expenditures,288,1169,484 Brooklyn Community Board #14,1996,144
acfr2005,gf_expenditures,288,1169,484 Brooklyn Community Board #14,1997,143
acfr2005,gf_expenditures,288,1169,484 Brooklyn Community Board #14,1998,168
acfr2005,gf_expenditures,288,1169,484 Brooklyn Community Board #14,1999,177
acfr2005,gf_expenditures,288,1169,484 Brooklyn Community Board #14,2000,168
acfr2005,gf_expenditures,288,1169,484 Brooklyn Community Board #14,2001,212
acfr2005,gf_expenditures,288,1169,484 Brooklyn Community Board #14,2002,226
acfr2005,gf_expenditures,288,1169,484 Brooklyn Community Board #14,2003,222
acfr2005,gf_expenditures,288,1169,484 Brooklyn Community Board #14,2004,234
acfr2005,gf_expenditures,288,1169,484 Brooklyn Community Board #14,2005,236
acfr2005,gf_expenditures,288,1170,485 Brooklyn Community Board #15,1996,129
acfr2005,gf_expenditures,288,1170,485 Brooklyn Community Board #15,1997,130
acfr2005,gf_expenditures,288,1170,485 Brooklyn Community Board #15,1998,135
acfr2005,gf_expenditures,288,1170,485 Brooklyn Community Board #15,1999,156
acfr2005,gf_expenditures,288,1170,485 Brooklyn Community Board #15,2000,161
acfr2005,gf_expenditures,288,1170,485 Brooklyn Community Board #15,2001,170
acfr2005,gf_expenditures,288,1170,485 Brooklyn Community Board #15,2002,174
acfr2005,gf_expenditures,288,1170,485 Brooklyn Community Board #15,2003,155
acfr2005,gf_expenditures,288,1170,485 Brooklyn Community Board #15,2004,110
acfr2005,gf_expenditures,288,1170,485 Brooklyn Community Board #15,2005,177
acfr2005,gf_expenditures,288,1171,486 Brooklyn Community Board #16,1996,118
acfr2005,gf_expenditures,288,1171,486 Brooklyn Community Board #16,1997,141
acfr2005,gf_expenditures,288,1171,486 Brooklyn Community Board #16,1998,160
acfr2005,gf_expenditures,288,1171,486 Brooklyn Community Board #16,1999,227
acfr2005,gf_expenditures,288,1171,486 Brooklyn Community Board #16,2000,180
acfr2005,gf_expenditures,288,1171,486 Brooklyn Community Board #16,2001,188
acfr2005,gf_expenditures,288,1171,486 Brooklyn Community Board #16,2002,186
acfr2005,gf_expenditures,288,1171,486 Brooklyn Community Board #16,2003,188
acfr2005,gf_expenditures,288,1171,486 Brooklyn Community Board #16,2004,206
acfr2005,gf_expenditures,288,1171,486 Brooklyn Community Board #16,2005,212
acfr2005,gf_expenditures,288,1172,487 Brooklyn Community Board #17,1996,174
acfr2005,gf_expenditures,288,1172,487 Brooklyn Community Board #17,1997,168
acfr2005,gf_expenditures,288,1172,487 Brooklyn Community Board #17,1998,197
acfr2005,gf_expenditures,288,1172,487 Brooklyn Community Board #17,1999,205
acfr2005,gf_expenditures,288,1172,487 Brooklyn Community Board #17,2000,209
acfr2005,gf_expenditures,288,1172,487 Brooklyn Community Board #17,2001,211
acfr2005,gf_expenditures,288,1172,487 Brooklyn Community Board #17,2002,220
acfr2005,gf_expenditures,288,1172,487 Brooklyn Community Board #17,2003,228
acfr2005,gf_expenditures,288,1172,487 Brooklyn Community Board #17,2004,244
acfr2005,gf_expenditures,288,1172,487 Brooklyn Community Board #17,2005,256
acfr2005,gf_expenditures,288,1173,488 Brooklyn Community Board #18,1996,125
acfr2005,gf_expenditures,288,1173,488 Brooklyn Community Board #18,1997,129
acfr2005,gf_expenditures,288,1173,488 Brooklyn Community Board #18,1998,150
acfr2005,gf_expenditures,288,1173,488 Brooklyn Community Board #18,1999,154
acfr2005,gf_expenditures,288,1173,488 Brooklyn Community Board #18,2000,157
acfr2005,gf_expenditures,288,1173,488 Brooklyn Community Board #18,2001,163
acfr2005,gf_expenditures,288,1173,488 Brooklyn Community Board #18,2002,155
acfr2005,gf_expenditures,288,1173,488 Brooklyn Community Board #18,2003,170
acfr2005,gf_expenditures,288,1173,488 Brooklyn Community Board #18,2004,174
acfr2005,gf_expenditures,288,1173,488 Brooklyn Community Board #18,2005,178
acfr2005,gf_expenditures,288,1174,491 Staten Island Community Board #1,1996,124
acfr2005,gf_expenditures,288,1174,491 Staten Island Community Board #1,1997,153
acfr2005,gf_expenditures,288,1174,491 Staten Island Community Board #1,1998,174
acfr2005,gf_expenditures,288,1174,491 Staten Island Community Board #1,1999,175
acfr2005,gf_expenditures,288,1174,491 Staten Island Community Board #1,2000,181
acfr2005,gf_expenditures,288,1174,491 Staten Island Community Board #1,2001,204
acfr2005,gf_expenditures,288,1174,491 Staten Island Community Board #1,2002,212
acfr2005,gf_expenditures,288,1174,491 Staten Island Community Board #1,2003,215
acfr2005,gf_expenditures,288,1174,491 Staten Island Community Board #1,2004,223
acfr2005,gf_expenditures,288,1174,491 Staten Island Community Board #1,2005,227
acfr2005,gf_expenditures,289,1175,General Government: (cont.) 492 Staten Island Community Board #2,1996,125
acfr2005,gf_expenditures,289,1175,General Government: (cont.) 492 Staten Island Community Board #2,1997,129
acfr2005,gf_expenditures,289,1175,General Government: (cont.) 492 Staten Island Community Board #2,1998,150
acfr2005,gf_expenditures,289,1175,General Government: (cont.) 492 Staten Island Community Board #2,1999,157
acfr2005,gf_expenditures,289,1175,General Government: (cont.) 492 Staten Island Community Board #2,2000,162
acfr2005,gf_expenditures,289,1175,General Government: (cont.) 492 Staten Island Community Board #2,2001,169
acfr2005,gf_expenditures,289,1175,General Government: (cont.) 492 Staten Island Community Board #2,2002,173
acfr2005,gf_expenditures,289,1175,General Government: (cont.) 492 Staten Island Community Board #2,2003,172
acfr2005,gf_expenditures,289,1175,General Government: (cont.) 492 Staten Island Community Board #2,2004,221
acfr2005,gf_expenditures,289,1175,General Government: (cont.) 492 Staten Island Community Board #2,2005,226
acfr2005,gf_expenditures,289,1176,493 Staten Island Community Board #3,1996,172
acfr2005,gf_expenditures,289,1176,493 Staten Island Community Board #3,1997,178
acfr2005,gf_expenditures,289,1176,493 Staten Island Community Board #3,1998,194
acfr2005,gf_expenditures,289,1176,493 Staten Island Community Board #3,1999,201
acfr2005,gf_expenditures,289,1176,493 Staten Island Community Board #3,2000,211
acfr2005,gf_expenditures,289,1176,493 Staten Island Community Board #3,2001,221
acfr2005,gf_expenditures,289,1176,493 Staten Island Community Board #3,2002,221
acfr2005,gf_expenditures,289,1176,493 Staten Island Community Board #3,2003,226
acfr2005,gf_expenditures,289,1176,493 Staten Island Community Board #3,2004,228
acfr2005,gf_expenditures,289,1176,493 Staten Island Community Board #3,2005,244
acfr2005,gf_expenditures,289,1177,801 Department of Small Business Services,1996,30442
acfr2005,gf_expenditures,289,1177,801 Department of Small Business Services,1997,28469
acfr2005,gf_expenditures,289,1177,801 Department of Small Business Services,1998,33174
acfr2005,gf_expenditures,289,1177,801 Department of Small Business Services,1999,32687
acfr2005,gf_expenditures,289,1177,801 Department of Small Business Services,2000,52999
acfr2005,gf_expenditures,289,1177,801 Department of Small Business Services,2001,42072
acfr2005,gf_expenditures,289,1177,801 Department of Small Business Services,2002,97222
acfr2005,gf_expenditures,289,1177,801 Department of Small Business Services,2003,40729
acfr2005,gf_expenditures,289,1177,801 Department of Small Business Services,2004,110117
acfr2005,gf_expenditures,289,1177,801 Department of Small Business Services,2005,105823
acfr2005,gf_expenditures,289,1178,836 Department of Finance,1996,156631
acfr2005,gf_expenditures,289,1178,836 Department of Finance,1997,155776
acfr2005,gf_expenditures,289,1178,836 Department of Finance,1998,157025
acfr2005,gf_expenditures,289,1178,836 Department of Finance,1999,158748
acfr2005,gf_expenditures,289,1178,836 Department of Finance,2000,165370
acfr2005,gf_expenditures,289,1178,836 Department of Finance,2001,176419
acfr2005,gf_expenditures,289,1178,836 Department of Finance,2002,182319
acfr2005,gf_expenditures,289,1178,836 Department of Finance,2003,174326
acfr2005,gf_expenditures,289,1178,836 Department of Finance,2004,212983
acfr2005,gf_expenditures,289,1178,836 Department of Finance,2005,194094
acfr2005,gf_expenditures,289,1179,850 Department of Design and Construction,1996,0
acfr2005,gf_expenditures,289,1179,850 Department of Design and Construction,1997,0
acfr2005,gf_expenditures,289,1179,850 Department of Design and Construction,1998,36
acfr2005,gf_expenditures,289,1179,850 Department of Design and Construction,1999,0
acfr2005,gf_expenditures,289,1179,850 Department of Design and Construction,2000,0
acfr2005,gf_expenditures,289,1179,850 Department of Design and Construction,2001,0
acfr2005,gf_expenditures,289,1179,850 Department of Design and Construction,2002,536656
acfr2005,gf_expenditures,289,1179,850 Department of Design and Construction,2003,80918
acfr2005,gf_expenditures,289,1179,850 Department of Design and Construction,2004,0
acfr2005,gf_expenditures,289,1179,850 Department of Design and Construction,2005,171
acfr2005,gf_expenditures,289,1180,856 Department of Citywide Administrative Services,1996,127927
acfr2005,gf_expenditures,289,1180,856 Department of Citywide Administrative Services,1997,158461
acfr2005,gf_expenditures,289,1180,856 Department of Citywide Administrative Services,1998,168343
acfr2005,gf_expenditures,289,1180,856 Department of Citywide Administrative Services,1999,145310
acfr2005,gf_expenditures,289,1180,856 Department of Citywide Administrative Services,2000,176956
acfr2005,gf_expenditures,289,1180,856 Department of Citywide Administrative Services,2001,192839
acfr2005,gf_expenditures,289,1180,856 Department of Citywide Administrative Services,2002,241736
acfr2005,gf_expenditures,289,1180,856 Department of Citywide Administrative Services,2003,237639
acfr2005,gf_expenditures,289,1180,856 Department of Citywide Administrative Services,2004,209913
acfr2005,gf_expenditures,289,1180,856 Department of Citywide Administrative Services,2005,241627
acfr2005,gf_expenditures,289,1181,858 Department of Information Technology and 262 Telecommunications,1996,29601
acfr2005,gf_expenditures,289,1181,858 Department of Information Technology and 262 Telecommunications,1997,36990
acfr2005,gf_expenditures,289,1181,858 Department of Information Technology and 262 Telecommunications,1998,36295
acfr2005,gf_expenditures,289,1181,858 Department of Information Technology and 262 Telecommunications,1999,51562
acfr2005,gf_expenditures,289,1181,858 Department of Information Technology and 262 Telecommunications,2000,59708
acfr2005,gf_expenditures,289,1181,858 Department of Information Technology and 262 Telecommunications,2001,49838
acfr2005,gf_expenditures,289,1181,858 Department of Information Technology and 262 Telecommunications,2002,46148
acfr2005,gf_expenditures,289,1181,858 Department of Information Technology and 262 Telecommunications,2003,70622
acfr2005,gf_expenditures,289,1181,858 Department of Information Technology and 262 Telecommunications,2004,81096
acfr2005,gf_expenditures,289,1181,858 Department of Information Technology and 262 Telecommunications,2005,103420
acfr2005,gf_expenditures,289,1182,860 Department of Records and Information Services,1996,3117
acfr2005,gf_expenditures,289,1182,860 Department of Records and Information Services,1997,3156
acfr2005,gf_expenditures,289,1182,860 Department of Records and Information Services,1998,3194
acfr2005,gf_expenditures,289,1182,860 Department of Records and Information Services,1999,3440
acfr2005,gf_expenditures,289,1182,860 Department of Records and Information Services,2000,3577
acfr2005,gf_expenditures,289,1182,860 Department of Records and Information Services,2001,3724
acfr2005,gf_expenditures,289,1182,860 Department of Records and Information Services,2002,3639
acfr2005,gf_expenditures,289,1182,860 Department of Records and Information Services,2003,3776
acfr2005,gf_expenditures,289,1182,860 Department of Records and Information Services,2004,4094
acfr2005,gf_expenditures,289,1182,860 Department of Records and Information Services,2005,4112
acfr2005,gf_expenditures,289,1183,866 Department of Consumer Affairs,1996,11195
acfr2005,gf_expenditures,289,1183,866 Department of Consumer Affairs,1997,10521
acfr2005,gf_expenditures,289,1183,866 Department of Consumer Affairs,1998,10385
acfr2005,gf_expenditures,289,1183,866 Department of Consumer Affairs,1999,10587
acfr2005,gf_expenditures,289,1183,866 Department of Consumer Affairs,2000,11373
acfr2005,gf_expenditures,289,1183,866 Department of Consumer Affairs,2001,12193
acfr2005,gf_expenditures,289,1183,866 Department of Consumer Affairs,2002,12403
acfr2005,gf_expenditures,289,1183,866 Department of Consumer Affairs,2003,12239
acfr2005,gf_expenditures,289,1183,866 Department of Consumer Affairs,2004,11743
acfr2005,gf_expenditures,289,1183,866 Department of Consumer Affairs,2005,13026
acfr2005,gf_expenditures,289,1184,Miscellaneous—Federal Grant Through Captive Insurance,1996,0
acfr2005,gf_expenditures,289,1184,Miscellaneous—Federal Grant Through Captive Insurance,1997,0
acfr2005,gf_expenditures,289,1184,Miscellaneous—Federal Grant Through Captive Insurance,1998,0
acfr2005,gf_expenditures,289,1184,Miscellaneous—Federal Grant Through Captive Insurance,1999,0
acfr2005,gf_expenditures,289,1184,Miscellaneous—Federal Grant Through Captive Insurance,2000,0
acfr2005,gf_expenditures,289,1184,Miscellaneous—Federal Grant Through Captive Insurance,2001,0
acfr2005,gf_expenditures,289,1184,Miscellaneous—Federal Grant Through Captive Insurance,2002,0
acfr2005,gf_expenditures,289,1184,Miscellaneous—Federal Grant Through Captive Insurance,2003,0
acfr2005,gf_expenditures,289,1184,Miscellaneous—Federal Grant Through Captive Insurance,2004,0
acfr2005,gf_expenditures,289,1184,Miscellaneous—Federal Grant Through Captive Insurance,2005,999900
acfr2005,gf_expenditures,289,1185,Total General Government,1996,854884
acfr2005,gf_expenditures,289,1185,Total General Government,1997,846778
acfr2005,gf_expenditures,289,1185,Total General Government,1998,884801
acfr2005,gf_expenditures,289,1185,Total General Government,1999,925886
acfr2005,gf_expenditures,289,1185,Total General Government,2000,1043124
acfr2005,gf_expenditures,289,1185,Total General Government,2001,1078423
acfr2005,gf_expenditures,289,1185,Total General Government,2002,1809624
acfr2005,gf_expenditures,289,1185,Total General Government,2003,1238442
acfr2005,gf_expenditures,289,1185,Total General Government,2004,1347292
acfr2005,gf_expenditures,289,1185,Total General Government,2005,2385327
acfr2005,gf_expenditures,289,1186,Public Safety and Judicial: 017 Department of Emergency Management,1996,0
acfr2005,gf_expenditures,289,1186,Public Safety and Judicial: 017 Department of Emergency Management,1997,0
acfr2005,gf_expenditures,289,1186,Public Safety and Judicial: 017 Department of Emergency Management,1998,0
acfr2005,gf_expenditures,289,1186,Public Safety and Judicial: 017 Department of Emergency Management,1999,0
acfr2005,gf_expenditures,289,1186,Public Safety and Judicial: 017 Department of Emergency Management,2000,0
acfr2005,gf_expenditures,289,1186,Public Safety and Judicial: 017 Department of Emergency Management,2001,0
acfr2005,gf_expenditures,289,1186,Public Safety and Judicial: 017 Department of Emergency Management,2002,0
acfr2005,gf_expenditures,289,1186,Public Safety and Judicial: 017 Department of Emergency Management,2003,6630
acfr2005,gf_expenditures,289,1186,Public Safety and Judicial: 017 Department of Emergency Management,2004,7558
acfr2005,gf_expenditures,289,1186,Public Safety and Judicial: 017 Department of Emergency Management,2005,9054
acfr2005,gf_expenditures,289,1187,054 Civilian Complaint Review Board,1996,4931
acfr2005,gf_expenditures,289,1187,054 Civilian Complaint Review Board,1997,5019
acfr2005,gf_expenditures,289,1187,054 Civilian Complaint Review Board,1998,6275
acfr2005,gf_expenditures,289,1187,054 Civilian Complaint Review Board,1999,7144
acfr2005,gf_expenditures,289,1187,054 Civilian Complaint Review Board,2000,7727
acfr2005,gf_expenditures,289,1187,054 Civilian Complaint Review Board,2001,9182
acfr2005,gf_expenditures,289,1187,054 Civilian Complaint Review Board,2002,9329
acfr2005,gf_expenditures,289,1187,054 Civilian Complaint Review Board,2003,8875
acfr2005,gf_expenditures,289,1187,054 Civilian Complaint Review Board,2004,10076
acfr2005,gf_expenditures,289,1187,054 Civilian Complaint Review Board,2005,9739
acfr2005,gf_expenditures,289,1188,056 Police Department,1996,2325068
acfr2005,gf_expenditures,289,1188,056 Police Department,1997,2451089
acfr2005,gf_expenditures,289,1188,056 Police Department,1998,2593426
acfr2005,gf_expenditures,289,1188,056 Police Department,1999,2843354
acfr2005,gf_expenditures,289,1188,056 Police Department,2000,3084188
acfr2005,gf_expenditures,289,1188,056 Police Department,2001,3273313
acfr2005,gf_expenditures,289,1188,056 Police Department,2002,3576662
acfr2005,gf_expenditures,289,1188,056 Police Department,2003,3446556
acfr2005,gf_expenditures,289,1188,056 Police Department,2004,3428000
acfr2005,gf_expenditures,289,1188,056 Police Department,2005,3754927
acfr2005,gf_expenditures,289,1189,057 Fire Department,1996,807904
acfr2005,gf_expenditures,289,1189,057 Fire Department,1997,927716
acfr2005,gf_expenditures,289,1189,057 Fire Department,1998,972751
acfr2005,gf_expenditures,289,1189,057 Fire Department,1999,1026386
acfr2005,gf_expenditures,289,1189,057 Fire Department,2000,1078288
acfr2005,gf_expenditures,289,1189,057 Fire Department,2001,1071887
acfr2005,gf_expenditures,289,1189,057 Fire Department,2002,1266180
acfr2005,gf_expenditures,289,1189,057 Fire Department,2003,1198800
acfr2005,gf_expenditures,289,1189,057 Fire Department,2004,1180101
acfr2005,gf_expenditures,289,1189,057 Fire Department,2005,1222892
acfr2005,gf_expenditures,289,1190,072 Department of Correction,1996,776525
acfr2005,gf_expenditures,289,1190,072 Department of Correction,1997,796973
acfr2005,gf_expenditures,289,1190,072 Department of Correction,1998,792388
acfr2005,gf_expenditures,289,1190,072 Department of Correction,1999,828401
acfr2005,gf_expenditures,289,1190,072 Department of Correction,2000,833318
acfr2005,gf_expenditures,289,1190,072 Department of Correction,2001,827328
acfr2005,gf_expenditures,289,1190,072 Department of Correction,2002,881877
acfr2005,gf_expenditures,289,1190,072 Department of Correction,2003,862369
acfr2005,gf_expenditures,289,1190,072 Department of Correction,2004,829926
acfr2005,gf_expenditures,289,1190,072 Department of Correction,2005,818116
acfr2005,gf_expenditures,289,1191,073 Board of Correction,1996,575
acfr2005,gf_expenditures,289,1191,073 Board of Correction,1997,630
acfr2005,gf_expenditures,289,1191,073 Board of Correction,1998,886
acfr2005,gf_expenditures,289,1191,073 Board of Correction,1999,897
acfr2005,gf_expenditures,289,1191,073 Board of Correction,2000,876
acfr2005,gf_expenditures,289,1191,073 Board of Correction,2001,874
acfr2005,gf_expenditures,289,1191,073 Board of Correction,2002,906
acfr2005,gf_expenditures,289,1191,073 Board of Correction,2003,830
acfr2005,gf_expenditures,289,1191,073 Board of Correction,2004,855
acfr2005,gf_expenditures,289,1191,073 Board of Correction,2005,853
acfr2005,gf_expenditures,290,1192,Public Safety and Judicial: (cont.) 130 Department of Juvenile Justice,1996,72687
acfr2005,gf_expenditures,290,1192,Public Safety and Judicial: (cont.) 130 Department of Juvenile Justice,1997,78286
acfr2005,gf_expenditures,290,1192,Public Safety and Judicial: (cont.) 130 Department of Juvenile Justice,1998,87322
acfr2005,gf_expenditures,290,1192,Public Safety and Judicial: (cont.) 130 Department of Juvenile Justice,1999,98708
acfr2005,gf_expenditures,290,1192,Public Safety and Judicial: (cont.) 130 Department of Juvenile Justice,2000,102106
acfr2005,gf_expenditures,290,1192,Public Safety and Judicial: (cont.) 130 Department of Juvenile Justice,2001,108670
acfr2005,gf_expenditures,290,1192,Public Safety and Judicial: (cont.) 130 Department of Juvenile Justice,2002,108636
acfr2005,gf_expenditures,290,1192,Public Safety and Judicial: (cont.) 130 Department of Juvenile Justice,2003,107898
acfr2005,gf_expenditures,290,1192,Public Safety and Judicial: (cont.) 130 Department of Juvenile Justice,2004,91991
acfr2005,gf_expenditures,290,1192,Public Safety and Judicial: (cont.) 130 Department of Juvenile Justice,2005,80417
acfr2005,gf_expenditures,290,1193,156 New York City Taxi and Limousine Commission,1996,16234
acfr2005,gf_expenditures,290,1193,156 New York City Taxi and Limousine Commission,1997,17744
acfr2005,gf_expenditures,290,1193,156 New York City Taxi and Limousine Commission,1998,18845
acfr2005,gf_expenditures,290,1193,156 New York City Taxi and Limousine Commission,1999,20044
acfr2005,gf_expenditures,290,1193,156 New York City Taxi and Limousine Commission,2000,21555
acfr2005,gf_expenditures,290,1193,156 New York City Taxi and Limousine Commission,2001,22919
acfr2005,gf_expenditures,290,1193,156 New York City Taxi and Limousine Commission,2002,22976
acfr2005,gf_expenditures,290,1193,156 New York City Taxi and Limousine Commission,2003,21531
acfr2005,gf_expenditures,290,1193,156 New York City Taxi and Limousine Commission,2004,23170
acfr2005,gf_expenditures,290,1193,156 New York City Taxi and Limousine Commission,2005,24847
acfr2005,gf_expenditures,290,1194,781 Department of Probation,1996,68436
acfr2005,gf_expenditures,290,1194,781 Department of Probation,1997,68800
acfr2005,gf_expenditures,290,1194,781 Department of Probation,1998,72744
acfr2005,gf_expenditures,290,1194,781 Department of Probation,1999,75780
acfr2005,gf_expenditures,290,1194,781 Department of Probation,2000,83310
acfr2005,gf_expenditures,290,1194,781 Department of Probation,2001,90196
acfr2005,gf_expenditures,290,1194,781 Department of Probation,2002,88988
acfr2005,gf_expenditures,290,1194,781 Department of Probation,2003,80365
acfr2005,gf_expenditures,290,1194,781 Department of Probation,2004,76110
acfr2005,gf_expenditures,290,1194,781 Department of Probation,2005,77690
acfr2005,gf_expenditures,290,1195,901 District Attorney New York County,1996,63876
acfr2005,gf_expenditures,290,1195,901 District Attorney New York County,1997,65471
acfr2005,gf_expenditures,290,1195,901 District Attorney New York County,1998,68052
acfr2005,gf_expenditures,290,1195,901 District Attorney New York County,1999,70136
acfr2005,gf_expenditures,290,1195,901 District Attorney New York County,2000,72474
acfr2005,gf_expenditures,290,1195,901 District Attorney New York County,2001,77643
acfr2005,gf_expenditures,290,1195,901 District Attorney New York County,2002,82147
acfr2005,gf_expenditures,290,1195,901 District Attorney New York County,2003,77997
acfr2005,gf_expenditures,290,1195,901 District Attorney New York County,2004,77953
acfr2005,gf_expenditures,290,1195,901 District Attorney New York County,2005,78345
acfr2005,gf_expenditures,290,1196,902 District Attorney Bronx County,1996,34152
acfr2005,gf_expenditures,290,1196,902 District Attorney Bronx County,1997,34823
acfr2005,gf_expenditures,290,1196,902 District Attorney Bronx County,1998,37402
acfr2005,gf_expenditures,290,1196,902 District Attorney Bronx County,1999,38905
acfr2005,gf_expenditures,290,1196,902 District Attorney Bronx County,2000,40309
acfr2005,gf_expenditures,290,1196,902 District Attorney Bronx County,2001,43965
acfr2005,gf_expenditures,290,1196,902 District Attorney Bronx County,2002,44723
acfr2005,gf_expenditures,290,1196,902 District Attorney Bronx County,2003,42081
acfr2005,gf_expenditures,290,1196,902 District Attorney Bronx County,2004,42760
acfr2005,gf_expenditures,290,1196,902 District Attorney Bronx County,2005,43573
acfr2005,gf_expenditures,290,1197,903 District Attorney Kings County,1996,52710
acfr2005,gf_expenditures,290,1197,903 District Attorney Kings County,1997,56290
acfr2005,gf_expenditures,290,1197,903 District Attorney Kings County,1998,55685
acfr2005,gf_expenditures,290,1197,903 District Attorney Kings County,1999,64246
acfr2005,gf_expenditures,290,1197,903 District Attorney Kings County,2000,70846
acfr2005,gf_expenditures,290,1197,903 District Attorney Kings County,2001,76106
acfr2005,gf_expenditures,290,1197,903 District Attorney Kings County,2002,79741
acfr2005,gf_expenditures,290,1197,903 District Attorney Kings County,2003,71709
acfr2005,gf_expenditures,290,1197,903 District Attorney Kings County,2004,69132
acfr2005,gf_expenditures,290,1197,903 District Attorney Kings County,2005,71806
acfr2005,gf_expenditures,290,1198,904 District Attorney 263 Queens County,1996,31820
acfr2005,gf_expenditures,290,1198,904 District Attorney 263 Queens County,1997,31986
acfr2005,gf_expenditures,290,1198,904 District Attorney 263 Queens County,1998,32639
acfr2005,gf_expenditures,290,1198,904 District Attorney 263 Queens County,1999,34144
acfr2005,gf_expenditures,290,1198,904 District Attorney 263 Queens County,2000,35811
acfr2005,gf_expenditures,290,1198,904 District Attorney 263 Queens County,2001,40187
acfr2005,gf_expenditures,290,1198,904 District Attorney 263 Queens County,2002,39193
acfr2005,gf_expenditures,290,1198,904 District Attorney 263 Queens County,2003,38719
acfr2005,gf_expenditures,290,1198,904 District Attorney 263 Queens County,2004,38344
acfr2005,gf_expenditures,290,1198,904 District Attorney 263 Queens County,2005,39298
acfr2005,gf_expenditures,290,1199,905 District Attorney Richmond County,1996,5257
acfr2005,gf_expenditures,290,1199,905 District Attorney Richmond County,1997,5453
acfr2005,gf_expenditures,290,1199,905 District Attorney Richmond County,1998,5698
acfr2005,gf_expenditures,290,1199,905 District Attorney Richmond County,1999,6096
acfr2005,gf_expenditures,290,1199,905 District Attorney Richmond County,2000,6343
acfr2005,gf_expenditures,290,1199,905 District Attorney Richmond County,2001,6981
acfr2005,gf_expenditures,290,1199,905 District Attorney Richmond County,2002,7047
acfr2005,gf_expenditures,290,1199,905 District Attorney Richmond County,2003,6316
acfr2005,gf_expenditures,290,1199,905 District Attorney Richmond County,2004,6895
acfr2005,gf_expenditures,290,1199,905 District Attorney Richmond County,2005,6977
acfr2005,gf_expenditures,290,1200,906 Office of The Special Narcotics Prosecutor,1996,13257
acfr2005,gf_expenditures,290,1200,906 Office of The Special Narcotics Prosecutor,1997,13418
acfr2005,gf_expenditures,290,1200,906 Office of The Special Narcotics Prosecutor,1998,13735
acfr2005,gf_expenditures,290,1200,906 Office of The Special Narcotics Prosecutor,1999,14405
acfr2005,gf_expenditures,290,1200,906 Office of The Special Narcotics Prosecutor,2000,14839
acfr2005,gf_expenditures,290,1200,906 Office of The Special Narcotics Prosecutor,2001,15898
acfr2005,gf_expenditures,290,1200,906 Office of The Special Narcotics Prosecutor,2002,16011
acfr2005,gf_expenditures,290,1200,906 Office of The Special Narcotics Prosecutor,2003,15108
acfr2005,gf_expenditures,290,1200,906 Office of The Special Narcotics Prosecutor,2004,15510
acfr2005,gf_expenditures,290,1200,906 Office of The Special Narcotics Prosecutor,2005,15433
acfr2005,gf_expenditures,290,1201,941 Public Administrator New York County,1996,451
acfr2005,gf_expenditures,290,1201,941 Public Administrator New York County,1997,548
acfr2005,gf_expenditures,290,1201,941 Public Administrator New York County,1998,556
acfr2005,gf_expenditures,290,1201,941 Public Administrator New York County,1999,634
acfr2005,gf_expenditures,290,1201,941 Public Administrator New York County,2000,759
acfr2005,gf_expenditures,290,1201,941 Public Administrator New York County,2001,944
acfr2005,gf_expenditures,290,1201,941 Public Administrator New York County,2002,915
acfr2005,gf_expenditures,290,1201,941 Public Administrator New York County,2003,992
acfr2005,gf_expenditures,290,1201,941 Public Administrator New York County,2004,838
acfr2005,gf_expenditures,290,1201,941 Public Administrator New York County,2005,1030
acfr2005,gf_expenditures,290,1202,942 Public Administrator Bronx County,1996,276
acfr2005,gf_expenditures,290,1202,942 Public Administrator Bronx County,1997,273
acfr2005,gf_expenditures,290,1202,942 Public Administrator Bronx County,1998,270
acfr2005,gf_expenditures,290,1202,942 Public Administrator Bronx County,1999,297
acfr2005,gf_expenditures,290,1202,942 Public Administrator Bronx County,2000,313
acfr2005,gf_expenditures,290,1202,942 Public Administrator Bronx County,2001,326
acfr2005,gf_expenditures,290,1202,942 Public Administrator Bronx County,2002,329
acfr2005,gf_expenditures,290,1202,942 Public Administrator Bronx County,2003,331
acfr2005,gf_expenditures,290,1202,942 Public Administrator Bronx County,2004,320
acfr2005,gf_expenditures,290,1202,942 Public Administrator Bronx County,2005,308
acfr2005,gf_expenditures,290,1203,943 Public Administrator— Kings County,1996,356
acfr2005,gf_expenditures,290,1203,943 Public Administrator— Kings County,1997,355
acfr2005,gf_expenditures,290,1203,943 Public Administrator— Kings County,1998,361
acfr2005,gf_expenditures,290,1203,943 Public Administrator— Kings County,1999,374
acfr2005,gf_expenditures,290,1203,943 Public Administrator— Kings County,2000,420
acfr2005,gf_expenditures,290,1203,943 Public Administrator— Kings County,2001,448
acfr2005,gf_expenditures,290,1203,943 Public Administrator— Kings County,2002,439
acfr2005,gf_expenditures,290,1203,943 Public Administrator— Kings County,2003,419
acfr2005,gf_expenditures,290,1203,943 Public Administrator— Kings County,2004,403
acfr2005,gf_expenditures,290,1203,943 Public Administrator— Kings County,2005,355
acfr2005,gf_expenditures,290,1204,944 Public Administrator— Queens County,1996,258
acfr2005,gf_expenditures,290,1204,944 Public Administrator— Queens County,1997,285
acfr2005,gf_expenditures,290,1204,944 Public Administrator— Queens County,1998,292
acfr2005,gf_expenditures,290,1204,944 Public Administrator— Queens County,1999,326
acfr2005,gf_expenditures,290,1204,944 Public Administrator— Queens County,2000,333
acfr2005,gf_expenditures,290,1204,944 Public Administrator— Queens County,2001,335
acfr2005,gf_expenditures,290,1204,944 Public Administrator— Queens County,2002,343
acfr2005,gf_expenditures,290,1204,944 Public Administrator— Queens County,2003,344
acfr2005,gf_expenditures,290,1204,944 Public Administrator— Queens County,2004,344
acfr2005,gf_expenditures,290,1204,944 Public Administrator— Queens County,2005,350
acfr2005,gf_expenditures,290,1205,945 Public Administrator— Richmond County,1996,152
acfr2005,gf_expenditures,290,1205,945 Public Administrator— Richmond County,1997,141
acfr2005,gf_expenditures,290,1205,945 Public Administrator— Richmond County,1998,158
acfr2005,gf_expenditures,290,1205,945 Public Administrator— Richmond County,1999,173
acfr2005,gf_expenditures,290,1205,945 Public Administrator— Richmond County,2000,167
acfr2005,gf_expenditures,290,1205,945 Public Administrator— Richmond County,2001,167
acfr2005,gf_expenditures,290,1205,945 Public Administrator— Richmond County,2002,237
acfr2005,gf_expenditures,290,1205,945 Public Administrator— Richmond County,2003,222
acfr2005,gf_expenditures,290,1205,945 Public Administrator— Richmond County,2004,234
acfr2005,gf_expenditures,290,1205,945 Public Administrator— Richmond County,2005,269
acfr2005,gf_expenditures,290,1206,Miscellaneous— Legal Aid,1996,66970
acfr2005,gf_expenditures,290,1206,Miscellaneous— Legal Aid,1997,116216
acfr2005,gf_expenditures,290,1206,Miscellaneous— Legal Aid,1998,130628
acfr2005,gf_expenditures,290,1206,Miscellaneous— Legal Aid,1999,125055
acfr2005,gf_expenditures,290,1206,Miscellaneous— Legal Aid,2000,133622
acfr2005,gf_expenditures,290,1206,Miscellaneous— Legal Aid,2001,137587
acfr2005,gf_expenditures,290,1206,Miscellaneous— Legal Aid,2002,138843
acfr2005,gf_expenditures,290,1206,Miscellaneous— Legal Aid,2003,147583
acfr2005,gf_expenditures,290,1206,Miscellaneous— Legal Aid,2004,159647
acfr2005,gf_expenditures,290,1206,Miscellaneous— Legal Aid,2005,177671
acfr2005,gf_expenditures,290,1207,Miscellaneous— Criminal Justice Programs,1996,38521
acfr2005,gf_expenditures,290,1207,Miscellaneous— Criminal Justice Programs,1997,39134
acfr2005,gf_expenditures,290,1207,Miscellaneous— Criminal Justice Programs,1998,40818
acfr2005,gf_expenditures,290,1207,Miscellaneous— Criminal Justice Programs,1999,43272
acfr2005,gf_expenditures,290,1207,Miscellaneous— Criminal Justice Programs,2000,43865
acfr2005,gf_expenditures,290,1207,Miscellaneous— Criminal Justice Programs,2001,49672
acfr2005,gf_expenditures,290,1207,Miscellaneous— Criminal Justice Programs,2002,45476
acfr2005,gf_expenditures,290,1207,Miscellaneous— Criminal Justice Programs,2003,40773
acfr2005,gf_expenditures,290,1207,Miscellaneous— Criminal Justice Programs,2004,39230
acfr2005,gf_expenditures,290,1207,Miscellaneous— Criminal Justice Programs,2005,41526
acfr2005,gf_expenditures,290,1208,Miscellaneous— Court Costs,1996,179
acfr2005,gf_expenditures,290,1208,Miscellaneous— Court Costs,1997,47
acfr2005,gf_expenditures,290,1208,Miscellaneous— Court Costs,1998,20
acfr2005,gf_expenditures,290,1208,Miscellaneous— Court Costs,1999,10
acfr2005,gf_expenditures,290,1208,Miscellaneous— Court Costs,2000,0
acfr2005,gf_expenditures,290,1208,Miscellaneous— Court Costs,2001,0
acfr2005,gf_expenditures,290,1208,Miscellaneous— Court Costs,2002,0
acfr2005,gf_expenditures,290,1208,Miscellaneous— Court Costs,2003,0
acfr2005,gf_expenditures,290,1208,Miscellaneous— Court Costs,2004,0
acfr2005,gf_expenditures,290,1208,Miscellaneous— Court Costs,2005,0
acfr2005,gf_expenditures,291,1209,Miscellaneous— World Trade Center Disaster Related Expense,1996,0
acfr2005,gf_expenditures,291,1209,Miscellaneous— World Trade Center Disaster Related Expense,1997,0
acfr2005,gf_expenditures,291,1209,Miscellaneous— World Trade Center Disaster Related Expense,1998,0
acfr2005,gf_expenditures,291,1209,Miscellaneous— World Trade Center Disaster Related Expense,1999,0
acfr2005,gf_expenditures,291,1209,Miscellaneous— World Trade Center Disaster Related Expense,2000,0
acfr2005,gf_expenditures,291,1209,Miscellaneous— World Trade Center Disaster Related Expense,2001,0
acfr2005,gf_expenditures,291,1209,Miscellaneous— World Trade Center Disaster Related Expense,2002,27861
acfr2005,gf_expenditures,291,1209,Miscellaneous— World Trade Center Disaster Related Expense,2003,0
acfr2005,gf_expenditures,291,1209,Miscellaneous— World Trade Center Disaster Related Expense,2004,0
acfr2005,gf_expenditures,291,1209,Miscellaneous— World Trade Center Disaster Related Expense,2005,0
acfr2005,gf_expenditures,291,1210,Miscellaneous—Other,1996,65063
acfr2005,gf_expenditures,291,1210,Miscellaneous—Other,1997,16508
acfr2005,gf_expenditures,291,1210,Miscellaneous—Other,1998,14583
acfr2005,gf_expenditures,291,1210,Miscellaneous—Other,1999,18754
acfr2005,gf_expenditures,291,1210,Miscellaneous—Other,2000,17149
acfr2005,gf_expenditures,291,1210,Miscellaneous—Other,2001,20253
acfr2005,gf_expenditures,291,1210,Miscellaneous—Other,2002,23452
acfr2005,gf_expenditures,291,1210,Miscellaneous—Other,2003,27462
acfr2005,gf_expenditures,291,1210,Miscellaneous—Other,2004,25748
acfr2005,gf_expenditures,291,1210,Miscellaneous—Other,2005,31230
acfr2005,gf_expenditures,291,1211,Total Public Safety and Judicial,1996,4445658
acfr2005,gf_expenditures,291,1211,Total Public Safety and Judicial,1997,4727205
acfr2005,gf_expenditures,291,1211,Total Public Safety and Judicial,1998,4945534
acfr2005,gf_expenditures,291,1211,Total Public Safety and Judicial,1999,5317541
acfr2005,gf_expenditures,291,1211,Total Public Safety and Judicial,2000,5648618
acfr2005,gf_expenditures,291,1211,Total Public Safety and Judicial,2001,5874881
acfr2005,gf_expenditures,291,1211,Total Public Safety and Judicial,2002,6462311
acfr2005,gf_expenditures,291,1211,Total Public Safety and Judicial,2003,6203910
acfr2005,gf_expenditures,291,1211,Total Public Safety and Judicial,2004,6125145
acfr2005,gf_expenditures,291,1211,Total Public Safety and Judicial,2005,6506706
acfr2005,gf_expenditures,291,1212,Education: 040 Department of Education,1996,7835002
acfr2005,gf_expenditures,291,1212,Education: 040 Department of Education,1997,8085127
acfr2005,gf_expenditures,291,1212,Education: 040 Department of Education,1998,8812494
acfr2005,gf_expenditures,291,1212,Education: 040 Department of Education,1999,9478352
acfr2005,gf_expenditures,291,1212,Education: 040 Department of Education,2000,10674457
acfr2005,gf_expenditures,291,1212,Education: 040 Department of Education,2001,11545119
acfr2005,gf_expenditures,291,1212,Education: 040 Department of Education,2002,11715015
acfr2005,gf_expenditures,291,1212,Education: 040 Department of Education,2003,12672864
acfr2005,gf_expenditures,291,1212,Education: 040 Department of Education,2004,13061366
acfr2005,gf_expenditures,291,1212,Education: 040 Department of Education,2005,13776018
acfr2005,gf_expenditures,291,1213,City University: 042 City University of New York— Community Colleges,1996,338371
acfr2005,gf_expenditures,291,1213,City University: 042 City University of New York— Community Colleges,1997,344987
acfr2005,gf_expenditures,291,1213,City University: 042 City University of New York— Community Colleges,1998,354681
acfr2005,gf_expenditures,291,1213,City University: 042 City University of New York— Community Colleges,1999,360088
acfr2005,gf_expenditures,291,1213,City University: 042 City University of New York— Community Colleges,2000,366914
acfr2005,gf_expenditures,291,1213,City University: 042 City University of New York— Community Colleges,2001,375745
acfr2005,gf_expenditures,291,1213,City University: 042 City University of New York— Community Colleges,2002,399963
acfr2005,gf_expenditures,291,1213,City University: 042 City University of New York— Community Colleges,2003,426353
acfr2005,gf_expenditures,291,1213,City University: 042 City University of New York— Community Colleges,2004,475768
acfr2005,gf_expenditures,291,1213,City University: 042 City University of New York— Community Colleges,2005,547662
acfr2005,gf_expenditures,291,1214,Hunter Campus Schools,1996,9344
acfr2005,gf_expenditures,291,1214,Hunter Campus Schools,1997,9068
acfr2005,gf_expenditures,291,1214,Hunter Campus Schools,1998,9316
acfr2005,gf_expenditures,291,1214,Hunter Campus Schools,1999,9855
acfr2005,gf_expenditures,291,1214,Hunter Campus Schools,2000,9937
acfr2005,gf_expenditures,291,1214,Hunter Campus Schools,2001,10191
acfr2005,gf_expenditures,291,1214,Hunter Campus Schools,2002,10875
acfr2005,gf_expenditures,291,1214,Hunter Campus Schools,2003,11801
acfr2005,gf_expenditures,291,1214,Hunter Campus Schools,2004,11621
acfr2005,gf_expenditures,291,1214,Hunter Campus Schools,2005,11951
acfr2005,gf_expenditures,291,1215,264 Educational Aid,1996,0
acfr2005,gf_expenditures,291,1215,264 Educational Aid,1997,0
acfr2005,gf_expenditures,291,1215,264 Educational Aid,1998,0
acfr2005,gf_expenditures,291,1215,264 Educational Aid,1999,7000
acfr2005,gf_expenditures,291,1215,264 Educational Aid,2000,7000
acfr2005,gf_expenditures,291,1215,264 Educational Aid,2001,7000
acfr2005,gf_expenditures,291,1215,264 Educational Aid,2002,7000
acfr2005,gf_expenditures,291,1215,264 Educational Aid,2003,5500
acfr2005,gf_expenditures,291,1215,264 Educational Aid,2004,5500
acfr2005,gf_expenditures,291,1215,264 Educational Aid,2005,7000
acfr2005,gf_expenditures,291,1216,Total City University,1996,347715
acfr2005,gf_expenditures,291,1216,Total City University,1997,354055
acfr2005,gf_expenditures,291,1216,Total City University,1998,363997
acfr2005,gf_expenditures,291,1216,Total City University,1999,376943
acfr2005,gf_expenditures,291,1216,Total City University,2000,383851
acfr2005,gf_expenditures,291,1216,Total City University,2001,392936
acfr2005,gf_expenditures,291,1216,Total City University,2002,417838
acfr2005,gf_expenditures,291,1216,Total City University,2003,443654
acfr2005,gf_expenditures,291,1216,Total City University,2004,492889
acfr2005,gf_expenditures,291,1216,Total City University,2005,566613
acfr2005,gf_expenditures,291,1217,Social Services: 068 Administration for Children’s Services,1996,0
acfr2005,gf_expenditures,291,1217,Social Services: 068 Administration for Children’s Services,1997,1393993
acfr2005,gf_expenditures,291,1217,Social Services: 068 Administration for Children’s Services,1998,1903768
acfr2005,gf_expenditures,291,1217,Social Services: 068 Administration for Children’s Services,1999,2051075
acfr2005,gf_expenditures,291,1217,Social Services: 068 Administration for Children’s Services,2000,2152141
acfr2005,gf_expenditures,291,1217,Social Services: 068 Administration for Children’s Services,2001,2237328
acfr2005,gf_expenditures,291,1217,Social Services: 068 Administration for Children’s Services,2002,2318278
acfr2005,gf_expenditures,291,1217,Social Services: 068 Administration for Children’s Services,2003,2289774
acfr2005,gf_expenditures,291,1217,Social Services: 068 Administration for Children’s Services,2004,2225165
acfr2005,gf_expenditures,291,1217,Social Services: 068 Administration for Children’s Services,2005,2240347
acfr2005,gf_expenditures,291,1218,069 Department of Social Services,1996,7251426
acfr2005,gf_expenditures,291,1218,069 Department of Social Services,1997,5715053
acfr2005,gf_expenditures,291,1218,069 Department of Social Services,1998,5226687
acfr2005,gf_expenditures,291,1218,069 Department of Social Services,1999,5150590
acfr2005,gf_expenditures,291,1218,069 Department of Social Services,2000,5409323
acfr2005,gf_expenditures,291,1218,069 Department of Social Services,2001,5685674
acfr2005,gf_expenditures,291,1218,069 Department of Social Services,2002,5928326
acfr2005,gf_expenditures,291,1218,069 Department of Social Services,2003,6080045
acfr2005,gf_expenditures,291,1218,069 Department of Social Services,2004,6582053
acfr2005,gf_expenditures,291,1218,069 Department of Social Services,2005,7169459
acfr2005,gf_expenditures,291,1219,071 Department of Homeless Services,1996,341895
acfr2005,gf_expenditures,291,1219,071 Department of Homeless Services,1997,364501
acfr2005,gf_expenditures,291,1219,071 Department of Homeless Services,1998,366416
acfr2005,gf_expenditures,291,1219,071 Department of Homeless Services,1999,375713
acfr2005,gf_expenditures,291,1219,071 Department of Homeless Services,2000,423532
acfr2005,gf_expenditures,291,1219,071 Department of Homeless Services,2001,472742
acfr2005,gf_expenditures,291,1219,071 Department of Homeless Services,2002,503438
acfr2005,gf_expenditures,291,1219,071 Department of Homeless Services,2003,593551
acfr2005,gf_expenditures,291,1219,071 Department of Homeless Services,2004,621494
acfr2005,gf_expenditures,291,1219,071 Department of Homeless Services,2005,693932
acfr2005,gf_expenditures,291,1220,094 Department of Employment,1996,106068
acfr2005,gf_expenditures,291,1220,094 Department of Employment,1997,104599
acfr2005,gf_expenditures,291,1220,094 Department of Employment,1998,110421
acfr2005,gf_expenditures,291,1220,094 Department of Employment,1999,127406
acfr2005,gf_expenditures,291,1220,094 Department of Employment,2000,133355
acfr2005,gf_expenditures,291,1220,094 Department of Employment,2001,91348
acfr2005,gf_expenditures,291,1220,094 Department of Employment,2002,131512
acfr2005,gf_expenditures,291,1220,094 Department of Employment,2003,131618
acfr2005,gf_expenditures,291,1220,094 Department of Employment,2004,2324
acfr2005,gf_expenditures,291,1220,094 Department of Employment,2005,0
acfr2005,gf_expenditures,291,1221,096 Human Resources Administration,1996,47642
acfr2005,gf_expenditures,291,1221,096 Human Resources Administration,1997,0
acfr2005,gf_expenditures,291,1221,096 Human Resources Administration,1998,0
acfr2005,gf_expenditures,291,1221,096 Human Resources Administration,1999,0
acfr2005,gf_expenditures,291,1221,096 Human Resources Administration,2000,0
acfr2005,gf_expenditures,291,1221,096 Human Resources Administration,2001,0
acfr2005,gf_expenditures,291,1221,096 Human Resources Administration,2002,0
acfr2005,gf_expenditures,291,1221,096 Human Resources Administration,2003,0
acfr2005,gf_expenditures,291,1221,096 Human Resources Administration,2004,0
acfr2005,gf_expenditures,291,1221,096 Human Resources Administration,2005,0
acfr2005,gf_expenditures,291,1222,125 Department for the Aging,1996,154550
acfr2005,gf_expenditures,291,1222,125 Department for the Aging,1997,170459
acfr2005,gf_expenditures,291,1222,125 Department for the Aging,1998,178405
acfr2005,gf_expenditures,291,1222,125 Department for the Aging,1999,186841
acfr2005,gf_expenditures,291,1222,125 Department for the Aging,2000,211463
acfr2005,gf_expenditures,291,1222,125 Department for the Aging,2001,229879
acfr2005,gf_expenditures,291,1222,125 Department for the Aging,2002,216172
acfr2005,gf_expenditures,291,1222,125 Department for the Aging,2003,226298
acfr2005,gf_expenditures,291,1222,125 Department for the Aging,2004,219088
acfr2005,gf_expenditures,291,1222,125 Department for the Aging,2005,225373
acfr2005,gf_expenditures,291,1223,Total Social Services,1996,7901581
acfr2005,gf_expenditures,291,1223,Total Social Services,1997,7748605
acfr2005,gf_expenditures,291,1223,Total Social Services,1998,7785697
acfr2005,gf_expenditures,291,1223,Total Social Services,1999,7891625
acfr2005,gf_expenditures,291,1223,Total Social Services,2000,8329814
acfr2005,gf_expenditures,291,1223,Total Social Services,2001,8716971
acfr2005,gf_expenditures,291,1223,Total Social Services,2002,9097726
acfr2005,gf_expenditures,291,1223,Total Social Services,2003,9321286
acfr2005,gf_expenditures,291,1223,Total Social Services,2004,9650124
acfr2005,gf_expenditures,291,1223,Total Social Services,2005,10329111
acfr2005,gf_expenditures,291,1224,Environmental Protection: 826 Department of Environmental Protection,1996,497529
acfr2005,gf_expenditures,291,1224,Environmental Protection: 826 Department of Environmental Protection,1997,536257
acfr2005,gf_expenditures,291,1224,Environmental Protection: 826 Department of Environmental Protection,1998,560696
acfr2005,gf_expenditures,291,1224,Environmental Protection: 826 Department of Environmental Protection,1999,533948
acfr2005,gf_expenditures,291,1224,Environmental Protection: 826 Department of Environmental Protection,2000,566912
acfr2005,gf_expenditures,291,1224,Environmental Protection: 826 Department of Environmental Protection,2001,601354
acfr2005,gf_expenditures,291,1224,Environmental Protection: 826 Department of Environmental Protection,2002,616620
acfr2005,gf_expenditures,291,1224,Environmental Protection: 826 Department of Environmental Protection,2003,650041
acfr2005,gf_expenditures,291,1224,Environmental Protection: 826 Department of Environmental Protection,2004,652077
acfr2005,gf_expenditures,291,1224,Environmental Protection: 826 Department of Environmental Protection,2005,677394
acfr2005,gf_expenditures,292,1225,Environmental Protection: (cont.) 827 Department of Sanitation,1996,640834
acfr2005,gf_expenditures,292,1225,Environmental Protection: (cont.) 827 Department of Sanitation,1997,578316
acfr2005,gf_expenditures,292,1225,Environmental Protection: (cont.) 827 Department of Sanitation,1998,703540
acfr2005,gf_expenditures,292,1225,Environmental Protection: (cont.) 827 Department of Sanitation,1999,704740
acfr2005,gf_expenditures,292,1225,Environmental Protection: (cont.) 827 Department of Sanitation,2000,828915
acfr2005,gf_expenditures,292,1225,Environmental Protection: (cont.) 827 Department of Sanitation,2001,924312
acfr2005,gf_expenditures,292,1225,Environmental Protection: (cont.) 827 Department of Sanitation,2002,983126
acfr2005,gf_expenditures,292,1225,Environmental Protection: (cont.) 827 Department of Sanitation,2003,983716
acfr2005,gf_expenditures,292,1225,Environmental Protection: (cont.) 827 Department of Sanitation,2004,982273
acfr2005,gf_expenditures,292,1225,Environmental Protection: (cont.) 827 Department of Sanitation,2005,1024384
acfr2005,gf_expenditures,292,1226,829 Business Integrity Commission,1996,0
acfr2005,gf_expenditures,292,1226,829 Business Integrity Commission,1997,2126
acfr2005,gf_expenditures,292,1226,829 Business Integrity Commission,1998,2264
acfr2005,gf_expenditures,292,1226,829 Business Integrity Commission,1999,2483
acfr2005,gf_expenditures,292,1226,829 Business Integrity Commission,2000,2369
acfr2005,gf_expenditures,292,1226,829 Business Integrity Commission,2001,2605
acfr2005,gf_expenditures,292,1226,829 Business Integrity Commission,2002,2779
acfr2005,gf_expenditures,292,1226,829 Business Integrity Commission,2003,4684
acfr2005,gf_expenditures,292,1226,829 Business Integrity Commission,2004,4383
acfr2005,gf_expenditures,292,1226,829 Business Integrity Commission,2005,4816
acfr2005,gf_expenditures,292,1227,Total Environmental Protection,1996,1138363
acfr2005,gf_expenditures,292,1227,Total Environmental Protection,1997,1116699
acfr2005,gf_expenditures,292,1227,Total Environmental Protection,1998,1266500
acfr2005,gf_expenditures,292,1227,Total Environmental Protection,1999,1241171
acfr2005,gf_expenditures,292,1227,Total Environmental Protection,2000,1398196
acfr2005,gf_expenditures,292,1227,Total Environmental Protection,2001,1528271
acfr2005,gf_expenditures,292,1227,Total Environmental Protection,2002,1602525
acfr2005,gf_expenditures,292,1227,Total Environmental Protection,2003,1638441
acfr2005,gf_expenditures,292,1227,Total Environmental Protection,2004,1638733
acfr2005,gf_expenditures,292,1227,Total Environmental Protection,2005,1706594
acfr2005,gf_expenditures,292,1228,Transportation Services: 841 Department of Transportation,1996,374467
acfr2005,gf_expenditures,292,1228,Transportation Services: 841 Department of Transportation,1997,296801
acfr2005,gf_expenditures,292,1228,Transportation Services: 841 Department of Transportation,1998,278971
acfr2005,gf_expenditures,292,1228,Transportation Services: 841 Department of Transportation,1999,298240
acfr2005,gf_expenditures,292,1228,Transportation Services: 841 Department of Transportation,2000,365011
acfr2005,gf_expenditures,292,1228,Transportation Services: 841 Department of Transportation,2001,332151
acfr2005,gf_expenditures,292,1228,Transportation Services: 841 Department of Transportation,2002,358888
acfr2005,gf_expenditures,292,1228,Transportation Services: 841 Department of Transportation,2003,348037
acfr2005,gf_expenditures,292,1228,Transportation Services: 841 Department of Transportation,2004,351581
acfr2005,gf_expenditures,292,1228,Transportation Services: 841 Department of Transportation,2005,391085
acfr2005,gf_expenditures,292,1229,Miscellaneous— Payments to Transit Authority,1996,258927
acfr2005,gf_expenditures,292,1229,Miscellaneous— Payments to Transit Authority,1997,196068
acfr2005,gf_expenditures,292,1229,Miscellaneous— Payments to Transit Authority,1998,337141
acfr2005,gf_expenditures,292,1229,Miscellaneous— Payments to Transit Authority,1999,248394
acfr2005,gf_expenditures,292,1229,Miscellaneous— Payments to Transit Authority,2000,250822
acfr2005,gf_expenditures,292,1229,Miscellaneous— Payments to Transit Authority,2001,266934
acfr2005,gf_expenditures,292,1229,Miscellaneous— Payments to Transit Authority,2002,120440
acfr2005,gf_expenditures,292,1229,Miscellaneous— Payments to Transit Authority,2003,454465
acfr2005,gf_expenditures,292,1229,Miscellaneous— Payments to Transit Authority,2004,269144
acfr2005,gf_expenditures,292,1229,Miscellaneous— Payments to Transit Authority,2005,343050
acfr2005,gf_expenditures,292,1230,Miscellaneous— 265 Payments to Private Bus Companies,1996,98496
acfr2005,gf_expenditures,292,1230,Miscellaneous— 265 Payments to Private Bus Companies,1997,107901
acfr2005,gf_expenditures,292,1230,Miscellaneous— 265 Payments to Private Bus Companies,1998,142737
acfr2005,gf_expenditures,292,1230,Miscellaneous— 265 Payments to Private Bus Companies,1999,136360
acfr2005,gf_expenditures,292,1230,Miscellaneous— 265 Payments to Private Bus Companies,2000,147504
acfr2005,gf_expenditures,292,1230,Miscellaneous— 265 Payments to Private Bus Companies,2001,150597
acfr2005,gf_expenditures,292,1230,Miscellaneous— 265 Payments to Private Bus Companies,2002,199400
acfr2005,gf_expenditures,292,1230,Miscellaneous— 265 Payments to Private Bus Companies,2003,213653
acfr2005,gf_expenditures,292,1230,Miscellaneous— 265 Payments to Private Bus Companies,2004,219000
acfr2005,gf_expenditures,292,1230,Miscellaneous— 265 Payments to Private Bus Companies,2005,222391
acfr2005,gf_expenditures,292,1231,Total Transportation Services,1996,731890
acfr2005,gf_expenditures,292,1231,Total Transportation Services,1997,600770
acfr2005,gf_expenditures,292,1231,Total Transportation Services,1998,758849
acfr2005,gf_expenditures,292,1231,Total Transportation Services,1999,682994
acfr2005,gf_expenditures,292,1231,Total Transportation Services,2000,763337
acfr2005,gf_expenditures,292,1231,Total Transportation Services,2001,749682
acfr2005,gf_expenditures,292,1231,Total Transportation Services,2002,678728
acfr2005,gf_expenditures,292,1231,Total Transportation Services,2003,1016155
acfr2005,gf_expenditures,292,1231,Total Transportation Services,2004,839725
acfr2005,gf_expenditures,292,1231,Total Transportation Services,2005,956526
acfr2005,gf_expenditures,292,1232,"Parks, Recreation and Cultural Activities: 126 Department of Cultural Affairs",1996,98854
acfr2005,gf_expenditures,292,1232,"Parks, Recreation and Cultural Activities: 126 Department of Cultural Affairs",1997,95565
acfr2005,gf_expenditures,292,1232,"Parks, Recreation and Cultural Activities: 126 Department of Cultural Affairs",1998,106082
acfr2005,gf_expenditures,292,1232,"Parks, Recreation and Cultural Activities: 126 Department of Cultural Affairs",1999,101393
acfr2005,gf_expenditures,292,1232,"Parks, Recreation and Cultural Activities: 126 Department of Cultural Affairs",2000,115593
acfr2005,gf_expenditures,292,1232,"Parks, Recreation and Cultural Activities: 126 Department of Cultural Affairs",2001,133535
acfr2005,gf_expenditures,292,1232,"Parks, Recreation and Cultural Activities: 126 Department of Cultural Affairs",2002,123144
acfr2005,gf_expenditures,292,1232,"Parks, Recreation and Cultural Activities: 126 Department of Cultural Affairs",2003,119747
acfr2005,gf_expenditures,292,1232,"Parks, Recreation and Cultural Activities: 126 Department of Cultural Affairs",2004,117308
acfr2005,gf_expenditures,292,1232,"Parks, Recreation and Cultural Activities: 126 Department of Cultural Affairs",2005,120645
acfr2005,gf_expenditures,292,1233,846 Department of Parks and Recreation,1996,145434
acfr2005,gf_expenditures,292,1233,846 Department of Parks and Recreation,1997,140229
acfr2005,gf_expenditures,292,1233,846 Department of Parks and Recreation,1998,153506
acfr2005,gf_expenditures,292,1233,846 Department of Parks and Recreation,1999,163394
acfr2005,gf_expenditures,292,1233,846 Department of Parks and Recreation,2000,172924
acfr2005,gf_expenditures,292,1233,846 Department of Parks and Recreation,2001,183615
acfr2005,gf_expenditures,292,1233,846 Department of Parks and Recreation,2002,181918
acfr2005,gf_expenditures,292,1233,846 Department of Parks and Recreation,2003,173435
acfr2005,gf_expenditures,292,1233,846 Department of Parks and Recreation,2004,199448
acfr2005,gf_expenditures,292,1233,846 Department of Parks and Recreation,2005,222355
acfr2005,gf_expenditures,292,1234,"Total Parks, Recreation and Cultural Activities",1996,244288
acfr2005,gf_expenditures,292,1234,"Total Parks, Recreation and Cultural Activities",1997,235794
acfr2005,gf_expenditures,292,1234,"Total Parks, Recreation and Cultural Activities",1998,259588
acfr2005,gf_expenditures,292,1234,"Total Parks, Recreation and Cultural Activities",1999,264787
acfr2005,gf_expenditures,292,1234,"Total Parks, Recreation and Cultural Activities",2000,288517
acfr2005,gf_expenditures,292,1234,"Total Parks, Recreation and Cultural Activities",2001,317150
acfr2005,gf_expenditures,292,1234,"Total Parks, Recreation and Cultural Activities",2002,305062
acfr2005,gf_expenditures,292,1234,"Total Parks, Recreation and Cultural Activities",2003,293182
acfr2005,gf_expenditures,292,1234,"Total Parks, Recreation and Cultural Activities",2004,316756
acfr2005,gf_expenditures,292,1234,"Total Parks, Recreation and Cultural Activities",2005,343000
acfr2005,gf_expenditures,292,1235,Housing: 806 Housing Preservation and Development,1996,392469
acfr2005,gf_expenditures,292,1235,Housing: 806 Housing Preservation and Development,1997,393383
acfr2005,gf_expenditures,292,1235,Housing: 806 Housing Preservation and Development,1998,375352
acfr2005,gf_expenditures,292,1235,Housing: 806 Housing Preservation and Development,1999,356414
acfr2005,gf_expenditures,292,1235,Housing: 806 Housing Preservation and Development,2000,353145
acfr2005,gf_expenditures,292,1235,Housing: 806 Housing Preservation and Development,2001,390112
acfr2005,gf_expenditures,292,1235,Housing: 806 Housing Preservation and Development,2002,371243
acfr2005,gf_expenditures,292,1235,Housing: 806 Housing Preservation and Development,2003,363301
acfr2005,gf_expenditures,292,1235,Housing: 806 Housing Preservation and Development,2004,390910
acfr2005,gf_expenditures,292,1235,Housing: 806 Housing Preservation and Development,2005,447355
acfr2005,gf_expenditures,292,1236,810 Department of Buildings,1996,28417
acfr2005,gf_expenditures,292,1236,810 Department of Buildings,1997,29619
acfr2005,gf_expenditures,292,1236,810 Department of Buildings,1998,34210
acfr2005,gf_expenditures,292,1236,810 Department of Buildings,1999,39517
acfr2005,gf_expenditures,292,1236,810 Department of Buildings,2000,42302
acfr2005,gf_expenditures,292,1236,810 Department of Buildings,2001,48457
acfr2005,gf_expenditures,292,1236,810 Department of Buildings,2002,55860
acfr2005,gf_expenditures,292,1236,810 Department of Buildings,2003,57557
acfr2005,gf_expenditures,292,1236,810 Department of Buildings,2004,57711
acfr2005,gf_expenditures,292,1236,810 Department of Buildings,2005,64207
acfr2005,gf_expenditures,293,1237,Housing: (cont.) Miscellaneous— Payments to Housing Authority,1996,33778
acfr2005,gf_expenditures,293,1237,Housing: (cont.) Miscellaneous— Payments to Housing Authority,1997,32584
acfr2005,gf_expenditures,293,1237,Housing: (cont.) Miscellaneous— Payments to Housing Authority,1998,33991
acfr2005,gf_expenditures,293,1237,Housing: (cont.) Miscellaneous— Payments to Housing Authority,1999,33930
acfr2005,gf_expenditures,293,1237,Housing: (cont.) Miscellaneous— Payments to Housing Authority,2000,33197
acfr2005,gf_expenditures,293,1237,Housing: (cont.) Miscellaneous— Payments to Housing Authority,2001,39068
acfr2005,gf_expenditures,293,1237,Housing: (cont.) Miscellaneous— Payments to Housing Authority,2002,13181
acfr2005,gf_expenditures,293,1237,Housing: (cont.) Miscellaneous— Payments to Housing Authority,2003,16524
acfr2005,gf_expenditures,293,1237,Housing: (cont.) Miscellaneous— Payments to Housing Authority,2004,35
acfr2005,gf_expenditures,293,1237,Housing: (cont.) Miscellaneous— Payments to Housing Authority,2005,77
acfr2005,gf_expenditures,293,1238,Total Housing,1996,454664
acfr2005,gf_expenditures,293,1238,Total Housing,1997,455586
acfr2005,gf_expenditures,293,1238,Total Housing,1998,443553
acfr2005,gf_expenditures,293,1238,Total Housing,1999,429861
acfr2005,gf_expenditures,293,1238,Total Housing,2000,428644
acfr2005,gf_expenditures,293,1238,Total Housing,2001,477637
acfr2005,gf_expenditures,293,1238,Total Housing,2002,440284
acfr2005,gf_expenditures,293,1238,Total Housing,2003,437382
acfr2005,gf_expenditures,293,1238,Total Housing,2004,448656
acfr2005,gf_expenditures,293,1238,Total Housing,2005,511639
acfr2005,gf_expenditures,293,1239,Health: 816 Department of Health and Mental Hygiene,1996,419308
acfr2005,gf_expenditures,293,1239,Health: 816 Department of Health and Mental Hygiene,1997,420275
acfr2005,gf_expenditures,293,1239,Health: 816 Department of Health and Mental Hygiene,1998,472030
acfr2005,gf_expenditures,293,1239,Health: 816 Department of Health and Mental Hygiene,1999,491603
acfr2005,gf_expenditures,293,1239,Health: 816 Department of Health and Mental Hygiene,2000,790726
acfr2005,gf_expenditures,293,1239,Health: 816 Department of Health and Mental Hygiene,2001,906947
acfr2005,gf_expenditures,293,1239,Health: 816 Department of Health and Mental Hygiene,2002,1049135
acfr2005,gf_expenditures,293,1239,Health: 816 Department of Health and Mental Hygiene,2003,1414923
acfr2005,gf_expenditures,293,1239,Health: 816 Department of Health and Mental Hygiene,2004,1441247
acfr2005,gf_expenditures,293,1239,Health: 816 Department of Health and Mental Hygiene,2005,1432047
acfr2005,gf_expenditures,293,1240,"817 Department of Mental Health, Mental Retardation and Alcoholism Services",1996,319275
acfr2005,gf_expenditures,293,1240,"817 Department of Mental Health, Mental Retardation and Alcoholism Services",1997,345284
acfr2005,gf_expenditures,293,1240,"817 Department of Mental Health, Mental Retardation and Alcoholism Services",1998,396095
acfr2005,gf_expenditures,293,1240,"817 Department of Mental Health, Mental Retardation and Alcoholism Services",1999,437292
acfr2005,gf_expenditures,293,1240,"817 Department of Mental Health, Mental Retardation and Alcoholism Services",2000,251446
acfr2005,gf_expenditures,293,1240,"817 Department of Mental Health, Mental Retardation and Alcoholism Services",2001,295114
acfr2005,gf_expenditures,293,1240,"817 Department of Mental Health, Mental Retardation and Alcoholism Services",2002,256064
acfr2005,gf_expenditures,293,1240,"817 Department of Mental Health, Mental Retardation and Alcoholism Services",2003,0
acfr2005,gf_expenditures,293,1240,"817 Department of Mental Health, Mental Retardation and Alcoholism Services",2004,0
acfr2005,gf_expenditures,293,1240,"817 Department of Mental Health, Mental Retardation and Alcoholism Services",2005,0
acfr2005,gf_expenditures,293,1241,819 Health and Hospitals Corporation,1996,1090173
acfr2005,gf_expenditures,293,1241,819 Health and Hospitals Corporation,1997,682924
acfr2005,gf_expenditures,293,1241,819 Health and Hospitals Corporation,1998,684601
acfr2005,gf_expenditures,293,1241,819 Health and Hospitals Corporation,1999,722094
acfr2005,gf_expenditures,293,1241,819 Health and Hospitals Corporation,2000,735127
acfr2005,gf_expenditures,293,1241,819 Health and Hospitals Corporation,2001,757023
acfr2005,gf_expenditures,293,1241,819 Health and Hospitals Corporation,2002,826307
acfr2005,gf_expenditures,293,1241,819 Health and Hospitals Corporation,2003,826572
acfr2005,gf_expenditures,293,1241,819 Health and Hospitals Corporation,2004,976875
acfr2005,gf_expenditures,293,1241,819 Health and Hospitals Corporation,2005,992136
acfr2005,gf_expenditures,293,1242,266 Total Health,1996,1828756
acfr2005,gf_expenditures,293,1242,266 Total Health,1997,1448483
acfr2005,gf_expenditures,293,1242,266 Total Health,1998,1552726
acfr2005,gf_expenditures,293,1242,266 Total Health,1999,1650989
acfr2005,gf_expenditures,293,1242,266 Total Health,2000,1777299
acfr2005,gf_expenditures,293,1242,266 Total Health,2001,1959084
acfr2005,gf_expenditures,293,1242,266 Total Health,2002,2131506
acfr2005,gf_expenditures,293,1242,266 Total Health,2003,2241495
acfr2005,gf_expenditures,293,1242,266 Total Health,2004,2418122
acfr2005,gf_expenditures,293,1242,266 Total Health,2005,2424183
acfr2005,gf_expenditures,293,1243,Libraries: 035 New York Research Libraries,1996,9997
acfr2005,gf_expenditures,293,1243,Libraries: 035 New York Research Libraries,1997,12908
acfr2005,gf_expenditures,293,1243,Libraries: 035 New York Research Libraries,1998,13275
acfr2005,gf_expenditures,293,1243,Libraries: 035 New York Research Libraries,1999,14051
acfr2005,gf_expenditures,293,1243,Libraries: 035 New York Research Libraries,2000,14660
acfr2005,gf_expenditures,293,1243,Libraries: 035 New York Research Libraries,2001,25597
acfr2005,gf_expenditures,293,1243,Libraries: 035 New York Research Libraries,2002,9198
acfr2005,gf_expenditures,293,1243,Libraries: 035 New York Research Libraries,2003,24332
acfr2005,gf_expenditures,293,1243,Libraries: 035 New York Research Libraries,2004,17367
acfr2005,gf_expenditures,293,1243,Libraries: 035 New York Research Libraries,2005,24210
acfr2005,gf_expenditures,293,1244,037 New York Public Library,1996,100119
acfr2005,gf_expenditures,293,1244,037 New York Public Library,1997,41042
acfr2005,gf_expenditures,293,1244,037 New York Public Library,1998,79472
acfr2005,gf_expenditures,293,1244,037 New York Public Library,1999,81871
acfr2005,gf_expenditures,293,1244,037 New York Public Library,2000,89047
acfr2005,gf_expenditures,293,1244,037 New York Public Library,2001,146176
acfr2005,gf_expenditures,293,1244,037 New York Public Library,2002,46906
acfr2005,gf_expenditures,293,1244,037 New York Public Library,2003,128371
acfr2005,gf_expenditures,293,1244,037 New York Public Library,2004,91647
acfr2005,gf_expenditures,293,1244,037 New York Public Library,2005,136694
acfr2005,gf_expenditures,293,1245,038 Brooklyn Public Library,1996,72917
acfr2005,gf_expenditures,293,1245,038 Brooklyn Public Library,1997,28134
acfr2005,gf_expenditures,293,1245,038 Brooklyn Public Library,1998,55257
acfr2005,gf_expenditures,293,1245,038 Brooklyn Public Library,1999,59144
acfr2005,gf_expenditures,293,1245,038 Brooklyn Public Library,2000,66104
acfr2005,gf_expenditures,293,1245,038 Brooklyn Public Library,2001,107650
acfr2005,gf_expenditures,293,1245,038 Brooklyn Public Library,2002,34764
acfr2005,gf_expenditures,293,1245,038 Brooklyn Public Library,2003,94765
acfr2005,gf_expenditures,293,1245,038 Brooklyn Public Library,2004,68381
acfr2005,gf_expenditures,293,1245,038 Brooklyn Public Library,2005,102625
acfr2005,gf_expenditures,293,1246,039 Queens Borough Public Library,1996,69966
acfr2005,gf_expenditures,293,1246,039 Queens Borough Public Library,1997,25493
acfr2005,gf_expenditures,293,1246,039 Queens Borough Public Library,1998,54046
acfr2005,gf_expenditures,293,1246,039 Queens Borough Public Library,1999,57177
acfr2005,gf_expenditures,293,1246,039 Queens Borough Public Library,2000,62711
acfr2005,gf_expenditures,293,1246,039 Queens Borough Public Library,2001,103352
acfr2005,gf_expenditures,293,1246,039 Queens Borough Public Library,2002,32940
acfr2005,gf_expenditures,293,1246,039 Queens Borough Public Library,2003,90171
acfr2005,gf_expenditures,293,1246,039 Queens Borough Public Library,2004,64395
acfr2005,gf_expenditures,293,1246,039 Queens Borough Public Library,2005,98781
acfr2005,gf_expenditures,293,1247,Total Libraries,1996,252999
acfr2005,gf_expenditures,293,1247,Total Libraries,1997,107577
acfr2005,gf_expenditures,293,1247,Total Libraries,1998,202050
acfr2005,gf_expenditures,293,1247,Total Libraries,1999,212243
acfr2005,gf_expenditures,293,1247,Total Libraries,2000,232522
acfr2005,gf_expenditures,293,1247,Total Libraries,2001,382775
acfr2005,gf_expenditures,293,1247,Total Libraries,2002,123808
acfr2005,gf_expenditures,293,1247,Total Libraries,2003,337639
acfr2005,gf_expenditures,293,1247,Total Libraries,2004,241790
acfr2005,gf_expenditures,293,1247,Total Libraries,2005,362310
acfr2005,gf_expenditures,293,1248,Pensions: 095 Pension Contributions,1996,1356476
acfr2005,gf_expenditures,293,1248,Pensions: 095 Pension Contributions,1997,1318556
acfr2005,gf_expenditures,293,1248,Pensions: 095 Pension Contributions,1998,1408604
acfr2005,gf_expenditures,293,1248,Pensions: 095 Pension Contributions,1999,1342415
acfr2005,gf_expenditures,293,1248,Pensions: 095 Pension Contributions,2000,615085
acfr2005,gf_expenditures,293,1248,Pensions: 095 Pension Contributions,2001,1127129
acfr2005,gf_expenditures,293,1248,Pensions: 095 Pension Contributions,2002,1391896
acfr2005,gf_expenditures,293,1248,Pensions: 095 Pension Contributions,2003,1630581
acfr2005,gf_expenditures,293,1248,Pensions: 095 Pension Contributions,2004,2308370
acfr2005,gf_expenditures,293,1248,Pensions: 095 Pension Contributions,2005,3233826
acfr2005,gf_expenditures,293,1249,Judgments and Claims,1996,308663
acfr2005,gf_expenditures,293,1249,Judgments and Claims,1997,326293
acfr2005,gf_expenditures,293,1249,Judgments and Claims,1998,386127
acfr2005,gf_expenditures,293,1249,Judgments and Claims,1999,424305
acfr2005,gf_expenditures,293,1249,Judgments and Claims,2000,490669
acfr2005,gf_expenditures,293,1249,Judgments and Claims,2001,594846
acfr2005,gf_expenditures,293,1249,Judgments and Claims,2002,521834
acfr2005,gf_expenditures,293,1249,Judgments and Claims,2003,626916
acfr2005,gf_expenditures,293,1249,Judgments and Claims,2004,591001
acfr2005,gf_expenditures,293,1249,Judgments and Claims,2005,590294
acfr2005,gf_expenditures,293,1250,Fringe Benefits and Other Benefit Payments,1996,1581649
acfr2005,gf_expenditures,293,1250,Fringe Benefits and Other Benefit Payments,1997,1732249
acfr2005,gf_expenditures,293,1250,Fringe Benefits and Other Benefit Payments,1998,1811089
acfr2005,gf_expenditures,293,1250,Fringe Benefits and Other Benefit Payments,1999,1824980
acfr2005,gf_expenditures,293,1250,Fringe Benefits and Other Benefit Payments,2000,2065166
acfr2005,gf_expenditures,293,1250,Fringe Benefits and Other Benefit Payments,2001,2200117
acfr2005,gf_expenditures,293,1250,Fringe Benefits and Other Benefit Payments,2002,2426144
acfr2005,gf_expenditures,293,1250,Fringe Benefits and Other Benefit Payments,2003,2606861
acfr2005,gf_expenditures,293,1250,Fringe Benefits and Other Benefit Payments,2004,2755010
acfr2005,gf_expenditures,293,1250,Fringe Benefits and Other Benefit Payments,2005,2947681
acfr2005,gf_expenditures,294,1251,Other: 098 Miscellaneous,1996,139494
acfr2005,gf_expenditures,294,1251,Other: 098 Miscellaneous,1997,184061
acfr2005,gf_expenditures,294,1251,Other: 098 Miscellaneous,1998,334588
acfr2005,gf_expenditures,294,1251,Other: 098 Miscellaneous,1999,48206
acfr2005,gf_expenditures,294,1251,Other: 098 Miscellaneous,2000,-48848
acfr2005,gf_expenditures,294,1251,Other: 098 Miscellaneous,2001,301698
acfr2005,gf_expenditures,294,1251,Other: 098 Miscellaneous,2002,359640
acfr2005,gf_expenditures,294,1251,Other: 098 Miscellaneous,2003,472971
acfr2005,gf_expenditures,294,1251,Other: 098 Miscellaneous,2004,484289
acfr2005,gf_expenditures,294,1251,Other: 098 Miscellaneous,2005,869351
acfr2005,gf_expenditures,294,1252,Transfers: Debt Service 099 General Debt Service Fund,1996,2442227
acfr2005,gf_expenditures,294,1252,Transfers: Debt Service 099 General Debt Service Fund,1997,4127069
acfr2005,gf_expenditures,294,1252,Transfers: Debt Service 099 General Debt Service Fund,1998,2903466
acfr2005,gf_expenditures,294,1252,Transfers: Debt Service 099 General Debt Service Fund,1999,3353774
acfr2005,gf_expenditures,294,1252,Transfers: Debt Service 099 General Debt Service Fund,2000,3164273
acfr2005,gf_expenditures,294,1252,Transfers: Debt Service 099 General Debt Service Fund,2001,2387690
acfr2005,gf_expenditures,294,1252,Transfers: Debt Service 099 General Debt Service Fund,2002,1246042
acfr2005,gf_expenditures,294,1252,Transfers: Debt Service 099 General Debt Service Fund,2003,2109585
acfr2005,gf_expenditures,294,1252,Transfers: Debt Service 099 General Debt Service Fund,2004,3326688
acfr2005,gf_expenditures,294,1252,Transfers: Debt Service 099 General Debt Service Fund,2005,3816394
acfr2005,gf_expenditures,294,1253,Interest on Short-term Borrowings,1996,70277
acfr2005,gf_expenditures,294,1253,Interest on Short-term Borrowings,1997,57245
acfr2005,gf_expenditures,294,1253,Interest on Short-term Borrowings,1998,30587
acfr2005,gf_expenditures,294,1253,Interest on Short-term Borrowings,1999,6640
acfr2005,gf_expenditures,294,1253,Interest on Short-term Borrowings,2000,12418
acfr2005,gf_expenditures,294,1253,Interest on Short-term Borrowings,2001,13584
acfr2005,gf_expenditures,294,1253,Interest on Short-term Borrowings,2002,14373
acfr2005,gf_expenditures,294,1253,Interest on Short-term Borrowings,2003,10602
acfr2005,gf_expenditures,294,1253,Interest on Short-term Borrowings,2004,7370
acfr2005,gf_expenditures,294,1253,Interest on Short-term Borrowings,2005,0
acfr2005,gf_expenditures,294,1254,Lease Payments,1996,0
acfr2005,gf_expenditures,294,1254,Lease Payments,1997,0
acfr2005,gf_expenditures,294,1254,Lease Payments,1998,0
acfr2005,gf_expenditures,294,1254,Lease Payments,1999,0
acfr2005,gf_expenditures,294,1254,Lease Payments,2000,159293
acfr2005,gf_expenditures,294,1254,Lease Payments,2001,118138
acfr2005,gf_expenditures,294,1254,Lease Payments,2002,107686
acfr2005,gf_expenditures,294,1254,Lease Payments,2003,186091
acfr2005,gf_expenditures,294,1254,Lease Payments,2004,134597
acfr2005,gf_expenditures,294,1254,Lease Payments,2005,204654
acfr2005,gf_expenditures,294,1255,Nonmajor Debt Service Funds,1996,0
acfr2005,gf_expenditures,294,1255,Nonmajor Debt Service Funds,1997,0
acfr2005,gf_expenditures,294,1255,Nonmajor Debt Service Funds,1998,0
acfr2005,gf_expenditures,294,1255,Nonmajor Debt Service Funds,1999,0
acfr2005,gf_expenditures,294,1255,Nonmajor Debt Service Funds,2000,2951
acfr2005,gf_expenditures,294,1255,Nonmajor Debt Service Funds,2001,2946
acfr2005,gf_expenditures,294,1255,Nonmajor Debt Service Funds,2002,2958
acfr2005,gf_expenditures,294,1255,Nonmajor Debt Service Funds,2003,2936
acfr2005,gf_expenditures,294,1255,Nonmajor Debt Service Funds,2004,2938
acfr2005,gf_expenditures,294,1255,Nonmajor Debt Service Funds,2005,1471
acfr2005,gf_expenditures,294,1256,100 MAC Debt Service Funding,1996,132000
acfr2005,gf_expenditures,294,1256,100 MAC Debt Service Funding,1997,264000
acfr2005,gf_expenditures,294,1256,100 MAC Debt Service Funding,1998,773000
acfr2005,gf_expenditures,294,1256,100 MAC Debt Service Funding,1999,385900
acfr2005,gf_expenditures,294,1256,100 MAC Debt Service Funding,2000,450500
acfr2005,gf_expenditures,294,1256,100 MAC Debt Service Funding,2001,457900
acfr2005,gf_expenditures,294,1256,100 MAC Debt Service Funding,2002,5000
acfr2005,gf_expenditures,294,1256,100 MAC Debt Service Funding,2003,225236
acfr2005,gf_expenditures,294,1256,100 MAC Debt Service Funding,2004,501534
acfr2005,gf_expenditures,294,1256,100 MAC Debt Service Funding,2005,110772
acfr2005,gf_expenditures,294,1257,Miscellaneous—Payments 267 for Debt Service,1996,0
acfr2005,gf_expenditures,294,1257,Miscellaneous—Payments 267 for Debt Service,1997,0
acfr2005,gf_expenditures,294,1257,Miscellaneous—Payments 267 for Debt Service,1998,0
acfr2005,gf_expenditures,294,1257,Miscellaneous—Payments 267 for Debt Service,1999,0
acfr2005,gf_expenditures,294,1257,Miscellaneous—Payments 267 for Debt Service,2000,0
acfr2005,gf_expenditures,294,1257,Miscellaneous—Payments 267 for Debt Service,2001,0
acfr2005,gf_expenditures,294,1257,Miscellaneous—Payments 267 for Debt Service,2002,0
acfr2005,gf_expenditures,294,1257,Miscellaneous—Payments 267 for Debt Service,2003,0
acfr2005,gf_expenditures,294,1257,Miscellaneous—Payments 267 for Debt Service,2004,200000
acfr2005,gf_expenditures,294,1257,Miscellaneous—Payments 267 for Debt Service,2005,200000
acfr2005,gf_expenditures,294,1258,Total Transfers for Debt Service,1996,2644504
acfr2005,gf_expenditures,294,1258,Total Transfers for Debt Service,1997,4448314
acfr2005,gf_expenditures,294,1258,Total Transfers for Debt Service,1998,3707053
acfr2005,gf_expenditures,294,1258,Total Transfers for Debt Service,1999,3746314
acfr2005,gf_expenditures,294,1258,Total Transfers for Debt Service,2000,3789435
acfr2005,gf_expenditures,294,1258,Total Transfers for Debt Service,2001,2980258
acfr2005,gf_expenditures,294,1258,Total Transfers for Debt Service,2002,1376059
acfr2005,gf_expenditures,294,1258,Total Transfers for Debt Service,2003,2534450
acfr2005,gf_expenditures,294,1258,Total Transfers for Debt Service,2004,4173127
acfr2005,gf_expenditures,294,1258,Total Transfers for Debt Service,2005,4333291
acfr2005,gf_expenditures,294,1259,Nonmajor Debt Service Funds,1996,0
acfr2005,gf_expenditures,294,1259,Nonmajor Debt Service Funds,1997,0
acfr2005,gf_expenditures,294,1259,Nonmajor Debt Service Funds,1998,0
acfr2005,gf_expenditures,294,1259,Nonmajor Debt Service Funds,1999,0
acfr2005,gf_expenditures,294,1259,Nonmajor Debt Service Funds,2000,0
acfr2005,gf_expenditures,294,1259,Nonmajor Debt Service Funds,2001,0
acfr2005,gf_expenditures,294,1259,Nonmajor Debt Service Funds,2002,0
acfr2005,gf_expenditures,294,1259,Nonmajor Debt Service Funds,2003,624000
acfr2005,gf_expenditures,294,1259,Nonmajor Debt Service Funds,2004,400000
acfr2005,gf_expenditures,294,1259,Nonmajor Debt Service Funds,2005,947242
acfr2005,gf_expenditures,294,1260,Total Transfers,1996,2644504
acfr2005,gf_expenditures,294,1260,Total Transfers,1997,4448314
acfr2005,gf_expenditures,294,1260,Total Transfers,1998,3707053
acfr2005,gf_expenditures,294,1260,Total Transfers,1999,3746314
acfr2005,gf_expenditures,294,1260,Total Transfers,2000,3789435
acfr2005,gf_expenditures,294,1260,Total Transfers,2001,2980258
acfr2005,gf_expenditures,294,1260,Total Transfers,2002,1376059
acfr2005,gf_expenditures,294,1260,Total Transfers,2003,3158450
acfr2005,gf_expenditures,294,1260,Total Transfers,2004,4573127
acfr2005,gf_expenditures,294,1260,Total Transfers,2005,5280533
acfr2005,gf_expenditures,294,1261,Total Expenditures and Other Financing Uses,1996,32066586
acfr2005,gf_expenditures,294,1261,Total Expenditures and Other Financing Uses,1997,33736152
acfr2005,gf_expenditures,294,1261,Total Expenditures and Other Financing Uses,1998,34923250
acfr2005,gf_expenditures,294,1261,Total Expenditures and Other Financing Uses,1999,35858612
acfr2005,gf_expenditures,294,1261,Total Expenditures and Other Financing Uses,2000,37879886
acfr2005,gf_expenditures,294,1261,Total Expenditures and Other Financing Uses,2001,40226977
acfr2005,gf_expenditures,294,1261,Total Expenditures and Other Financing Uses,2002,40860000
acfr2005,gf_expenditures,294,1261,Total Expenditures and Other Financing Uses,2003,44340229
acfr2005,gf_expenditures,294,1261,Total Expenditures and Other Financing Uses,2004,47292395
acfr2005,gf_expenditures,294,1261,Total Expenditures and Other Financing Uses,2005,52789712
acfr2025,capital_expenditures,462,1262,General Government: Department of Small Business Services,2020,276864
acfr2025,capital_expenditures,462,1262,General Government: Department of Small Business Services,2021,208774
acfr2025,capital_expenditures,462,1262,General Government: Department of Small Business Services,2022,304195
acfr2025,capital_expenditures,462,1262,General Government: Department of Small Business Services,2023,446145
acfr2025,capital_expenditures,462,1262,General Government: Department of Small Business Services,2024,395081
acfr2025,capital_expenditures,462,1262,General Government: Department of Small Business Services,2025,387167
acfr2025,capital_expenditures,462,1263,Department of Citywide Administrative Services,2020,449428
acfr2025,capital_expenditures,462,1263,Department of Citywide Administrative Services,2021,471882
acfr2025,capital_expenditures,462,1263,Department of Citywide Administrative Services,2022,571629
acfr2025,capital_expenditures,462,1263,Department of Citywide Administrative Services,2023,741131
acfr2025,capital_expenditures,462,1263,Department of Citywide Administrative Services,2024,881629
acfr2025,capital_expenditures,462,1263,Department of Citywide Administrative Services,2025,980482
acfr2025,capital_expenditures,462,1264,Department of Information Technology and Telecommunications,2020,74780
acfr2025,capital_expenditures,462,1264,Department of Information Technology and Telecommunications,2021,249086
acfr2025,capital_expenditures,462,1264,Department of Information Technology and Telecommunications,2022,187122
acfr2025,capital_expenditures,462,1264,Department of Information Technology and Telecommunications,2023,167046
acfr2025,capital_expenditures,462,1264,Department of Information Technology and Telecommunications,2024,194447
acfr2025,capital_expenditures,462,1264,Department of Information Technology and Telecommunications,2025,78644
acfr2025,capital_expenditures,462,1265,Total General Government,2020,801072
acfr2025,capital_expenditures,462,1265,Total General Government,2021,929742
acfr2025,capital_expenditures,462,1265,Total General Government,2022,1062946
acfr2025,capital_expenditures,462,1265,Total General Government,2023,1354322
acfr2025,capital_expenditures,462,1265,Total General Government,2024,1471157
acfr2025,capital_expenditures,462,1265,Total General Government,2025,1446293
acfr2025,capital_expenditures,462,1266,Public Safety and Judicial: Police Department,2020,251882
acfr2025,capital_expenditures,462,1266,Public Safety and Judicial: Police Department,2021,143902
acfr2025,capital_expenditures,462,1266,Public Safety and Judicial: Police Department,2022,192272
acfr2025,capital_expenditures,462,1266,Public Safety and Judicial: Police Department,2023,157381
acfr2025,capital_expenditures,462,1266,Public Safety and Judicial: Police Department,2024,177639
acfr2025,capital_expenditures,462,1266,Public Safety and Judicial: Police Department,2025,143498
acfr2025,capital_expenditures,462,1267,Fire Department,2020,79151
acfr2025,capital_expenditures,462,1267,Fire Department,2021,89345
acfr2025,capital_expenditures,462,1267,Fire Department,2022,133804
acfr2025,capital_expenditures,462,1267,Fire Department,2023,98243
acfr2025,capital_expenditures,462,1267,Fire Department,2024,136748
acfr2025,capital_expenditures,462,1267,Fire Department,2025,129737
acfr2025,capital_expenditures,462,1268,Department of Correction,2020,36442
acfr2025,capital_expenditures,462,1268,Department of Correction,2021,83942
acfr2025,capital_expenditures,462,1268,Department of Correction,2022,265480
acfr2025,capital_expenditures,462,1268,Department of Correction,2023,334301
acfr2025,capital_expenditures,462,1268,Department of Correction,2024,321073
acfr2025,capital_expenditures,462,1268,Department of Correction,2025,1008294
acfr2025,capital_expenditures,462,1269,Total Public Safety and Judicial,2020,367475
acfr2025,capital_expenditures,462,1269,Total Public Safety and Judicial,2021,317189
acfr2025,capital_expenditures,462,1269,Total Public Safety and Judicial,2022,591556
acfr2025,capital_expenditures,462,1269,Total Public Safety and Judicial,2023,589925
acfr2025,capital_expenditures,462,1269,Total Public Safety and Judicial,2024,635460
acfr2025,capital_expenditures,462,1269,Total Public Safety and Judicial,2025,1281529
acfr2025,capital_expenditures,462,1270,Education: Department of Education,2020,2853275
acfr2025,capital_expenditures,462,1270,Education: Department of Education,2021,2373756
acfr2025,capital_expenditures,462,1270,Education: Department of Education,2022,3079886
acfr2025,capital_expenditures,462,1270,Education: Department of Education,2023,3703304
acfr2025,capital_expenditures,462,1270,Education: Department of Education,2024,4221451
acfr2025,capital_expenditures,462,1270,Education: Department of Education,2025,3804488
acfr2025,capital_expenditures,462,1271,City University of New York: Senior Colleges,2020,16099
acfr2025,capital_expenditures,462,1271,City University of New York: Senior Colleges,2021,2987
acfr2025,capital_expenditures,462,1271,City University of New York: Senior Colleges,2022,3543
acfr2025,capital_expenditures,462,1271,City University of New York: Senior Colleges,2023,1879
acfr2025,capital_expenditures,462,1271,City University of New York: Senior Colleges,2024,5877
acfr2025,capital_expenditures,462,1271,City University of New York: Senior Colleges,2025,29362
acfr2025,capital_expenditures,462,1272,Community Colleges,2020,36047
acfr2025,capital_expenditures,462,1272,Community Colleges,2021,23825
acfr2025,capital_expenditures,462,1272,Community Colleges,2022,30155
acfr2025,capital_expenditures,462,1272,Community Colleges,2023,18357
acfr2025,capital_expenditures,462,1272,Community Colleges,2024,9377
acfr2025,capital_expenditures,462,1272,Community Colleges,2025,24527
acfr2025,capital_expenditures,462,1273,Total Education,2020,2905421
acfr2025,capital_expenditures,462,1273,Total Education,2021,2400568
acfr2025,capital_expenditures,462,1273,Total Education,2022,3113584
acfr2025,capital_expenditures,462,1273,Total Education,2023,3723540
acfr2025,capital_expenditures,462,1273,Total Education,2024,4236705
acfr2025,capital_expenditures,462,1273,Total Education,2025,3858377
acfr2025,capital_expenditures,462,1274,Social Services: Administration for Children’s Services,2020,26220
acfr2025,capital_expenditures,462,1274,Social Services: Administration for Children’s Services,2021,29053
acfr2025,capital_expenditures,462,1274,Social Services: Administration for Children’s Services,2022,6665
acfr2025,capital_expenditures,462,1274,Social Services: Administration for Children’s Services,2023,8678
acfr2025,capital_expenditures,462,1274,Social Services: Administration for Children’s Services,2024,13926
acfr2025,capital_expenditures,462,1274,Social Services: Administration for Children’s Services,2025,69716
acfr2025,capital_expenditures,462,1275,Department of Homeless Services,2020,30670
acfr2025,capital_expenditures,462,1275,Department of Homeless Services,2021,31359
acfr2025,capital_expenditures,462,1275,Department of Homeless Services,2022,30829
acfr2025,capital_expenditures,462,1275,Department of Homeless Services,2023,31026
acfr2025,capital_expenditures,462,1275,Department of Homeless Services,2024,26070
acfr2025,capital_expenditures,462,1275,Department of Homeless Services,2025,34255
acfr2025,capital_expenditures,462,1276,Human Resources Administration,2020,44060
acfr2025,capital_expenditures,462,1276,Human Resources Administration,2021,34272
acfr2025,capital_expenditures,462,1276,Human Resources Administration,2022,20817
acfr2025,capital_expenditures,462,1276,Human Resources Administration,2023,22540
acfr2025,capital_expenditures,462,1276,Human Resources Administration,2024,53970
acfr2025,capital_expenditures,462,1276,Human Resources Administration,2025,93642
acfr2025,capital_expenditures,462,1277,Department for the Aging,2020,6340
acfr2025,capital_expenditures,462,1277,Department for the Aging,2021,1794
acfr2025,capital_expenditures,462,1277,Department for the Aging,2022,496
acfr2025,capital_expenditures,462,1277,Department for the Aging,2023,7162
acfr2025,capital_expenditures,462,1277,Department for the Aging,2024,2649
acfr2025,capital_expenditures,462,1277,Department for the Aging,2025,1932
acfr2025,capital_expenditures,462,1278,Total Social Services,2020,107290
acfr2025,capital_expenditures,462,1278,Total Social Services,2021,96478
acfr2025,capital_expenditures,462,1278,Total Social Services,2022,58807
acfr2025,capital_expenditures,462,1278,Total Social Services,2023,69406
acfr2025,capital_expenditures,462,1278,Total Social Services,2024,96615
acfr2025,capital_expenditures,462,1278,Total Social Services,2025,199545
acfr2025,capital_expenditures,462,1279,Environmental Protection: Department of Sanitation,2020,202388
acfr2025,capital_expenditures,462,1279,Environmental Protection: Department of Sanitation,2021,251878
acfr2025,capital_expenditures,462,1279,Environmental Protection: Department of Sanitation,2022,195507
acfr2025,capital_expenditures,462,1279,Environmental Protection: Department of Sanitation,2023,255557
acfr2025,capital_expenditures,462,1279,Environmental Protection: Department of Sanitation,2024,423945
acfr2025,capital_expenditures,462,1279,Environmental Protection: Department of Sanitation,2025,356495
acfr2025,capital_expenditures,462,1280,Department of Environmental Protection,2020,1845933
acfr2025,capital_expenditures,462,1280,Department of Environmental Protection,2021,1815979
acfr2025,capital_expenditures,462,1280,Department of Environmental Protection,2022,1764940
acfr2025,capital_expenditures,462,1280,Department of Environmental Protection,2023,1592509
acfr2025,capital_expenditures,462,1280,Department of Environmental Protection,2024,1717406
acfr2025,capital_expenditures,462,1280,Department of Environmental Protection,2025,2025988
acfr2025,capital_expenditures,462,1281,Total Environmental Protection,2020,2048321
acfr2025,capital_expenditures,462,1281,Total Environmental Protection,2021,2067857
acfr2025,capital_expenditures,462,1281,Total Environmental Protection,2022,1960447
acfr2025,capital_expenditures,462,1281,Total Environmental Protection,2023,1848066
acfr2025,capital_expenditures,462,1281,Total Environmental Protection,2024,2141351
acfr2025,capital_expenditures,462,1281,Total Environmental Protection,2025,2382483
acfr2025,capital_expenditures,463,1282,General Government: Department of Small Business Services,2016,173418
acfr2025,capital_expenditures,463,1282,General Government: Department of Small Business Services,2017,285565
acfr2025,capital_expenditures,463,1282,General Government: Department of Small Business Services,2018,304703
acfr2025,capital_expenditures,463,1282,General Government: Department of Small Business Services,2019,436487
acfr2025,capital_expenditures,463,1283,Department of Citywide Administrative Services,2016,284900
acfr2025,capital_expenditures,463,1283,Department of Citywide Administrative Services,2017,358740
acfr2025,capital_expenditures,463,1283,Department of Citywide Administrative Services,2018,415912
acfr2025,capital_expenditures,463,1283,Department of Citywide Administrative Services,2019,386560
acfr2025,capital_expenditures,463,1284,Department of Information Technology and Telecommunications,2016,206501
acfr2025,capital_expenditures,463,1284,Department of Information Technology and Telecommunications,2017,95872
acfr2025,capital_expenditures,463,1284,Department of Information Technology and Telecommunications,2018,102222
acfr2025,capital_expenditures,463,1284,Department of Information Technology and Telecommunications,2019,81714
acfr2025,capital_expenditures,463,1285,Total General Government,2016,664819
acfr2025,capital_expenditures,463,1285,Total General Government,2017,740177
acfr2025,capital_expenditures,463,1285,Total General Government,2018,822837
acfr2025,capital_expenditures,463,1285,Total General Government,2019,904761
acfr2025,capital_expenditures,463,1286,Public Safety and Judicial: Police Department,2016,168345
acfr2025,capital_expenditures,463,1286,Public Safety and Judicial: Police Department,2017,160271
acfr2025,capital_expenditures,463,1286,Public Safety and Judicial: Police Department,2018,222836
acfr2025,capital_expenditures,463,1286,Public Safety and Judicial: Police Department,2019,198679
acfr2025,capital_expenditures,463,1287,Fire Department,2016,77894
acfr2025,capital_expenditures,463,1287,Fire Department,2017,104125
acfr2025,capital_expenditures,463,1287,Fire Department,2018,124633
acfr2025,capital_expenditures,463,1287,Fire Department,2019,69417
acfr2025,capital_expenditures,463,1288,Department of Correction,2016,80840
acfr2025,capital_expenditures,463,1288,Department of Correction,2017,100437
acfr2025,capital_expenditures,463,1288,Department of Correction,2018,47823
acfr2025,capital_expenditures,463,1288,Department of Correction,2019,30083
acfr2025,capital_expenditures,463,1289,Total Public Safety and Judicial,2016,327079
acfr2025,capital_expenditures,463,1289,Total Public Safety and Judicial,2017,364833
acfr2025,capital_expenditures,463,1289,Total Public Safety and Judicial,2018,395292
acfr2025,capital_expenditures,463,1289,Total Public Safety and Judicial,2019,298179
acfr2025,capital_expenditures,463,1290,Education: Department of Education,2016,2475122
acfr2025,capital_expenditures,463,1290,Education: Department of Education,2017,2706201
acfr2025,capital_expenditures,463,1290,Education: Department of Education,2018,2352609
acfr2025,capital_expenditures,463,1290,Education: Department of Education,2019,2829691
acfr2025,capital_expenditures,463,1291,City University of New York: Senior Colleges,2016,19059
acfr2025,capital_expenditures,463,1291,City University of New York: Senior Colleges,2017,12429
acfr2025,capital_expenditures,463,1291,City University of New York: Senior Colleges,2018,24898
acfr2025,capital_expenditures,463,1291,City University of New York: Senior Colleges,2019,20195
acfr2025,capital_expenditures,463,1292,Community Colleges,2016,37935
acfr2025,capital_expenditures,463,1292,Community Colleges,2017,50674
acfr2025,capital_expenditures,463,1292,Community Colleges,2018,42407
acfr2025,capital_expenditures,463,1292,Community Colleges,2019,41492
acfr2025,capital_expenditures,463,1293,Total Education,2016,2532116
acfr2025,capital_expenditures,463,1293,Total Education,2017,2769304
acfr2025,capital_expenditures,463,1293,Total Education,2018,2419914
acfr2025,capital_expenditures,463,1293,Total Education,2019,2891378
acfr2025,capital_expenditures,463,1294,Social Services: Administration for Children’s Services,2016,13362
acfr2025,capital_expenditures,463,1294,Social Services: Administration for Children’s Services,2017,14194
acfr2025,capital_expenditures,463,1294,Social Services: Administration for Children’s Services,2018,53602
acfr2025,capital_expenditures,463,1294,Social Services: Administration for Children’s Services,2019,84014
acfr2025,capital_expenditures,463,1295,Department of Homeless Services,2016,14680
acfr2025,capital_expenditures,463,1295,Department of Homeless Services,2017,11864
acfr2025,capital_expenditures,463,1295,Department of Homeless Services,2018,21188
acfr2025,capital_expenditures,463,1295,Department of Homeless Services,2019,28411
acfr2025,capital_expenditures,463,1296,Human Resources Administration,2016,28939
acfr2025,capital_expenditures,463,1296,Human Resources Administration,2017,78297
acfr2025,capital_expenditures,463,1296,Human Resources Administration,2018,197598
acfr2025,capital_expenditures,463,1296,Human Resources Administration,2019,53706
acfr2025,capital_expenditures,463,1297,Department for the Aging,2016,3105
acfr2025,capital_expenditures,463,1297,Department for the Aging,2017,7401
acfr2025,capital_expenditures,463,1297,Department for the Aging,2018,2269
acfr2025,capital_expenditures,463,1297,Department for the Aging,2019,1283
acfr2025,capital_expenditures,463,1298,Total Social Services,2016,60086
acfr2025,capital_expenditures,463,1298,Total Social Services,2017,111756
acfr2025,capital_expenditures,463,1298,Total Social Services,2018,274657
acfr2025,capital_expenditures,463,1298,Total Social Services,2019,167414
acfr2025,capital_expenditures,463,1299,Environmental Protection: Department of Sanitation,2016,323649
acfr2025,capital_expenditures,463,1299,Environmental Protection: Department of Sanitation,2017,323734
acfr2025,capital_expenditures,463,1299,Environmental Protection: Department of Sanitation,2018,289520
acfr2025,capital_expenditures,463,1299,Environmental Protection: Department of Sanitation,2019,242846
acfr2025,capital_expenditures,463,1300,Department of Environmental Protection,2016,1378234
acfr2025,capital_expenditures,463,1300,Department of Environmental Protection,2017,1453949
acfr2025,capital_expenditures,463,1300,Department of Environmental Protection,2018,1687883
acfr2025,capital_expenditures,463,1300,Department of Environmental Protection,2019,1991756
acfr2025,capital_expenditures,463,1301,Total Environmental Protection,2016,1701883
acfr2025,capital_expenditures,463,1301,Total Environmental Protection,2017,1777683
acfr2025,capital_expenditures,463,1301,Total Environmental Protection,2018,1977403
acfr2025,capital_expenditures,463,1301,Total Environmental Protection,2019,2234602
acfr2025,capital_expenditures,464,1302,Transportation Services: Transit Authority,2020,95116
acfr2025,capital_expenditures,464,1302,Transportation Services: Transit Authority,2021,78785
acfr2025,capital_expenditures,464,1302,Transportation Services: Transit Authority,2022,421614
acfr2025,capital_expenditures,464,1302,Transportation Services: Transit Authority,2023,478547
acfr2025,capital_expenditures,464,1302,Transportation Services: Transit Authority,2024,548334
acfr2025,capital_expenditures,464,1302,Transportation Services: Transit Authority,2025,800140
acfr2025,capital_expenditures,464,1303,Department of Transportation,2020,1340848
acfr2025,capital_expenditures,464,1303,Department of Transportation,2021,1187229
acfr2025,capital_expenditures,464,1303,Department of Transportation,2022,1082674
acfr2025,capital_expenditures,464,1303,Department of Transportation,2023,943350
acfr2025,capital_expenditures,464,1303,Department of Transportation,2024,1254397
acfr2025,capital_expenditures,464,1303,Department of Transportation,2025,1244376
acfr2025,capital_expenditures,464,1304,Total Transportation Services,2020,1435964
acfr2025,capital_expenditures,464,1304,Total Transportation Services,2021,1266014
acfr2025,capital_expenditures,464,1304,Total Transportation Services,2022,1504288
acfr2025,capital_expenditures,464,1304,Total Transportation Services,2023,1421897
acfr2025,capital_expenditures,464,1304,Total Transportation Services,2024,1802731
acfr2025,capital_expenditures,464,1304,Total Transportation Services,2025,2044516
acfr2025,capital_expenditures,464,1305,"Parks, Recreation and Cultural Activities: Department of Cultural Affairs",2020,163040
acfr2025,capital_expenditures,464,1305,"Parks, Recreation and Cultural Activities: Department of Cultural Affairs",2021,128975
acfr2025,capital_expenditures,464,1305,"Parks, Recreation and Cultural Activities: Department of Cultural Affairs",2022,116171
acfr2025,capital_expenditures,464,1305,"Parks, Recreation and Cultural Activities: Department of Cultural Affairs",2023,116091
acfr2025,capital_expenditures,464,1305,"Parks, Recreation and Cultural Activities: Department of Cultural Affairs",2024,134361
acfr2025,capital_expenditures,464,1305,"Parks, Recreation and Cultural Activities: Department of Cultural Affairs",2025,151687
acfr2025,capital_expenditures,464,1306,Department of Parks and Recreation,2020,503460
acfr2025,capital_expenditures,464,1306,Department of Parks and Recreation,2021,471336
acfr2025,capital_expenditures,464,1306,Department of Parks and Recreation,2022,445090
acfr2025,capital_expenditures,464,1306,Department of Parks and Recreation,2023,571756
acfr2025,capital_expenditures,464,1306,Department of Parks and Recreation,2024,616006
acfr2025,capital_expenditures,464,1306,Department of Parks and Recreation,2025,643786
acfr2025,capital_expenditures,464,1307,"Total Parks, Recreation and Cultural Activities",2020,666500
acfr2025,capital_expenditures,464,1307,"Total Parks, Recreation and Cultural Activities",2021,600311
acfr2025,capital_expenditures,464,1307,"Total Parks, Recreation and Cultural Activities",2022,561261
acfr2025,capital_expenditures,464,1307,"Total Parks, Recreation and Cultural Activities",2023,687847
acfr2025,capital_expenditures,464,1307,"Total Parks, Recreation and Cultural Activities",2024,750367
acfr2025,capital_expenditures,464,1307,"Total Parks, Recreation and Cultural Activities",2025,795473
acfr2025,capital_expenditures,464,1308,Housing: Department of Housing Preservation and Development,2020,904215
acfr2025,capital_expenditures,464,1308,Housing: Department of Housing Preservation and Development,2021,1142519
acfr2025,capital_expenditures,464,1308,Housing: Department of Housing Preservation and Development,2022,1017632
acfr2025,capital_expenditures,464,1308,Housing: Department of Housing Preservation and Development,2023,1734810
acfr2025,capital_expenditures,464,1308,Housing: Department of Housing Preservation and Development,2024,2700659
acfr2025,capital_expenditures,464,1308,Housing: Department of Housing Preservation and Development,2025,2875769
acfr2025,capital_expenditures,464,1309,Health: New York City Health and Hospitals Corporation,2020,363424
acfr2025,capital_expenditures,464,1309,Health: New York City Health and Hospitals Corporation,2021,440902
acfr2025,capital_expenditures,464,1309,Health: New York City Health and Hospitals Corporation,2022,439903
acfr2025,capital_expenditures,464,1309,Health: New York City Health and Hospitals Corporation,2023,507392
acfr2025,capital_expenditures,464,1309,Health: New York City Health and Hospitals Corporation,2024,351200
acfr2025,capital_expenditures,464,1309,Health: New York City Health and Hospitals Corporation,2025,367826
acfr2025,capital_expenditures,464,1310,Department of Health and Mental Hygiene,2020,38539
acfr2025,capital_expenditures,464,1310,Department of Health and Mental Hygiene,2021,57619
acfr2025,capital_expenditures,464,1310,Department of Health and Mental Hygiene,2022,62325
acfr2025,capital_expenditures,464,1310,Department of Health and Mental Hygiene,2023,103191
acfr2025,capital_expenditures,464,1310,Department of Health and Mental Hygiene,2024,194477
acfr2025,capital_expenditures,464,1310,Department of Health and Mental Hygiene,2025,222676
acfr2025,capital_expenditures,464,1311,Total Health,2020,401963
acfr2025,capital_expenditures,464,1311,Total Health,2021,498521
acfr2025,capital_expenditures,464,1311,Total Health,2022,502228
acfr2025,capital_expenditures,464,1311,Total Health,2023,610583
acfr2025,capital_expenditures,464,1311,Total Health,2024,545677
acfr2025,capital_expenditures,464,1311,Total Health,2025,590502
acfr2025,capital_expenditures,464,1312,Libraries: Research Libraries,2020,319
acfr2025,capital_expenditures,464,1312,Libraries: Research Libraries,2021,69
acfr2025,capital_expenditures,464,1312,Libraries: Research Libraries,2022,30503
acfr2025,capital_expenditures,464,1312,Libraries: Research Libraries,2023,2524
acfr2025,capital_expenditures,464,1312,Libraries: Research Libraries,2024,5549
acfr2025,capital_expenditures,464,1312,Libraries: Research Libraries,2025,8
acfr2025,capital_expenditures,464,1313,New York Public Library,2020,77434
acfr2025,capital_expenditures,464,1313,New York Public Library,2021,58881
acfr2025,capital_expenditures,464,1313,New York Public Library,2022,70663
acfr2025,capital_expenditures,464,1313,New York Public Library,2023,69746
acfr2025,capital_expenditures,464,1313,New York Public Library,2024,92351
acfr2025,capital_expenditures,464,1313,New York Public Library,2025,38450
acfr2025,capital_expenditures,464,1314,Brooklyn Public Library,2020,35186
acfr2025,capital_expenditures,464,1314,Brooklyn Public Library,2021,29885
acfr2025,capital_expenditures,464,1314,Brooklyn Public Library,2022,33755
acfr2025,capital_expenditures,464,1314,Brooklyn Public Library,2023,17766
acfr2025,capital_expenditures,464,1314,Brooklyn Public Library,2024,28037
acfr2025,capital_expenditures,464,1314,Brooklyn Public Library,2025,38137
acfr2025,capital_expenditures,464,1315,Queens Borough Public Library,2020,22632
acfr2025,capital_expenditures,464,1315,Queens Borough Public Library,2021,23202
acfr2025,capital_expenditures,464,1315,Queens Borough Public Library,2022,22329
acfr2025,capital_expenditures,464,1315,Queens Borough Public Library,2023,19296
acfr2025,capital_expenditures,464,1315,Queens Borough Public Library,2024,17805
acfr2025,capital_expenditures,464,1315,Queens Borough Public Library,2025,26924
acfr2025,capital_expenditures,464,1316,Total Libraries,2020,135571
acfr2025,capital_expenditures,464,1316,Total Libraries,2021,112037
acfr2025,capital_expenditures,464,1316,Total Libraries,2022,157250
acfr2025,capital_expenditures,464,1316,Total Libraries,2023,109332
acfr2025,capital_expenditures,464,1316,Total Libraries,2024,143742
acfr2025,capital_expenditures,464,1316,Total Libraries,2025,103519
acfr2025,capital_expenditures,464,1317,Total Capital Projects Fund Expenditures,2020,9773792
acfr2025,capital_expenditures,464,1317,Total Capital Projects Fund Expenditures,2021,9431236
acfr2025,capital_expenditures,464,1317,Total Capital Projects Fund Expenditures,2022,10529999
acfr2025,capital_expenditures,464,1317,Total Capital Projects Fund Expenditures,2023,12149728
acfr2025,capital_expenditures,464,1317,Total Capital Projects Fund Expenditures,2024,14524464
acfr2025,capital_expenditures,464,1317,Total Capital Projects Fund Expenditures,2025,15578006
acfr2025,capital_expenditures,464,1318,Source: Annual Comprehensive Financial,2024,430
acfr2025,capital_expenditures,465,1319,Transportation Services: Transit Authority,2016,230522
acfr2025,capital_expenditures,465,1319,Transportation Services: Transit Authority,2017,91228
acfr2025,capital_expenditures,465,1319,Transportation Services: Transit Authority,2018,54664
acfr2025,capital_expenditures,465,1319,Transportation Services: Transit Authority,2019,311372
acfr2025,capital_expenditures,465,1320,Department of Transportation,2016,1032163
acfr2025,capital_expenditures,465,1320,Department of Transportation,2017,1139207
acfr2025,capital_expenditures,465,1320,Department of Transportation,2018,1461393
acfr2025,capital_expenditures,465,1320,Department of Transportation,2019,1300994
acfr2025,capital_expenditures,465,1321,Total Transportation Services,2016,1262685
acfr2025,capital_expenditures,465,1321,Total Transportation Services,2017,1230435
acfr2025,capital_expenditures,465,1321,Total Transportation Services,2018,1516057
acfr2025,capital_expenditures,465,1321,Total Transportation Services,2019,1612366
acfr2025,capital_expenditures,465,1322,"Parks, Recreation and Cultural Activities: Department of Cultural Affairs",2016,116184
acfr2025,capital_expenditures,465,1322,"Parks, Recreation and Cultural Activities: Department of Cultural Affairs",2017,124198
acfr2025,capital_expenditures,465,1322,"Parks, Recreation and Cultural Activities: Department of Cultural Affairs",2018,143807
acfr2025,capital_expenditures,465,1322,"Parks, Recreation and Cultural Activities: Department of Cultural Affairs",2019,144379
acfr2025,capital_expenditures,465,1323,Department of Parks and Recreation,2016,471417
acfr2025,capital_expenditures,465,1323,Department of Parks and Recreation,2017,543281
acfr2025,capital_expenditures,465,1323,Department of Parks and Recreation,2018,388408
acfr2025,capital_expenditures,465,1323,Department of Parks and Recreation,2019,472161
acfr2025,capital_expenditures,465,1324,"Total Parks, Recreation and Cultural Activities",2016,587601
acfr2025,capital_expenditures,465,1324,"Total Parks, Recreation and Cultural Activities",2017,667479
acfr2025,capital_expenditures,465,1324,"Total Parks, Recreation and Cultural Activities",2018,532215
acfr2025,capital_expenditures,465,1324,"Total Parks, Recreation and Cultural Activities",2019,616540
acfr2025,capital_expenditures,465,1325,Housing: Department of Housing Preservation and Development,2016,752753
acfr2025,capital_expenditures,465,1325,Housing: Department of Housing Preservation and Development,2017,950461
acfr2025,capital_expenditures,465,1325,Housing: Department of Housing Preservation and Development,2018,1411642
acfr2025,capital_expenditures,465,1325,Housing: Department of Housing Preservation and Development,2019,1680761
acfr2025,capital_expenditures,465,1326,Health: New York City Health and Hospitals Corporation,2016,103789
acfr2025,capital_expenditures,465,1326,Health: New York City Health and Hospitals Corporation,2017,130096
acfr2025,capital_expenditures,465,1326,Health: New York City Health and Hospitals Corporation,2018,217342
acfr2025,capital_expenditures,465,1326,Health: New York City Health and Hospitals Corporation,2019,306220
acfr2025,capital_expenditures,465,1327,Department of Health and Mental Hygiene,2016,46233
acfr2025,capital_expenditures,465,1327,Department of Health and Mental Hygiene,2017,36138
acfr2025,capital_expenditures,465,1327,Department of Health and Mental Hygiene,2018,31312
acfr2025,capital_expenditures,465,1327,Department of Health and Mental Hygiene,2019,27851
acfr2025,capital_expenditures,465,1328,Total Health,2016,150022
acfr2025,capital_expenditures,465,1328,Total Health,2017,166234
acfr2025,capital_expenditures,465,1328,Total Health,2018,248654
acfr2025,capital_expenditures,465,1328,Total Health,2019,334071
acfr2025,capital_expenditures,465,1329,Libraries: Research Libraries,2016,355
acfr2025,capital_expenditures,465,1329,Libraries: Research Libraries,2017,781
acfr2025,capital_expenditures,465,1329,Libraries: Research Libraries,2018,743
acfr2025,capital_expenditures,465,1329,Libraries: Research Libraries,2019,164
acfr2025,capital_expenditures,465,1330,New York Public Library,2016,12916
acfr2025,capital_expenditures,465,1330,New York Public Library,2017,12019
acfr2025,capital_expenditures,465,1330,New York Public Library,2018,11117
acfr2025,capital_expenditures,465,1330,New York Public Library,2019,67731
acfr2025,capital_expenditures,465,1331,Brooklyn Public Library,2016,6860
acfr2025,capital_expenditures,465,1331,Brooklyn Public Library,2017,8337
acfr2025,capital_expenditures,465,1331,Brooklyn Public Library,2018,8609
acfr2025,capital_expenditures,465,1331,Brooklyn Public Library,2019,16045
acfr2025,capital_expenditures,465,1332,Queens Borough Public Library,2016,20741
acfr2025,capital_expenditures,465,1332,Queens Borough Public Library,2017,26051
acfr2025,capital_expenditures,465,1332,Queens Borough Public Library,2018,20597
acfr2025,capital_expenditures,465,1332,Queens Borough Public Library,2019,24271
acfr2025,capital_expenditures,465,1333,Total Libraries,2016,40872
acfr2025,capital_expenditures,465,1333,Total Libraries,2017,47188
acfr2025,capital_expenditures,465,1333,Total Libraries,2018,41066
acfr2025,capital_expenditures,465,1333,Total Libraries,2019,108211
acfr2025,capital_expenditures,465,1334,Total Capital Projects Fund Expenditures,2016,8079916
acfr2025,capital_expenditures,465,1334,Total Capital Projects Fund Expenditures,2017,8825550
acfr2025,capital_expenditures,465,1334,Total Capital Projects Fund Expenditures,2018,9639737
acfr2025,capital_expenditures,465,1334,Total Capital Projects Fund Expenditures,2019,10848283
acfr2015,capital_expenditures,379,1335,General Government: Department of Small Business Services,2006,147543
acfr2015,capital_expenditures,379,1335,General Government: Department of Small Business Services,2007,164032
acfr2015,capital_expenditures,379,1335,General Government: Department of Small Business Services,2008,288570
acfr2015,capital_expenditures,379,1335,General Government: Department of Small Business Services,2009,304379
acfr2015,capital_expenditures,379,1335,General Government: Department of Small Business Services,2010,436197
acfr2015,capital_expenditures,379,1335,General Government: Department of Small Business Services,2011,231961
acfr2015,capital_expenditures,379,1335,General Government: Department of Small Business Services,2012,235510
acfr2015,capital_expenditures,379,1335,General Government: Department of Small Business Services,2013,251598
acfr2015,capital_expenditures,379,1335,General Government: Department of Small Business Services,2014,255806
acfr2015,capital_expenditures,379,1335,General Government: Department of Small Business Services,2015,181114
acfr2015,capital_expenditures,379,1336,"Department of Ports, International Trade and Commerce",2006,0
acfr2015,capital_expenditures,379,1336,"Department of Ports, International Trade and Commerce",2007,0
acfr2015,capital_expenditures,379,1336,"Department of Ports, International Trade and Commerce",2008,0
acfr2015,capital_expenditures,379,1336,"Department of Ports, International Trade and Commerce",2009,-2
acfr2015,capital_expenditures,379,1336,"Department of Ports, International Trade and Commerce",2010,0
acfr2015,capital_expenditures,379,1336,"Department of Ports, International Trade and Commerce",2011,0
acfr2015,capital_expenditures,379,1336,"Department of Ports, International Trade and Commerce",2012,0
acfr2015,capital_expenditures,379,1336,"Department of Ports, International Trade and Commerce",2013,0
acfr2015,capital_expenditures,379,1336,"Department of Ports, International Trade and Commerce",2014,0
acfr2015,capital_expenditures,379,1336,"Department of Ports, International Trade and Commerce",2015,0
acfr2015,capital_expenditures,379,1337,Department of Citywide Administrative Services,2006,431552
acfr2015,capital_expenditures,379,1337,Department of Citywide Administrative Services,2007,645314
acfr2015,capital_expenditures,379,1337,Department of Citywide Administrative Services,2008,1178019
acfr2015,capital_expenditures,379,1337,Department of Citywide Administrative Services,2009,781736
acfr2015,capital_expenditures,379,1337,Department of Citywide Administrative Services,2010,579742
acfr2015,capital_expenditures,379,1337,Department of Citywide Administrative Services,2011,476725
acfr2015,capital_expenditures,379,1337,Department of Citywide Administrative Services,2012,453670
acfr2015,capital_expenditures,379,1337,Department of Citywide Administrative Services,2013,485326
acfr2015,capital_expenditures,379,1337,Department of Citywide Administrative Services,2014,435921
acfr2015,capital_expenditures,379,1337,Department of Citywide Administrative Services,2015,386389
acfr2015,capital_expenditures,379,1338,Department of Information Technology and Telecommunications,2006,86001
acfr2015,capital_expenditures,379,1338,Department of Information Technology and Telecommunications,2007,135932
acfr2015,capital_expenditures,379,1338,Department of Information Technology and Telecommunications,2008,184024
acfr2015,capital_expenditures,379,1338,Department of Information Technology and Telecommunications,2009,255687
acfr2015,capital_expenditures,379,1338,Department of Information Technology and Telecommunications,2010,322916
acfr2015,capital_expenditures,379,1338,Department of Information Technology and Telecommunications,2011,241585
acfr2015,capital_expenditures,379,1338,Department of Information Technology and Telecommunications,2012,213493
acfr2015,capital_expenditures,379,1338,Department of Information Technology and Telecommunications,2013,281550
acfr2015,capital_expenditures,379,1338,Department of Information Technology and Telecommunications,2014,389997
acfr2015,capital_expenditures,379,1338,Department of Information Technology and Telecommunications,2015,222164
acfr2015,capital_expenditures,379,1339,Total General Government,2006,665096
acfr2015,capital_expenditures,379,1339,Total General Government,2007,945278
acfr2015,capital_expenditures,379,1339,Total General Government,2008,1650613
acfr2015,capital_expenditures,379,1339,Total General Government,2009,1341800
acfr2015,capital_expenditures,379,1339,Total General Government,2010,1338855
acfr2015,capital_expenditures,379,1339,Total General Government,2011,950271
acfr2015,capital_expenditures,379,1339,Total General Government,2012,902673
acfr2015,capital_expenditures,379,1339,Total General Government,2013,1018474
acfr2015,capital_expenditures,379,1339,Total General Government,2014,1081724
acfr2015,capital_expenditures,379,1339,Total General Government,2015,789667
acfr2015,capital_expenditures,379,1340,Public Safety and Judicial: Police Department,2006,55518
acfr2015,capital_expenditures,379,1340,Public Safety and Judicial: Police Department,2007,67879
acfr2015,capital_expenditures,379,1340,Public Safety and Judicial: Police Department,2008,81646
acfr2015,capital_expenditures,379,1340,Public Safety and Judicial: Police Department,2009,104519
acfr2015,capital_expenditures,379,1340,Public Safety and Judicial: Police Department,2010,144985
acfr2015,capital_expenditures,379,1340,Public Safety and Judicial: Police Department,2011,225324
acfr2015,capital_expenditures,379,1340,Public Safety and Judicial: Police Department,2012,250141
acfr2015,capital_expenditures,379,1340,Public Safety and Judicial: Police Department,2013,344075
acfr2015,capital_expenditures,379,1340,Public Safety and Judicial: Police Department,2014,301331
acfr2015,capital_expenditures,379,1340,Public Safety and Judicial: Police Department,2015,172965
acfr2015,capital_expenditures,379,1341,Fire Department,2006,106514
acfr2015,capital_expenditures,379,1341,Fire Department,2007,80948
acfr2015,capital_expenditures,379,1341,Fire Department,2008,104070
acfr2015,capital_expenditures,379,1341,Fire Department,2009,148667
acfr2015,capital_expenditures,379,1341,Fire Department,2010,120472
acfr2015,capital_expenditures,379,1341,Fire Department,2011,112530
acfr2015,capital_expenditures,379,1341,Fire Department,2012,77596
acfr2015,capital_expenditures,379,1341,Fire Department,2013,109075
acfr2015,capital_expenditures,379,1341,Fire Department,2014,118364
acfr2015,capital_expenditures,379,1341,Fire Department,2015,80101
acfr2015,capital_expenditures,379,1342,Department of Correction,2006,45012
acfr2015,capital_expenditures,379,1342,Department of Correction,2007,55292
acfr2015,capital_expenditures,379,1342,Department of Correction,2008,91756
acfr2015,capital_expenditures,379,1342,Department of Correction,2009,80594
acfr2015,capital_expenditures,379,1342,Department of Correction,2010,46695
acfr2015,capital_expenditures,379,1342,Department of Correction,2011,47159
acfr2015,capital_expenditures,379,1342,Department of Correction,2012,44691
acfr2015,capital_expenditures,379,1342,Department of Correction,2013,134697
acfr2015,capital_expenditures,379,1342,Department of Correction,2014,131186
acfr2015,capital_expenditures,379,1342,Department of Correction,2015,49790
acfr2015,capital_expenditures,379,1343,348 Department of Juvenile Justice,2006,5067
acfr2015,capital_expenditures,379,1343,348 Department of Juvenile Justice,2007,2414
acfr2015,capital_expenditures,379,1343,348 Department of Juvenile Justice,2008,5155
acfr2015,capital_expenditures,379,1343,348 Department of Juvenile Justice,2009,2725
acfr2015,capital_expenditures,379,1343,348 Department of Juvenile Justice,2010,1710
acfr2015,capital_expenditures,379,1343,348 Department of Juvenile Justice,2011,2074
acfr2015,capital_expenditures,379,1343,348 Department of Juvenile Justice,2012,1017
acfr2015,capital_expenditures,379,1343,348 Department of Juvenile Justice,2013,480
acfr2015,capital_expenditures,379,1343,348 Department of Juvenile Justice,2014,88
acfr2015,capital_expenditures,379,1343,348 Department of Juvenile Justice,2015,0
acfr2015,capital_expenditures,379,1344,Total Public Safety and Judicial,2006,212111
acfr2015,capital_expenditures,379,1344,Total Public Safety and Judicial,2007,206533
acfr2015,capital_expenditures,379,1344,Total Public Safety and Judicial,2008,282627
acfr2015,capital_expenditures,379,1344,Total Public Safety and Judicial,2009,336505
acfr2015,capital_expenditures,379,1344,Total Public Safety and Judicial,2010,313862
acfr2015,capital_expenditures,379,1344,Total Public Safety and Judicial,2011,387087
acfr2015,capital_expenditures,379,1344,Total Public Safety and Judicial,2012,373445
acfr2015,capital_expenditures,379,1344,Total Public Safety and Judicial,2013,588327
acfr2015,capital_expenditures,379,1344,Total Public Safety and Judicial,2014,550969
acfr2015,capital_expenditures,379,1344,Total Public Safety and Judicial,2015,302856
acfr2015,capital_expenditures,379,1345,Education: Department of Education,2006,1781904
acfr2015,capital_expenditures,379,1345,Education: Department of Education,2007,2131709
acfr2015,capital_expenditures,379,1345,Education: Department of Education,2008,2358237
acfr2015,capital_expenditures,379,1345,Education: Department of Education,2009,2750256
acfr2015,capital_expenditures,379,1345,Education: Department of Education,2010,2953167
acfr2015,capital_expenditures,379,1345,Education: Department of Education,2011,2015322
acfr2015,capital_expenditures,379,1345,Education: Department of Education,2012,1877005
acfr2015,capital_expenditures,379,1345,Education: Department of Education,2013,1803435
acfr2015,capital_expenditures,379,1345,Education: Department of Education,2014,2106964
acfr2015,capital_expenditures,379,1345,Education: Department of Education,2015,2631088
acfr2015,capital_expenditures,379,1346,City University of New York: Senior Colleges,2006,1283
acfr2015,capital_expenditures,379,1346,City University of New York: Senior Colleges,2007,2088
acfr2015,capital_expenditures,379,1346,City University of New York: Senior Colleges,2008,1545
acfr2015,capital_expenditures,379,1346,City University of New York: Senior Colleges,2009,3101
acfr2015,capital_expenditures,379,1346,City University of New York: Senior Colleges,2010,619
acfr2015,capital_expenditures,379,1346,City University of New York: Senior Colleges,2011,1614
acfr2015,capital_expenditures,379,1346,City University of New York: Senior Colleges,2012,1726
acfr2015,capital_expenditures,379,1346,City University of New York: Senior Colleges,2013,2031
acfr2015,capital_expenditures,379,1346,City University of New York: Senior Colleges,2014,2659
acfr2015,capital_expenditures,379,1346,City University of New York: Senior Colleges,2015,26161
acfr2015,capital_expenditures,379,1347,Community Colleges,2006,12497
acfr2015,capital_expenditures,379,1347,Community Colleges,2007,16321
acfr2015,capital_expenditures,379,1347,Community Colleges,2008,35800
acfr2015,capital_expenditures,379,1347,Community Colleges,2009,63480
acfr2015,capital_expenditures,379,1347,Community Colleges,2010,96740
acfr2015,capital_expenditures,379,1347,Community Colleges,2011,81702
acfr2015,capital_expenditures,379,1347,Community Colleges,2012,85651
acfr2015,capital_expenditures,379,1347,Community Colleges,2013,55613
acfr2015,capital_expenditures,379,1347,Community Colleges,2014,32043
acfr2015,capital_expenditures,379,1347,Community Colleges,2015,44047
acfr2015,capital_expenditures,379,1348,Total Education,2006,1795684
acfr2015,capital_expenditures,379,1348,Total Education,2007,2150118
acfr2015,capital_expenditures,379,1348,Total Education,2008,2395582
acfr2015,capital_expenditures,379,1348,Total Education,2009,2816837
acfr2015,capital_expenditures,379,1348,Total Education,2010,3050526
acfr2015,capital_expenditures,379,1348,Total Education,2011,2098638
acfr2015,capital_expenditures,379,1348,Total Education,2012,1964382
acfr2015,capital_expenditures,379,1348,Total Education,2013,1861079
acfr2015,capital_expenditures,379,1348,Total Education,2014,2141666
acfr2015,capital_expenditures,379,1348,Total Education,2015,2701296
acfr2015,capital_expenditures,379,1349,Social Services: Administration for Children’s Services,2006,6538
acfr2015,capital_expenditures,379,1349,Social Services: Administration for Children’s Services,2007,17437
acfr2015,capital_expenditures,379,1349,Social Services: Administration for Children’s Services,2008,9224
acfr2015,capital_expenditures,379,1349,Social Services: Administration for Children’s Services,2009,8052
acfr2015,capital_expenditures,379,1349,Social Services: Administration for Children’s Services,2010,7416
acfr2015,capital_expenditures,379,1349,Social Services: Administration for Children’s Services,2011,7126
acfr2015,capital_expenditures,379,1349,Social Services: Administration for Children’s Services,2012,9722
acfr2015,capital_expenditures,379,1349,Social Services: Administration for Children’s Services,2013,12691
acfr2015,capital_expenditures,379,1349,Social Services: Administration for Children’s Services,2014,15333
acfr2015,capital_expenditures,379,1349,Social Services: Administration for Children’s Services,2015,15390
acfr2015,capital_expenditures,379,1350,Department of Homeless Services,2006,17669
acfr2015,capital_expenditures,379,1350,Department of Homeless Services,2007,20503
acfr2015,capital_expenditures,379,1350,Department of Homeless Services,2008,24908
acfr2015,capital_expenditures,379,1350,Department of Homeless Services,2009,49901
acfr2015,capital_expenditures,379,1350,Department of Homeless Services,2010,48611
acfr2015,capital_expenditures,379,1350,Department of Homeless Services,2011,36206
acfr2015,capital_expenditures,379,1350,Department of Homeless Services,2012,22449
acfr2015,capital_expenditures,379,1350,Department of Homeless Services,2013,19016
acfr2015,capital_expenditures,379,1350,Department of Homeless Services,2014,22545
acfr2015,capital_expenditures,379,1350,Department of Homeless Services,2015,20990
acfr2015,capital_expenditures,379,1351,Human Resources Administration,2006,9195
acfr2015,capital_expenditures,379,1351,Human Resources Administration,2007,30743
acfr2015,capital_expenditures,379,1351,Human Resources Administration,2008,25089
acfr2015,capital_expenditures,379,1351,Human Resources Administration,2009,15808
acfr2015,capital_expenditures,379,1351,Human Resources Administration,2010,8508
acfr2015,capital_expenditures,379,1351,Human Resources Administration,2011,16021
acfr2015,capital_expenditures,379,1351,Human Resources Administration,2012,16301
acfr2015,capital_expenditures,379,1351,Human Resources Administration,2013,22081
acfr2015,capital_expenditures,379,1351,Human Resources Administration,2014,22943
acfr2015,capital_expenditures,379,1351,Human Resources Administration,2015,162326
acfr2015,capital_expenditures,379,1352,Department for the Aging,2006,5906
acfr2015,capital_expenditures,379,1352,Department for the Aging,2007,3961
acfr2015,capital_expenditures,379,1352,Department for the Aging,2008,5227
acfr2015,capital_expenditures,379,1352,Department for the Aging,2009,17197
acfr2015,capital_expenditures,379,1352,Department for the Aging,2010,3472
acfr2015,capital_expenditures,379,1352,Department for the Aging,2011,617
acfr2015,capital_expenditures,379,1352,Department for the Aging,2012,3551
acfr2015,capital_expenditures,379,1352,Department for the Aging,2013,3126
acfr2015,capital_expenditures,379,1352,Department for the Aging,2014,3146
acfr2015,capital_expenditures,379,1352,Department for the Aging,2015,10235
acfr2015,capital_expenditures,379,1353,Total Social Services,2006,39308
acfr2015,capital_expenditures,379,1353,Total Social Services,2007,72644
acfr2015,capital_expenditures,379,1353,Total Social Services,2008,64448
acfr2015,capital_expenditures,379,1353,Total Social Services,2009,90958
acfr2015,capital_expenditures,379,1353,Total Social Services,2010,68007
acfr2015,capital_expenditures,379,1353,Total Social Services,2011,59970
acfr2015,capital_expenditures,379,1353,Total Social Services,2012,52023
acfr2015,capital_expenditures,379,1353,Total Social Services,2013,56914
acfr2015,capital_expenditures,379,1353,Total Social Services,2014,63967
acfr2015,capital_expenditures,379,1353,Total Social Services,2015,208941
acfr2015,capital_expenditures,379,1354,Environmental Protection: Department of Sanitation,2006,93994
acfr2015,capital_expenditures,379,1354,Environmental Protection: Department of Sanitation,2007,131129
acfr2015,capital_expenditures,379,1354,Environmental Protection: Department of Sanitation,2008,187812
acfr2015,capital_expenditures,379,1354,Environmental Protection: Department of Sanitation,2009,229926
acfr2015,capital_expenditures,379,1354,Environmental Protection: Department of Sanitation,2010,346829
acfr2015,capital_expenditures,379,1354,Environmental Protection: Department of Sanitation,2011,233743
acfr2015,capital_expenditures,379,1354,Environmental Protection: Department of Sanitation,2012,322432
acfr2015,capital_expenditures,379,1354,Environmental Protection: Department of Sanitation,2013,352635
acfr2015,capital_expenditures,379,1354,Environmental Protection: Department of Sanitation,2014,264052
acfr2015,capital_expenditures,379,1354,Environmental Protection: Department of Sanitation,2015,246354
acfr2015,capital_expenditures,379,1355,Department of Environmental Protection,2006,1841279
acfr2015,capital_expenditures,379,1355,Department of Environmental Protection,2007,1948836
acfr2015,capital_expenditures,379,1355,Department of Environmental Protection,2008,2313039
acfr2015,capital_expenditures,379,1355,Department of Environmental Protection,2009,2700236
acfr2015,capital_expenditures,379,1355,Department of Environmental Protection,2010,2625318
acfr2015,capital_expenditures,379,1355,Department of Environmental Protection,2011,2824135
acfr2015,capital_expenditures,379,1355,Department of Environmental Protection,2012,2405599
acfr2015,capital_expenditures,379,1355,Department of Environmental Protection,2013,1843947
acfr2015,capital_expenditures,379,1355,Department of Environmental Protection,2014,1577803
acfr2015,capital_expenditures,379,1355,Department of Environmental Protection,2015,1373488
acfr2015,capital_expenditures,379,1356,Total Environmental Protection,2006,1935273
acfr2015,capital_expenditures,379,1356,Total Environmental Protection,2007,2079965
acfr2015,capital_expenditures,379,1356,Total Environmental Protection,2008,2500851
acfr2015,capital_expenditures,379,1356,Total Environmental Protection,2009,2930162
acfr2015,capital_expenditures,379,1356,Total Environmental Protection,2010,2972147
acfr2015,capital_expenditures,379,1356,Total Environmental Protection,2011,3057878
acfr2015,capital_expenditures,379,1356,Total Environmental Protection,2012,2728031
acfr2015,capital_expenditures,379,1356,Total Environmental Protection,2013,2196582
acfr2015,capital_expenditures,379,1356,Total Environmental Protection,2014,1841855
acfr2015,capital_expenditures,379,1356,Total Environmental Protection,2015,1619842
acfr2015,capital_expenditures,380,1357,Transportation Services: Transit Authority,2006,126399
acfr2015,capital_expenditures,380,1357,Transportation Services: Transit Authority,2007,70368
acfr2015,capital_expenditures,380,1357,Transportation Services: Transit Authority,2008,46652
acfr2015,capital_expenditures,380,1357,Transportation Services: Transit Authority,2009,77034
acfr2015,capital_expenditures,380,1357,Transportation Services: Transit Authority,2010,73838
acfr2015,capital_expenditures,380,1357,Transportation Services: Transit Authority,2011,65362
acfr2015,capital_expenditures,380,1357,Transportation Services: Transit Authority,2012,130981
acfr2015,capital_expenditures,380,1357,Transportation Services: Transit Authority,2013,123156
acfr2015,capital_expenditures,380,1357,Transportation Services: Transit Authority,2014,36174
acfr2015,capital_expenditures,380,1357,Transportation Services: Transit Authority,2015,114743
acfr2015,capital_expenditures,380,1358,Department of Transportation,2006,656505
acfr2015,capital_expenditures,380,1358,Department of Transportation,2007,757310
acfr2015,capital_expenditures,380,1358,Department of Transportation,2008,767249
acfr2015,capital_expenditures,380,1358,Department of Transportation,2009,925362
acfr2015,capital_expenditures,380,1358,Department of Transportation,2010,1081666
acfr2015,capital_expenditures,380,1358,Department of Transportation,2011,950586
acfr2015,capital_expenditures,380,1358,Department of Transportation,2012,1044217
acfr2015,capital_expenditures,380,1358,Department of Transportation,2013,1031069
acfr2015,capital_expenditures,380,1358,Department of Transportation,2014,902117
acfr2015,capital_expenditures,380,1358,Department of Transportation,2015,757672
acfr2015,capital_expenditures,380,1359,Total Transportation Services,2006,782904
acfr2015,capital_expenditures,380,1359,Total Transportation Services,2007,827678
acfr2015,capital_expenditures,380,1359,Total Transportation Services,2008,813901
acfr2015,capital_expenditures,380,1359,Total Transportation Services,2009,1002396
acfr2015,capital_expenditures,380,1359,Total Transportation Services,2010,1155504
acfr2015,capital_expenditures,380,1359,Total Transportation Services,2011,1015948
acfr2015,capital_expenditures,380,1359,Total Transportation Services,2012,1175198
acfr2015,capital_expenditures,380,1359,Total Transportation Services,2013,1154225
acfr2015,capital_expenditures,380,1359,Total Transportation Services,2014,938291
acfr2015,capital_expenditures,380,1359,Total Transportation Services,2015,872415
acfr2015,capital_expenditures,380,1360,"Parks, Recreation, and Cultural Activities: Department of Cultural Affairs",2006,136494
acfr2015,capital_expenditures,380,1360,"Parks, Recreation, and Cultural Activities: Department of Cultural Affairs",2007,141584
acfr2015,capital_expenditures,380,1360,"Parks, Recreation, and Cultural Activities: Department of Cultural Affairs",2008,146807
acfr2015,capital_expenditures,380,1360,"Parks, Recreation, and Cultural Activities: Department of Cultural Affairs",2009,273884
acfr2015,capital_expenditures,380,1360,"Parks, Recreation, and Cultural Activities: Department of Cultural Affairs",2010,257872
acfr2015,capital_expenditures,380,1360,"Parks, Recreation, and Cultural Activities: Department of Cultural Affairs",2011,319525
acfr2015,capital_expenditures,380,1360,"Parks, Recreation, and Cultural Activities: Department of Cultural Affairs",2012,218539
acfr2015,capital_expenditures,380,1360,"Parks, Recreation, and Cultural Activities: Department of Cultural Affairs",2013,166683
acfr2015,capital_expenditures,380,1360,"Parks, Recreation, and Cultural Activities: Department of Cultural Affairs",2014,153247
acfr2015,capital_expenditures,380,1360,"Parks, Recreation, and Cultural Activities: Department of Cultural Affairs",2015,189243
acfr2015,capital_expenditures,380,1361,Department of Parks and Recreation,2006,246351
acfr2015,capital_expenditures,380,1361,Department of Parks and Recreation,2007,352468
acfr2015,capital_expenditures,380,1361,Department of Parks and Recreation,2008,417079
acfr2015,capital_expenditures,380,1361,Department of Parks and Recreation,2009,557927
acfr2015,capital_expenditures,380,1361,Department of Parks and Recreation,2010,575292
acfr2015,capital_expenditures,380,1361,Department of Parks and Recreation,2011,546416
acfr2015,capital_expenditures,380,1361,Department of Parks and Recreation,2012,416349
acfr2015,capital_expenditures,380,1361,Department of Parks and Recreation,2013,556689
acfr2015,capital_expenditures,380,1361,Department of Parks and Recreation,2014,423923
acfr2015,capital_expenditures,380,1361,Department of Parks and Recreation,2015,387002
acfr2015,capital_expenditures,380,1362,"Total Parks, Recreation and Cultural Activities",2006,382845
acfr2015,capital_expenditures,380,1362,"Total Parks, Recreation and Cultural Activities",2007,494052
acfr2015,capital_expenditures,380,1362,"Total Parks, Recreation and Cultural Activities",2008,563886
acfr2015,capital_expenditures,380,1362,"Total Parks, Recreation and Cultural Activities",2009,831811
acfr2015,capital_expenditures,380,1362,"Total Parks, Recreation and Cultural Activities",2010,833164
acfr2015,capital_expenditures,380,1362,"Total Parks, Recreation and Cultural Activities",2011,865941
acfr2015,capital_expenditures,380,1362,"Total Parks, Recreation and Cultural Activities",2012,634888
acfr2015,capital_expenditures,380,1362,"Total Parks, Recreation and Cultural Activities",2013,723372
acfr2015,capital_expenditures,380,1362,"Total Parks, Recreation and Cultural Activities",2014,577170
acfr2015,capital_expenditures,380,1362,"Total Parks, Recreation and Cultural Activities",2015,576245
acfr2015,capital_expenditures,380,1363,Housing: 349 Department of Housing Preservation and Development,2006,459376
acfr2015,capital_expenditures,380,1363,Housing: 349 Department of Housing Preservation and Development,2007,436007
acfr2015,capital_expenditures,380,1363,Housing: 349 Department of Housing Preservation and Development,2008,502617
acfr2015,capital_expenditures,380,1363,Housing: 349 Department of Housing Preservation and Development,2009,412990
acfr2015,capital_expenditures,380,1363,Housing: 349 Department of Housing Preservation and Development,2010,428856
acfr2015,capital_expenditures,380,1363,Housing: 349 Department of Housing Preservation and Development,2011,330339
acfr2015,capital_expenditures,380,1363,Housing: 349 Department of Housing Preservation and Development,2012,348760
acfr2015,capital_expenditures,380,1363,Housing: 349 Department of Housing Preservation and Development,2013,413969
acfr2015,capital_expenditures,380,1363,Housing: 349 Department of Housing Preservation and Development,2014,427764
acfr2015,capital_expenditures,380,1363,Housing: 349 Department of Housing Preservation and Development,2015,560550
acfr2015,capital_expenditures,380,1364,Health: Health and Hospitals Corporation,2006,232322
acfr2015,capital_expenditures,380,1364,Health: Health and Hospitals Corporation,2007,186950
acfr2015,capital_expenditures,380,1364,Health: Health and Hospitals Corporation,2008,142501
acfr2015,capital_expenditures,380,1364,Health: Health and Hospitals Corporation,2009,188567
acfr2015,capital_expenditures,380,1364,Health: Health and Hospitals Corporation,2010,252890
acfr2015,capital_expenditures,380,1364,Health: Health and Hospitals Corporation,2011,127797
acfr2015,capital_expenditures,380,1364,Health: Health and Hospitals Corporation,2012,168665
acfr2015,capital_expenditures,380,1364,Health: Health and Hospitals Corporation,2013,286066
acfr2015,capital_expenditures,380,1364,Health: Health and Hospitals Corporation,2014,196990
acfr2015,capital_expenditures,380,1364,Health: Health and Hospitals Corporation,2015,136117
acfr2015,capital_expenditures,380,1365,Department of Health and Mental Hygiene,2006,37351
acfr2015,capital_expenditures,380,1365,Department of Health and Mental Hygiene,2007,59306
acfr2015,capital_expenditures,380,1365,Department of Health and Mental Hygiene,2008,63124
acfr2015,capital_expenditures,380,1365,Department of Health and Mental Hygiene,2009,44029
acfr2015,capital_expenditures,380,1365,Department of Health and Mental Hygiene,2010,31847
acfr2015,capital_expenditures,380,1365,Department of Health and Mental Hygiene,2011,138139
acfr2015,capital_expenditures,380,1365,Department of Health and Mental Hygiene,2012,41799
acfr2015,capital_expenditures,380,1365,Department of Health and Mental Hygiene,2013,43038
acfr2015,capital_expenditures,380,1365,Department of Health and Mental Hygiene,2014,44642
acfr2015,capital_expenditures,380,1365,Department of Health and Mental Hygiene,2015,31627
acfr2015,capital_expenditures,380,1366,Total Health,2006,269673
acfr2015,capital_expenditures,380,1366,Total Health,2007,246256
acfr2015,capital_expenditures,380,1366,Total Health,2008,205625
acfr2015,capital_expenditures,380,1366,Total Health,2009,232596
acfr2015,capital_expenditures,380,1366,Total Health,2010,284737
acfr2015,capital_expenditures,380,1366,Total Health,2011,265936
acfr2015,capital_expenditures,380,1366,Total Health,2012,210464
acfr2015,capital_expenditures,380,1366,Total Health,2013,329104
acfr2015,capital_expenditures,380,1366,Total Health,2014,241632
acfr2015,capital_expenditures,380,1366,Total Health,2015,167744
acfr2015,capital_expenditures,380,1367,Libraries: Research Libraries,2006,12057
acfr2015,capital_expenditures,380,1367,Libraries: Research Libraries,2007,5324
acfr2015,capital_expenditures,380,1367,Libraries: Research Libraries,2008,1342
acfr2015,capital_expenditures,380,1367,Libraries: Research Libraries,2009,11870
acfr2015,capital_expenditures,380,1367,Libraries: Research Libraries,2010,9987
acfr2015,capital_expenditures,380,1367,Libraries: Research Libraries,2011,7260
acfr2015,capital_expenditures,380,1367,Libraries: Research Libraries,2012,983
acfr2015,capital_expenditures,380,1367,Libraries: Research Libraries,2013,1233
acfr2015,capital_expenditures,380,1367,Libraries: Research Libraries,2014,864
acfr2015,capital_expenditures,380,1367,Libraries: Research Libraries,2015,1063
acfr2015,capital_expenditures,380,1368,New York Public Library,2006,19778
acfr2015,capital_expenditures,380,1368,New York Public Library,2007,9863
acfr2015,capital_expenditures,380,1368,New York Public Library,2008,6903
acfr2015,capital_expenditures,380,1368,New York Public Library,2009,14061
acfr2015,capital_expenditures,380,1368,New York Public Library,2010,44878
acfr2015,capital_expenditures,380,1368,New York Public Library,2011,21705
acfr2015,capital_expenditures,380,1368,New York Public Library,2012,12398
acfr2015,capital_expenditures,380,1368,New York Public Library,2013,18819
acfr2015,capital_expenditures,380,1368,New York Public Library,2014,10131
acfr2015,capital_expenditures,380,1368,New York Public Library,2015,15112
acfr2015,capital_expenditures,380,1369,Brooklyn Public Library,2006,9220
acfr2015,capital_expenditures,380,1369,Brooklyn Public Library,2007,15128
acfr2015,capital_expenditures,380,1369,Brooklyn Public Library,2008,9801
acfr2015,capital_expenditures,380,1369,Brooklyn Public Library,2009,6742
acfr2015,capital_expenditures,380,1369,Brooklyn Public Library,2010,12398
acfr2015,capital_expenditures,380,1369,Brooklyn Public Library,2011,12090
acfr2015,capital_expenditures,380,1369,Brooklyn Public Library,2012,11353
acfr2015,capital_expenditures,380,1369,Brooklyn Public Library,2013,5776
acfr2015,capital_expenditures,380,1369,Brooklyn Public Library,2014,5113
acfr2015,capital_expenditures,380,1369,Brooklyn Public Library,2015,5801
acfr2015,capital_expenditures,380,1370,Queens Borough Public Library,2006,11262
acfr2015,capital_expenditures,380,1370,Queens Borough Public Library,2007,7542
acfr2015,capital_expenditures,380,1370,Queens Borough Public Library,2008,7248
acfr2015,capital_expenditures,380,1370,Queens Borough Public Library,2009,14794
acfr2015,capital_expenditures,380,1370,Queens Borough Public Library,2010,22935
acfr2015,capital_expenditures,380,1370,Queens Borough Public Library,2011,25684
acfr2015,capital_expenditures,380,1370,Queens Borough Public Library,2012,16398
acfr2015,capital_expenditures,380,1370,Queens Borough Public Library,2013,17458
acfr2015,capital_expenditures,380,1370,Queens Borough Public Library,2014,21565
acfr2015,capital_expenditures,380,1370,Queens Borough Public Library,2015,14779
acfr2015,capital_expenditures,380,1371,Total Libraries,2006,52317
acfr2015,capital_expenditures,380,1371,Total Libraries,2007,37857
acfr2015,capital_expenditures,380,1371,Total Libraries,2008,25294
acfr2015,capital_expenditures,380,1371,Total Libraries,2009,47467
acfr2015,capital_expenditures,380,1371,Total Libraries,2010,90198
acfr2015,capital_expenditures,380,1371,Total Libraries,2011,66739
acfr2015,capital_expenditures,380,1371,Total Libraries,2012,41132
acfr2015,capital_expenditures,380,1371,Total Libraries,2013,43286
acfr2015,capital_expenditures,380,1371,Total Libraries,2014,37673
acfr2015,capital_expenditures,380,1371,Total Libraries,2015,36755
acfr2015,capital_expenditures,380,1372,Total Capital Projects Fund Expenditures,2006,6594587
acfr2015,capital_expenditures,380,1372,Total Capital Projects Fund Expenditures,2007,7496388
acfr2015,capital_expenditures,380,1372,Total Capital Projects Fund Expenditures,2008,9005444
acfr2015,capital_expenditures,380,1372,Total Capital Projects Fund Expenditures,2009,10043522
acfr2015,capital_expenditures,380,1372,Total Capital Projects Fund Expenditures,2010,10535856
acfr2015,capital_expenditures,380,1372,Total Capital Projects Fund Expenditures,2011,9098747
acfr2015,capital_expenditures,380,1372,Total Capital Projects Fund Expenditures,2012,8430996
acfr2015,capital_expenditures,380,1372,Total Capital Projects Fund Expenditures,2013,8385332
acfr2015,capital_expenditures,380,1372,Total Capital Projects Fund Expenditures,2014,7902711
acfr2015,capital_expenditures,380,1372,Total Capital Projects Fund Expenditures,2015,7836311
acfr2005,capital_expenditures,297,1373,GENERAL GOVERNMENT: Department of Small Business Services,1996,155180
acfr2005,capital_expenditures,297,1373,GENERAL GOVERNMENT: Department of Small Business Services,1997,196644
acfr2005,capital_expenditures,297,1373,GENERAL GOVERNMENT: Department of Small Business Services,1998,99702
acfr2005,capital_expenditures,297,1373,GENERAL GOVERNMENT: Department of Small Business Services,1999,52876
acfr2005,capital_expenditures,297,1373,GENERAL GOVERNMENT: Department of Small Business Services,2000,64988
acfr2005,capital_expenditures,297,1373,GENERAL GOVERNMENT: Department of Small Business Services,2001,219230
acfr2005,capital_expenditures,297,1373,GENERAL GOVERNMENT: Department of Small Business Services,2002,176456
acfr2005,capital_expenditures,297,1373,GENERAL GOVERNMENT: Department of Small Business Services,2003,216434
acfr2005,capital_expenditures,297,1373,GENERAL GOVERNMENT: Department of Small Business Services,2004,185510
acfr2005,capital_expenditures,297,1373,GENERAL GOVERNMENT: Department of Small Business Services,2005,230871
acfr2005,capital_expenditures,297,1374,"Department of Ports, International Trade and Commerce",1996,2949
acfr2005,capital_expenditures,297,1374,"Department of Ports, International Trade and Commerce",1997,325
acfr2005,capital_expenditures,297,1374,"Department of Ports, International Trade and Commerce",1998,3662
acfr2005,capital_expenditures,297,1374,"Department of Ports, International Trade and Commerce",1999,478
acfr2005,capital_expenditures,297,1374,"Department of Ports, International Trade and Commerce",2000,420
acfr2005,capital_expenditures,297,1374,"Department of Ports, International Trade and Commerce",2001,1
acfr2005,capital_expenditures,297,1374,"Department of Ports, International Trade and Commerce",2002,195
acfr2005,capital_expenditures,297,1374,"Department of Ports, International Trade and Commerce",2003,15
acfr2005,capital_expenditures,297,1374,"Department of Ports, International Trade and Commerce",2004,0
acfr2005,capital_expenditures,297,1374,"Department of Ports, International Trade and Commerce",2005,0
acfr2005,capital_expenditures,297,1375,Department of Citywide Administrative Services,1996,187420
acfr2005,capital_expenditures,297,1375,Department of Citywide Administrative Services,1997,236144
acfr2005,capital_expenditures,297,1375,Department of Citywide Administrative Services,1998,200522
acfr2005,capital_expenditures,297,1375,Department of Citywide Administrative Services,1999,261139
acfr2005,capital_expenditures,297,1375,Department of Citywide Administrative Services,2000,292538
acfr2005,capital_expenditures,297,1375,Department of Citywide Administrative Services,2001,341441
acfr2005,capital_expenditures,297,1375,Department of Citywide Administrative Services,2002,365666
acfr2005,capital_expenditures,297,1375,Department of Citywide Administrative Services,2003,327964
acfr2005,capital_expenditures,297,1375,Department of Citywide Administrative Services,2004,376354
acfr2005,capital_expenditures,297,1375,Department of Citywide Administrative Services,2005,421516
acfr2005,capital_expenditures,297,1376,"Department of Information, Technology and Telecommunications",1996,9294
acfr2005,capital_expenditures,297,1376,"Department of Information, Technology and Telecommunications",1997,5969
acfr2005,capital_expenditures,297,1376,"Department of Information, Technology and Telecommunications",1998,5261
acfr2005,capital_expenditures,297,1376,"Department of Information, Technology and Telecommunications",1999,4143
acfr2005,capital_expenditures,297,1376,"Department of Information, Technology and Telecommunications",2000,10253
acfr2005,capital_expenditures,297,1376,"Department of Information, Technology and Telecommunications",2001,23326
acfr2005,capital_expenditures,297,1376,"Department of Information, Technology and Telecommunications",2002,34769
acfr2005,capital_expenditures,297,1376,"Department of Information, Technology and Telecommunications",2003,64018
acfr2005,capital_expenditures,297,1376,"Department of Information, Technology and Telecommunications",2004,45381
acfr2005,capital_expenditures,297,1376,"Department of Information, Technology and Telecommunications",2005,67442
acfr2005,capital_expenditures,297,1377,Total General Government,1996,354843
acfr2005,capital_expenditures,297,1377,Total General Government,1997,439082
acfr2005,capital_expenditures,297,1377,Total General Government,1998,309147
acfr2005,capital_expenditures,297,1377,Total General Government,1999,318636
acfr2005,capital_expenditures,297,1377,Total General Government,2000,368199
acfr2005,capital_expenditures,297,1377,Total General Government,2001,583998
acfr2005,capital_expenditures,297,1377,Total General Government,2002,577086
acfr2005,capital_expenditures,297,1377,Total General Government,2003,608431
acfr2005,capital_expenditures,297,1377,Total General Government,2004,607245
acfr2005,capital_expenditures,297,1377,Total General Government,2005,719829
acfr2005,capital_expenditures,297,1378,PUBLIC SAFETY AND JUDICIAL: 270 Police Department,1996,77178
acfr2005,capital_expenditures,297,1378,PUBLIC SAFETY AND JUDICIAL: 270 Police Department,1997,114923
acfr2005,capital_expenditures,297,1378,PUBLIC SAFETY AND JUDICIAL: 270 Police Department,1998,36356
acfr2005,capital_expenditures,297,1378,PUBLIC SAFETY AND JUDICIAL: 270 Police Department,1999,58177
acfr2005,capital_expenditures,297,1378,PUBLIC SAFETY AND JUDICIAL: 270 Police Department,2000,49042
acfr2005,capital_expenditures,297,1378,PUBLIC SAFETY AND JUDICIAL: 270 Police Department,2001,64357
acfr2005,capital_expenditures,297,1378,PUBLIC SAFETY AND JUDICIAL: 270 Police Department,2002,60661
acfr2005,capital_expenditures,297,1378,PUBLIC SAFETY AND JUDICIAL: 270 Police Department,2003,54874
acfr2005,capital_expenditures,297,1378,PUBLIC SAFETY AND JUDICIAL: 270 Police Department,2004,80778
acfr2005,capital_expenditures,297,1378,PUBLIC SAFETY AND JUDICIAL: 270 Police Department,2005,90497
acfr2005,capital_expenditures,297,1379,Fire Department,1996,27508
acfr2005,capital_expenditures,297,1379,Fire Department,1997,42097
acfr2005,capital_expenditures,297,1379,Fire Department,1998,79095
acfr2005,capital_expenditures,297,1379,Fire Department,1999,48205
acfr2005,capital_expenditures,297,1379,Fire Department,2000,76450
acfr2005,capital_expenditures,297,1379,Fire Department,2001,79628
acfr2005,capital_expenditures,297,1379,Fire Department,2002,112049
acfr2005,capital_expenditures,297,1379,Fire Department,2003,138186
acfr2005,capital_expenditures,297,1379,Fire Department,2004,86207
acfr2005,capital_expenditures,297,1379,Fire Department,2005,82560
acfr2005,capital_expenditures,297,1380,Department of Correction,1996,32647
acfr2005,capital_expenditures,297,1380,Department of Correction,1997,51404
acfr2005,capital_expenditures,297,1380,Department of Correction,1998,70716
acfr2005,capital_expenditures,297,1380,Department of Correction,1999,120306
acfr2005,capital_expenditures,297,1380,Department of Correction,2000,396594
acfr2005,capital_expenditures,297,1380,Department of Correction,2001,91549
acfr2005,capital_expenditures,297,1380,Department of Correction,2002,655521
acfr2005,capital_expenditures,297,1380,Department of Correction,2003,96766
acfr2005,capital_expenditures,297,1380,Department of Correction,2004,73495
acfr2005,capital_expenditures,297,1380,Department of Correction,2005,821939
acfr2005,capital_expenditures,297,1381,Department of Juvenile Justice,1996,13391
acfr2005,capital_expenditures,297,1381,Department of Juvenile Justice,1997,13191
acfr2005,capital_expenditures,297,1381,Department of Juvenile Justice,1998,6350
acfr2005,capital_expenditures,297,1381,Department of Juvenile Justice,1999,1321
acfr2005,capital_expenditures,297,1381,Department of Juvenile Justice,2000,841
acfr2005,capital_expenditures,297,1381,Department of Juvenile Justice,2001,797
acfr2005,capital_expenditures,297,1381,Department of Juvenile Justice,2002,230
acfr2005,capital_expenditures,297,1381,Department of Juvenile Justice,2003,181
acfr2005,capital_expenditures,297,1381,Department of Juvenile Justice,2004,1069
acfr2005,capital_expenditures,297,1381,Department of Juvenile Justice,2005,1073
acfr2005,capital_expenditures,297,1382,Total Public Safety and Judicial,1996,150724
acfr2005,capital_expenditures,297,1382,Total Public Safety and Judicial,1997,221615
acfr2005,capital_expenditures,297,1382,Total Public Safety and Judicial,1998,192517
acfr2005,capital_expenditures,297,1382,Total Public Safety and Judicial,1999,228009
acfr2005,capital_expenditures,297,1382,Total Public Safety and Judicial,2000,522927
acfr2005,capital_expenditures,297,1382,Total Public Safety and Judicial,2001,236331
acfr2005,capital_expenditures,297,1382,Total Public Safety and Judicial,2002,828461
acfr2005,capital_expenditures,297,1382,Total Public Safety and Judicial,2003,290007
acfr2005,capital_expenditures,297,1382,Total Public Safety and Judicial,2004,241549
acfr2005,capital_expenditures,297,1382,Total Public Safety and Judicial,2005,996069
acfr2005,capital_expenditures,297,1383,EDUCATION: Department of Education,1996,807047
acfr2005,capital_expenditures,297,1383,EDUCATION: Department of Education,1997,613817
acfr2005,capital_expenditures,297,1383,EDUCATION: Department of Education,1998,1232891
acfr2005,capital_expenditures,297,1383,EDUCATION: Department of Education,1999,1568059
acfr2005,capital_expenditures,297,1383,EDUCATION: Department of Education,2000,1295717
acfr2005,capital_expenditures,297,1383,EDUCATION: Department of Education,2001,1707614
acfr2005,capital_expenditures,297,1383,EDUCATION: Department of Education,2002,1765249
acfr2005,capital_expenditures,297,1383,EDUCATION: Department of Education,2003,1315422
acfr2005,capital_expenditures,297,1383,EDUCATION: Department of Education,2004,1192048
acfr2005,capital_expenditures,297,1383,EDUCATION: Department of Education,2005,975368
acfr2005,capital_expenditures,297,1384,City University of New York: Senior Colleges,1996,646
acfr2005,capital_expenditures,297,1384,City University of New York: Senior Colleges,1997,1925
acfr2005,capital_expenditures,297,1384,City University of New York: Senior Colleges,1998,713
acfr2005,capital_expenditures,297,1384,City University of New York: Senior Colleges,1999,754
acfr2005,capital_expenditures,297,1384,City University of New York: Senior Colleges,2000,13867
acfr2005,capital_expenditures,297,1384,City University of New York: Senior Colleges,2001,1711
acfr2005,capital_expenditures,297,1384,City University of New York: Senior Colleges,2002,1110
acfr2005,capital_expenditures,297,1384,City University of New York: Senior Colleges,2003,1914
acfr2005,capital_expenditures,297,1384,City University of New York: Senior Colleges,2004,2304
acfr2005,capital_expenditures,297,1384,City University of New York: Senior Colleges,2005,1013
acfr2005,capital_expenditures,297,1385,Community Colleges,1996,3983
acfr2005,capital_expenditures,297,1385,Community Colleges,1997,5145
acfr2005,capital_expenditures,297,1385,Community Colleges,1998,7212
acfr2005,capital_expenditures,297,1385,Community Colleges,1999,8351
acfr2005,capital_expenditures,297,1385,Community Colleges,2000,459
acfr2005,capital_expenditures,297,1385,Community Colleges,2001,7327
acfr2005,capital_expenditures,297,1385,Community Colleges,2002,9532
acfr2005,capital_expenditures,297,1385,Community Colleges,2003,10849
acfr2005,capital_expenditures,297,1385,Community Colleges,2004,13694
acfr2005,capital_expenditures,297,1385,Community Colleges,2005,14029
acfr2005,capital_expenditures,297,1386,Total Education,1996,811676
acfr2005,capital_expenditures,297,1386,Total Education,1997,620887
acfr2005,capital_expenditures,297,1386,Total Education,1998,1240816
acfr2005,capital_expenditures,297,1386,Total Education,1999,1577164
acfr2005,capital_expenditures,297,1386,Total Education,2000,1310043
acfr2005,capital_expenditures,297,1386,Total Education,2001,1716652
acfr2005,capital_expenditures,297,1386,Total Education,2002,1775891
acfr2005,capital_expenditures,297,1386,Total Education,2003,1328185
acfr2005,capital_expenditures,297,1386,Total Education,2004,1208046
acfr2005,capital_expenditures,297,1386,Total Education,2005,990410
acfr2005,capital_expenditures,297,1387,ENVIRONMENTAL PROTECTION: Department of Sanitation,1996,131221
acfr2005,capital_expenditures,297,1387,ENVIRONMENTAL PROTECTION: Department of Sanitation,1997,213414
acfr2005,capital_expenditures,297,1387,ENVIRONMENTAL PROTECTION: Department of Sanitation,1998,116195
acfr2005,capital_expenditures,297,1387,ENVIRONMENTAL PROTECTION: Department of Sanitation,1999,71161
acfr2005,capital_expenditures,297,1387,ENVIRONMENTAL PROTECTION: Department of Sanitation,2000,118119
acfr2005,capital_expenditures,297,1387,ENVIRONMENTAL PROTECTION: Department of Sanitation,2001,178226
acfr2005,capital_expenditures,297,1387,ENVIRONMENTAL PROTECTION: Department of Sanitation,2002,185249
acfr2005,capital_expenditures,297,1387,ENVIRONMENTAL PROTECTION: Department of Sanitation,2003,113502
acfr2005,capital_expenditures,297,1387,ENVIRONMENTAL PROTECTION: Department of Sanitation,2004,173093
acfr2005,capital_expenditures,297,1387,ENVIRONMENTAL PROTECTION: Department of Sanitation,2005,158826
acfr2005,capital_expenditures,297,1388,Department of Environmental Protection,1996,1004252
acfr2005,capital_expenditures,297,1388,Department of Environmental Protection,1997,977555
acfr2005,capital_expenditures,297,1388,Department of Environmental Protection,1998,764767
acfr2005,capital_expenditures,297,1388,Department of Environmental Protection,1999,787928
acfr2005,capital_expenditures,297,1388,Department of Environmental Protection,2000,796865
acfr2005,capital_expenditures,297,1388,Department of Environmental Protection,2001,830010
acfr2005,capital_expenditures,297,1388,Department of Environmental Protection,2002,1036706
acfr2005,capital_expenditures,297,1388,Department of Environmental Protection,2003,1301780
acfr2005,capital_expenditures,297,1388,Department of Environmental Protection,2004,1630607
acfr2005,capital_expenditures,297,1388,Department of Environmental Protection,2005,1679394
acfr2005,capital_expenditures,297,1389,Total Environmental Protection,1996,1135473
acfr2005,capital_expenditures,297,1389,Total Environmental Protection,1997,1190969
acfr2005,capital_expenditures,297,1389,Total Environmental Protection,1998,880962
acfr2005,capital_expenditures,297,1389,Total Environmental Protection,1999,859089
acfr2005,capital_expenditures,297,1389,Total Environmental Protection,2000,914984
acfr2005,capital_expenditures,297,1389,Total Environmental Protection,2001,1008236
acfr2005,capital_expenditures,297,1389,Total Environmental Protection,2002,1221955
acfr2005,capital_expenditures,297,1389,Total Environmental Protection,2003,1415282
acfr2005,capital_expenditures,297,1389,Total Environmental Protection,2004,1803700
acfr2005,capital_expenditures,297,1389,Total Environmental Protection,2005,1838220
acfr2005,capital_expenditures,298,1390,TRANSPORTATION SERVICES: Transit Authority,1996,218395
acfr2005,capital_expenditures,298,1390,TRANSPORTATION SERVICES: Transit Authority,1997,201742
acfr2005,capital_expenditures,298,1390,TRANSPORTATION SERVICES: Transit Authority,1998,246497
acfr2005,capital_expenditures,298,1390,TRANSPORTATION SERVICES: Transit Authority,1999,341931
acfr2005,capital_expenditures,298,1390,TRANSPORTATION SERVICES: Transit Authority,2000,269513
acfr2005,capital_expenditures,298,1390,TRANSPORTATION SERVICES: Transit Authority,2001,278605
acfr2005,capital_expenditures,298,1390,TRANSPORTATION SERVICES: Transit Authority,2002,191146
acfr2005,capital_expenditures,298,1390,TRANSPORTATION SERVICES: Transit Authority,2003,446330
acfr2005,capital_expenditures,298,1390,TRANSPORTATION SERVICES: Transit Authority,2004,199106
acfr2005,capital_expenditures,298,1390,TRANSPORTATION SERVICES: Transit Authority,2005,159995
acfr2005,capital_expenditures,298,1391,Department of Transportation,1996,553824
acfr2005,capital_expenditures,298,1391,Department of Transportation,1997,536962
acfr2005,capital_expenditures,298,1391,Department of Transportation,1998,588921
acfr2005,capital_expenditures,298,1391,Department of Transportation,1999,635531
acfr2005,capital_expenditures,298,1391,Department of Transportation,2000,637046
acfr2005,capital_expenditures,298,1391,Department of Transportation,2001,577072
acfr2005,capital_expenditures,298,1391,Department of Transportation,2002,723586
acfr2005,capital_expenditures,298,1391,Department of Transportation,2003,738907
acfr2005,capital_expenditures,298,1391,Department of Transportation,2004,762897
acfr2005,capital_expenditures,298,1391,Department of Transportation,2005,786167
acfr2005,capital_expenditures,298,1392,Total Transportation Services,1996,772219
acfr2005,capital_expenditures,298,1392,Total Transportation Services,1997,738704
acfr2005,capital_expenditures,298,1392,Total Transportation Services,1998,835418
acfr2005,capital_expenditures,298,1392,Total Transportation Services,1999,977462
acfr2005,capital_expenditures,298,1392,Total Transportation Services,2000,906559
acfr2005,capital_expenditures,298,1392,Total Transportation Services,2001,855677
acfr2005,capital_expenditures,298,1392,Total Transportation Services,2002,914732
acfr2005,capital_expenditures,298,1392,Total Transportation Services,2003,1185237
acfr2005,capital_expenditures,298,1392,Total Transportation Services,2004,962003
acfr2005,capital_expenditures,298,1392,Total Transportation Services,2005,946162
acfr2005,capital_expenditures,298,1393,"PARKS, RECREATION AND CULTURAL ACTIVITIES: Department of Cultural Affairs",1996,35666
acfr2005,capital_expenditures,298,1393,"PARKS, RECREATION AND CULTURAL ACTIVITIES: Department of Cultural Affairs",1997,44390
acfr2005,capital_expenditures,298,1393,"PARKS, RECREATION AND CULTURAL ACTIVITIES: Department of Cultural Affairs",1998,72653
acfr2005,capital_expenditures,298,1393,"PARKS, RECREATION AND CULTURAL ACTIVITIES: Department of Cultural Affairs",1999,53698
acfr2005,capital_expenditures,298,1393,"PARKS, RECREATION AND CULTURAL ACTIVITIES: Department of Cultural Affairs",2000,66437
acfr2005,capital_expenditures,298,1393,"PARKS, RECREATION AND CULTURAL ACTIVITIES: Department of Cultural Affairs",2001,89509
acfr2005,capital_expenditures,298,1393,"PARKS, RECREATION AND CULTURAL ACTIVITIES: Department of Cultural Affairs",2002,157600
acfr2005,capital_expenditures,298,1393,"PARKS, RECREATION AND CULTURAL ACTIVITIES: Department of Cultural Affairs",2003,173272
acfr2005,capital_expenditures,298,1393,"PARKS, RECREATION AND CULTURAL ACTIVITIES: Department of Cultural Affairs",2004,132299
acfr2005,capital_expenditures,298,1393,"PARKS, RECREATION AND CULTURAL ACTIVITIES: Department of Cultural Affairs",2005,124272
acfr2005,capital_expenditures,298,1394,Department of Parks and Recreation,1996,85814
acfr2005,capital_expenditures,298,1394,Department of Parks and Recreation,1997,141767
acfr2005,capital_expenditures,298,1394,Department of Parks and Recreation,1998,157375
acfr2005,capital_expenditures,298,1394,Department of Parks and Recreation,1999,167154
acfr2005,capital_expenditures,298,1394,Department of Parks and Recreation,2000,195633
acfr2005,capital_expenditures,298,1394,Department of Parks and Recreation,2001,166399
acfr2005,capital_expenditures,298,1394,Department of Parks and Recreation,2002,211939
acfr2005,capital_expenditures,298,1394,Department of Parks and Recreation,2003,187536
acfr2005,capital_expenditures,298,1394,Department of Parks and Recreation,2004,196045
acfr2005,capital_expenditures,298,1394,Department of Parks and Recreation,2005,192984
acfr2005,capital_expenditures,298,1395,"Total Parks, Recreation and Cultural 271 Activities",1996,121480
acfr2005,capital_expenditures,298,1395,"Total Parks, Recreation and Cultural 271 Activities",1997,186157
acfr2005,capital_expenditures,298,1395,"Total Parks, Recreation and Cultural 271 Activities",1998,230028
acfr2005,capital_expenditures,298,1395,"Total Parks, Recreation and Cultural 271 Activities",1999,220852
acfr2005,capital_expenditures,298,1395,"Total Parks, Recreation and Cultural 271 Activities",2000,262070
acfr2005,capital_expenditures,298,1395,"Total Parks, Recreation and Cultural 271 Activities",2001,255908
acfr2005,capital_expenditures,298,1395,"Total Parks, Recreation and Cultural 271 Activities",2002,369539
acfr2005,capital_expenditures,298,1395,"Total Parks, Recreation and Cultural 271 Activities",2003,360808
acfr2005,capital_expenditures,298,1395,"Total Parks, Recreation and Cultural 271 Activities",2004,328344
acfr2005,capital_expenditures,298,1395,"Total Parks, Recreation and Cultural 271 Activities",2005,317256
acfr2005,capital_expenditures,298,1396,HOUSING: Department of Housing Preservation and Development,1996,246356
acfr2005,capital_expenditures,298,1396,HOUSING: Department of Housing Preservation and Development,1997,269001
acfr2005,capital_expenditures,298,1396,HOUSING: Department of Housing Preservation and Development,1998,235472
acfr2005,capital_expenditures,298,1396,HOUSING: Department of Housing Preservation and Development,1999,365056
acfr2005,capital_expenditures,298,1396,HOUSING: Department of Housing Preservation and Development,2000,289845
acfr2005,capital_expenditures,298,1396,HOUSING: Department of Housing Preservation and Development,2001,413896
acfr2005,capital_expenditures,298,1396,HOUSING: Department of Housing Preservation and Development,2002,380384
acfr2005,capital_expenditures,298,1396,HOUSING: Department of Housing Preservation and Development,2003,300984
acfr2005,capital_expenditures,298,1396,HOUSING: Department of Housing Preservation and Development,2004,359612
acfr2005,capital_expenditures,298,1396,HOUSING: Department of Housing Preservation and Development,2005,343274
acfr2005,capital_expenditures,298,1397,HEALTH: Health and Hospitals Corporation,1996,104420
acfr2005,capital_expenditures,298,1397,HEALTH: Health and Hospitals Corporation,1997,82508
acfr2005,capital_expenditures,298,1397,HEALTH: Health and Hospitals Corporation,1998,71019
acfr2005,capital_expenditures,298,1397,HEALTH: Health and Hospitals Corporation,1999,18727
acfr2005,capital_expenditures,298,1397,HEALTH: Health and Hospitals Corporation,2000,43145
acfr2005,capital_expenditures,298,1397,HEALTH: Health and Hospitals Corporation,2001,34243
acfr2005,capital_expenditures,298,1397,HEALTH: Health and Hospitals Corporation,2002,61597
acfr2005,capital_expenditures,298,1397,HEALTH: Health and Hospitals Corporation,2003,67335
acfr2005,capital_expenditures,298,1397,HEALTH: Health and Hospitals Corporation,2004,34710
acfr2005,capital_expenditures,298,1397,HEALTH: Health and Hospitals Corporation,2005,345651
acfr2005,capital_expenditures,298,1398,Department of Health and Mental Hygiene,1996,16169
acfr2005,capital_expenditures,298,1398,Department of Health and Mental Hygiene,1997,16011
acfr2005,capital_expenditures,298,1398,Department of Health and Mental Hygiene,1998,14862
acfr2005,capital_expenditures,298,1398,Department of Health and Mental Hygiene,1999,40708
acfr2005,capital_expenditures,298,1398,Department of Health and Mental Hygiene,2000,32413
acfr2005,capital_expenditures,298,1398,Department of Health and Mental Hygiene,2001,26183
acfr2005,capital_expenditures,298,1398,Department of Health and Mental Hygiene,2002,49627
acfr2005,capital_expenditures,298,1398,Department of Health and Mental Hygiene,2003,47714
acfr2005,capital_expenditures,298,1398,Department of Health and Mental Hygiene,2004,53770
acfr2005,capital_expenditures,298,1398,Department of Health and Mental Hygiene,2005,38934
acfr2005,capital_expenditures,298,1399,Total Health,1996,120589
acfr2005,capital_expenditures,298,1399,Total Health,1997,98519
acfr2005,capital_expenditures,298,1399,Total Health,1998,85881
acfr2005,capital_expenditures,298,1399,Total Health,1999,59435
acfr2005,capital_expenditures,298,1399,Total Health,2000,75558
acfr2005,capital_expenditures,298,1399,Total Health,2001,60426
acfr2005,capital_expenditures,298,1399,Total Health,2002,111224
acfr2005,capital_expenditures,298,1399,Total Health,2003,115049
acfr2005,capital_expenditures,298,1399,Total Health,2004,88480
acfr2005,capital_expenditures,298,1399,Total Health,2005,384585
acfr2005,capital_expenditures,298,1400,LIBRARIES: Research Libraries,1996,8418
acfr2005,capital_expenditures,298,1400,LIBRARIES: Research Libraries,1997,3086
acfr2005,capital_expenditures,298,1400,LIBRARIES: Research Libraries,1998,2477
acfr2005,capital_expenditures,298,1400,LIBRARIES: Research Libraries,1999,2353
acfr2005,capital_expenditures,298,1400,LIBRARIES: Research Libraries,2000,702
acfr2005,capital_expenditures,298,1400,LIBRARIES: Research Libraries,2001,80
acfr2005,capital_expenditures,298,1400,LIBRARIES: Research Libraries,2002,18601
acfr2005,capital_expenditures,298,1400,LIBRARIES: Research Libraries,2003,26245
acfr2005,capital_expenditures,298,1400,LIBRARIES: Research Libraries,2004,4949
acfr2005,capital_expenditures,298,1400,LIBRARIES: Research Libraries,2005,3304
acfr2005,capital_expenditures,298,1401,New York Public Library,1996,4752
acfr2005,capital_expenditures,298,1401,New York Public Library,1997,7681
acfr2005,capital_expenditures,298,1401,New York Public Library,1998,4485
acfr2005,capital_expenditures,298,1401,New York Public Library,1999,4348
acfr2005,capital_expenditures,298,1401,New York Public Library,2000,5750
acfr2005,capital_expenditures,298,1401,New York Public Library,2001,8557
acfr2005,capital_expenditures,298,1401,New York Public Library,2002,4156
acfr2005,capital_expenditures,298,1401,New York Public Library,2003,12431
acfr2005,capital_expenditures,298,1401,New York Public Library,2004,26419
acfr2005,capital_expenditures,298,1401,New York Public Library,2005,41567
acfr2005,capital_expenditures,298,1402,Brooklyn Public Library,1996,2299
acfr2005,capital_expenditures,298,1402,Brooklyn Public Library,1997,4515
acfr2005,capital_expenditures,298,1402,Brooklyn Public Library,1998,8481
acfr2005,capital_expenditures,298,1402,Brooklyn Public Library,1999,8925
acfr2005,capital_expenditures,298,1402,Brooklyn Public Library,2000,8941
acfr2005,capital_expenditures,298,1402,Brooklyn Public Library,2001,5536
acfr2005,capital_expenditures,298,1402,Brooklyn Public Library,2002,7501
acfr2005,capital_expenditures,298,1402,Brooklyn Public Library,2003,7488
acfr2005,capital_expenditures,298,1402,Brooklyn Public Library,2004,9300
acfr2005,capital_expenditures,298,1402,Brooklyn Public Library,2005,8946
acfr2005,capital_expenditures,298,1403,Queens Borough Public Library,1996,7040
acfr2005,capital_expenditures,298,1403,Queens Borough Public Library,1997,19314
acfr2005,capital_expenditures,298,1403,Queens Borough Public Library,1998,16342
acfr2005,capital_expenditures,298,1403,Queens Borough Public Library,1999,8986
acfr2005,capital_expenditures,298,1403,Queens Borough Public Library,2000,5554
acfr2005,capital_expenditures,298,1403,Queens Borough Public Library,2001,2666
acfr2005,capital_expenditures,298,1403,Queens Borough Public Library,2002,4384
acfr2005,capital_expenditures,298,1403,Queens Borough Public Library,2003,3053
acfr2005,capital_expenditures,298,1403,Queens Borough Public Library,2004,2859
acfr2005,capital_expenditures,298,1403,Queens Borough Public Library,2005,7863
acfr2005,capital_expenditures,298,1404,Total Libraries,1996,22509
acfr2005,capital_expenditures,298,1404,Total Libraries,1997,34596
acfr2005,capital_expenditures,298,1404,Total Libraries,1998,31785
acfr2005,capital_expenditures,298,1404,Total Libraries,1999,24612
acfr2005,capital_expenditures,298,1404,Total Libraries,2000,20947
acfr2005,capital_expenditures,298,1404,Total Libraries,2001,16839
acfr2005,capital_expenditures,298,1404,Total Libraries,2002,34642
acfr2005,capital_expenditures,298,1404,Total Libraries,2003,49217
acfr2005,capital_expenditures,298,1404,Total Libraries,2004,43527
acfr2005,capital_expenditures,298,1404,Total Libraries,2005,61680
acfr2005,capital_expenditures,298,1405,OTHER,1996,142239
acfr2005,capital_expenditures,298,1405,OTHER,1997,59048
acfr2005,capital_expenditures,298,1405,OTHER,1998,109359
acfr2005,capital_expenditures,298,1405,OTHER,1999,210205
acfr2005,capital_expenditures,298,1405,OTHER,2000,138351
acfr2005,capital_expenditures,298,1405,OTHER,2001,161991
acfr2005,capital_expenditures,298,1405,OTHER,2002,106188
acfr2005,capital_expenditures,298,1405,OTHER,2003,80609
acfr2005,capital_expenditures,298,1405,OTHER,2004,112001
acfr2005,capital_expenditures,298,1405,OTHER,2005,57221
acfr2005,capital_expenditures,298,1406,Total Expenditures,1996,3878108
acfr2005,capital_expenditures,298,1406,Total Expenditures,1997,3858578
acfr2005,capital_expenditures,298,1406,Total Expenditures,1998,4151385
acfr2005,capital_expenditures,298,1406,Total Expenditures,1999,4840520
acfr2005,capital_expenditures,298,1406,Total Expenditures,2000,4809483
acfr2005,capital_expenditures,298,1406,Total Expenditures,2001,5309954
acfr2005,capital_expenditures,298,1406,Total Expenditures,2002,6320102
acfr2005,capital_expenditures,298,1406,Total Expenditures,2003,5733809
acfr2005,capital_expenditures,298,1406,Total Expenditures,2004,5754507
acfr2005,capital_expenditures,298,1406,Total Expenditures,2005,6654706
acfr2025,capital_aid,459,1407,General Government: Department of Small Business Services,2016,5580
acfr2025,capital_aid,459,1407,General Government: Department of Small Business Services,2017,14524
acfr2025,capital_aid,459,1407,General Government: Department of Small Business Services,2018,22628
acfr2025,capital_aid,459,1407,General Government: Department of Small Business Services,2019,17744
acfr2025,capital_aid,459,1408,Department of Citywide Administrative Services,2016,500
acfr2025,capital_aid,459,1408,Department of Citywide Administrative Services,2017,97
acfr2025,capital_aid,459,1408,Department of Citywide Administrative Services,2018,3
acfr2025,capital_aid,459,1408,Department of Citywide Administrative Services,2019,13302
acfr2025,capital_aid,459,1409,Total General Government,2016,6080
acfr2025,capital_aid,459,1409,Total General Government,2017,14621
acfr2025,capital_aid,459,1409,Total General Government,2018,22631
acfr2025,capital_aid,459,1409,Total General Government,2019,31046
acfr2025,capital_aid,459,1410,Public Safety and Judicial: Police Department,2016,9164
acfr2025,capital_aid,459,1410,Public Safety and Judicial: Police Department,2017,636
acfr2025,capital_aid,459,1410,Public Safety and Judicial: Police Department,2018,1731
acfr2025,capital_aid,459,1410,Public Safety and Judicial: Police Department,2019,1513
acfr2025,capital_aid,459,1411,Fire Department(1),2016,3645
acfr2025,capital_aid,459,1411,Fire Department(1),2017,0
acfr2025,capital_aid,459,1411,Fire Department(1),2018,0
acfr2025,capital_aid,459,1411,Fire Department(1),2019,2674
acfr2025,capital_aid,459,1412,Department of Correction,2016,860
acfr2025,capital_aid,459,1412,Department of Correction,2017,1302
acfr2025,capital_aid,459,1412,Department of Correction,2018,2079
acfr2025,capital_aid,459,1412,Department of Correction,2019,4987
acfr2025,capital_aid,459,1413,Total Public Safety and Judicial,2016,13669
acfr2025,capital_aid,459,1413,Total Public Safety and Judicial,2017,1938
acfr2025,capital_aid,459,1413,Total Public Safety and Judicial,2018,3810
acfr2025,capital_aid,459,1413,Total Public Safety and Judicial,2019,9174
acfr2025,capital_aid,459,1414,Education: Department of Education,2016,191000
acfr2025,capital_aid,459,1414,Education: Department of Education,2017,144948
acfr2025,capital_aid,459,1414,Education: Department of Education,2018,17163
acfr2025,capital_aid,459,1414,Education: Department of Education,2019,38746
acfr2025,capital_aid,459,1415,City University: City University of New York Community Colleges,2016,484
acfr2025,capital_aid,459,1415,City University: City University of New York Community Colleges,2017,0
acfr2025,capital_aid,459,1415,City University: City University of New York Community Colleges,2018,0
acfr2025,capital_aid,459,1415,City University: City University of New York Community Colleges,2019,0
acfr2025,capital_aid,459,1416,Social Services : Administration for Children’s Services,2016,1257
acfr2025,capital_aid,459,1416,Social Services : Administration for Children’s Services,2017,6549
acfr2025,capital_aid,459,1416,Social Services : Administration for Children’s Services,2018,4331
acfr2025,capital_aid,459,1416,Social Services : Administration for Children’s Services,2019,600
acfr2025,capital_aid,459,1417,Human Resources Administration,2016,5969
acfr2025,capital_aid,459,1417,Human Resources Administration,2017,15253
acfr2025,capital_aid,459,1417,Human Resources Administration,2018,3785
acfr2025,capital_aid,459,1417,Human Resources Administration,2019,4019
acfr2025,capital_aid,459,1418,Total Social Services,2016,7226
acfr2025,capital_aid,459,1418,Total Social Services,2017,21802
acfr2025,capital_aid,459,1418,Total Social Services,2018,8116
acfr2025,capital_aid,459,1418,Total Social Services,2019,4619
acfr2025,capital_aid,459,1419,Environmental Protection: Department of Environmental Protection,2016,5281
acfr2025,capital_aid,459,1419,Environmental Protection: Department of Environmental Protection,2017,3890
acfr2025,capital_aid,459,1419,Environmental Protection: Department of Environmental Protection,2018,6199
acfr2025,capital_aid,459,1419,Environmental Protection: Department of Environmental Protection,2019,11201
acfr2025,capital_aid,459,1420,Department of Sanitation,2016,4464
acfr2025,capital_aid,459,1420,Department of Sanitation,2017,0
acfr2025,capital_aid,459,1420,Department of Sanitation,2018,5546
acfr2025,capital_aid,459,1420,Department of Sanitation,2019,1253
acfr2025,capital_aid,459,1421,Total Environmental Protection,2016,9745
acfr2025,capital_aid,459,1421,Total Environmental Protection,2017,3890
acfr2025,capital_aid,459,1421,Total Environmental Protection,2018,11745
acfr2025,capital_aid,459,1421,Total Environmental Protection,2019,12454
acfr2025,capital_aid,460,1422,Transportation Services: Department of Transportation,2020,325960
acfr2025,capital_aid,460,1422,Transportation Services: Department of Transportation,2021,262836
acfr2025,capital_aid,460,1422,Transportation Services: Department of Transportation,2022,182709
acfr2025,capital_aid,460,1422,Transportation Services: Department of Transportation,2023,126894
acfr2025,capital_aid,460,1422,Transportation Services: Department of Transportation,2024,239396
acfr2025,capital_aid,460,1422,Transportation Services: Department of Transportation,2025,165176
acfr2025,capital_aid,460,1423,Transit Authority,2020,0
acfr2025,capital_aid,460,1423,Transit Authority,2021,0
acfr2025,capital_aid,460,1423,Transit Authority,2022,0
acfr2025,capital_aid,460,1423,Transit Authority,2023,0
acfr2025,capital_aid,460,1423,Transit Authority,2024,0
acfr2025,capital_aid,460,1423,Transit Authority,2025,7633
acfr2025,capital_aid,460,1424,Total Transportation Services,2020,325960
acfr2025,capital_aid,460,1424,Total Transportation Services,2021,262836
acfr2025,capital_aid,460,1424,Total Transportation Services,2022,182709
acfr2025,capital_aid,460,1424,Total Transportation Services,2023,126894
acfr2025,capital_aid,460,1424,Total Transportation Services,2024,239396
acfr2025,capital_aid,460,1424,Total Transportation Services,2025,172809
acfr2025,capital_aid,460,1425,"Parks, Recreation and Cultural Activities: Department of Parks and Recreation",2020,21370
acfr2025,capital_aid,460,1425,"Parks, Recreation and Cultural Activities: Department of Parks and Recreation",2021,26342
acfr2025,capital_aid,460,1425,"Parks, Recreation and Cultural Activities: Department of Parks and Recreation",2022,31336
acfr2025,capital_aid,460,1425,"Parks, Recreation and Cultural Activities: Department of Parks and Recreation",2023,48744
acfr2025,capital_aid,460,1425,"Parks, Recreation and Cultural Activities: Department of Parks and Recreation",2024,91595
acfr2025,capital_aid,460,1425,"Parks, Recreation and Cultural Activities: Department of Parks and Recreation",2025,28868
acfr2025,capital_aid,460,1426,Department of Cultural Affairs,2020,4608
acfr2025,capital_aid,460,1426,Department of Cultural Affairs,2021,60343
acfr2025,capital_aid,460,1426,Department of Cultural Affairs,2022,6
acfr2025,capital_aid,460,1426,Department of Cultural Affairs,2023,0
acfr2025,capital_aid,460,1426,Department of Cultural Affairs,2024,0
acfr2025,capital_aid,460,1426,Department of Cultural Affairs,2025,65563
acfr2025,capital_aid,460,1427,"Total Parks, Recreation and Cultural Activities",2020,25978
acfr2025,capital_aid,460,1427,"Total Parks, Recreation and Cultural Activities",2021,86685
acfr2025,capital_aid,460,1427,"Total Parks, Recreation and Cultural Activities",2022,31342
acfr2025,capital_aid,460,1427,"Total Parks, Recreation and Cultural Activities",2023,48744
acfr2025,capital_aid,460,1427,"Total Parks, Recreation and Cultural Activities",2024,91595
acfr2025,capital_aid,460,1427,"Total Parks, Recreation and Cultural Activities",2025,94431
acfr2025,capital_aid,460,1428,Housing: Department of Housing Preservation and Development,2020,35547
acfr2025,capital_aid,460,1428,Housing: Department of Housing Preservation and Development,2021,31408
acfr2025,capital_aid,460,1428,Housing: Department of Housing Preservation and Development,2022,29168
acfr2025,capital_aid,460,1428,Housing: Department of Housing Preservation and Development,2023,66007
acfr2025,capital_aid,460,1428,Housing: Department of Housing Preservation and Development,2024,104745
acfr2025,capital_aid,460,1428,Housing: Department of Housing Preservation and Development,2025,37613
acfr2025,capital_aid,460,1429,Health: Department of Health and Mental Hygiene,2020,263
acfr2025,capital_aid,460,1429,Health: Department of Health and Mental Hygiene,2021,1514
acfr2025,capital_aid,460,1429,Health: Department of Health and Mental Hygiene,2022,207
acfr2025,capital_aid,460,1429,Health: Department of Health and Mental Hygiene,2023,71
acfr2025,capital_aid,460,1429,Health: Department of Health and Mental Hygiene,2024,590
acfr2025,capital_aid,460,1429,Health: Department of Health and Mental Hygiene,2025,852
acfr2025,capital_aid,460,1430,New York City Health and Hospitals Corporation,2020,141515
acfr2025,capital_aid,460,1430,New York City Health and Hospitals Corporation,2021,123620
acfr2025,capital_aid,460,1430,New York City Health and Hospitals Corporation,2022,152884
acfr2025,capital_aid,460,1430,New York City Health and Hospitals Corporation,2023,67751
acfr2025,capital_aid,460,1430,New York City Health and Hospitals Corporation,2024,33534
acfr2025,capital_aid,460,1430,New York City Health and Hospitals Corporation,2025,177824
acfr2025,capital_aid,460,1431,Total Health,2020,141778
acfr2025,capital_aid,460,1431,Total Health,2021,125134
acfr2025,capital_aid,460,1431,Total Health,2022,153091
acfr2025,capital_aid,460,1431,Total Health,2023,67822
acfr2025,capital_aid,460,1431,Total Health,2024,34124
acfr2025,capital_aid,460,1431,Total Health,2025,178676
acfr2025,capital_aid,460,1432,Libraries: Research Library,2020,0
acfr2025,capital_aid,460,1432,Libraries: Research Library,2021,0
acfr2025,capital_aid,460,1432,Libraries: Research Library,2022,0
acfr2025,capital_aid,460,1432,Libraries: Research Library,2023,0
acfr2025,capital_aid,460,1432,Libraries: Research Library,2024,0
acfr2025,capital_aid,460,1432,Libraries: Research Library,2025,0
acfr2025,capital_aid,460,1433,New York Public Library,2020,0
acfr2025,capital_aid,460,1433,New York Public Library,2021,0
acfr2025,capital_aid,460,1433,New York Public Library,2022,0
acfr2025,capital_aid,460,1433,New York Public Library,2023,0
acfr2025,capital_aid,460,1433,New York Public Library,2024,0
acfr2025,capital_aid,460,1433,New York Public Library,2025,0
acfr2025,capital_aid,460,1434,Brooklyn Public Library,2020,0
acfr2025,capital_aid,460,1434,Brooklyn Public Library,2021,0
acfr2025,capital_aid,460,1434,Brooklyn Public Library,2022,0
acfr2025,capital_aid,460,1434,Brooklyn Public Library,2023,0
acfr2025,capital_aid,460,1434,Brooklyn Public Library,2024,0
acfr2025,capital_aid,460,1434,Brooklyn Public Library,2025,0
acfr2025,capital_aid,460,1435,Queens Borough Public Library,2020,1679
acfr2025,capital_aid,460,1435,Queens Borough Public Library,2021,0
acfr2025,capital_aid,460,1435,Queens Borough Public Library,2022,2143
acfr2025,capital_aid,460,1435,Queens Borough Public Library,2024,6097
acfr2025,capital_aid,460,1435,Queens Borough Public Library,2025,1794
acfr2025,capital_aid,460,1436,Total Libraries,2020,1679
acfr2025,capital_aid,460,1436,Total Libraries,2021,0
acfr2025,capital_aid,460,1436,Total Libraries,2022,2143
acfr2025,capital_aid,460,1436,Total Libraries,2023,-63
acfr2025,capital_aid,460,1436,Total Libraries,2024,6097
acfr2025,capital_aid,460,1436,Total Libraries,2025,1794
acfr2025,capital_aid,460,1437,Total Capital Projects Fund Aid Revenues,2020,674839
acfr2025,capital_aid,460,1437,Total Capital Projects Fund Aid Revenues,2021,655568
acfr2025,capital_aid,460,1437,Total Capital Projects Fund Aid Revenues,2022,561514
acfr2025,capital_aid,460,1437,Total Capital Projects Fund Aid Revenues,2023,541678
acfr2025,capital_aid,460,1437,Total Capital Projects Fund Aid Revenues,2024,883408
acfr2025,capital_aid,460,1437,Total Capital Projects Fund Aid Revenues,2025,788771
acfr2025,capital_aid,460,1438,(2) The negative amount presented Source: Annual Comprehensive Financial,2024,426
acfr2025,capital_aid,461,1439,Transportation Services: Department of Transportation,2016,512612
acfr2025,capital_aid,461,1439,Transportation Services: Department of Transportation,2017,337998
acfr2025,capital_aid,461,1439,Transportation Services: Department of Transportation,2018,334899
acfr2025,capital_aid,461,1439,Transportation Services: Department of Transportation,2019,278253
acfr2025,capital_aid,461,1440,Transit Authority,2016,0
acfr2025,capital_aid,461,1440,Transit Authority,2017,0
acfr2025,capital_aid,461,1440,Transit Authority,2018,0
acfr2025,capital_aid,461,1440,Transit Authority,2019,0
acfr2025,capital_aid,461,1441,Total Transportation Services,2016,512612
acfr2025,capital_aid,461,1441,Total Transportation Services,2017,337998
acfr2025,capital_aid,461,1441,Total Transportation Services,2018,334899
acfr2025,capital_aid,461,1441,Total Transportation Services,2019,278253
acfr2025,capital_aid,461,1442,"Parks, Recreation and Cultural Activities: Department of Parks and Recreation",2016,172197
acfr2025,capital_aid,461,1442,"Parks, Recreation and Cultural Activities: Department of Parks and Recreation",2017,65195
acfr2025,capital_aid,461,1442,"Parks, Recreation and Cultural Activities: Department of Parks and Recreation",2018,33203
acfr2025,capital_aid,461,1442,"Parks, Recreation and Cultural Activities: Department of Parks and Recreation",2019,12605
acfr2025,capital_aid,461,1443,Department of Cultural Affairs,2016,1625
acfr2025,capital_aid,461,1443,Department of Cultural Affairs,2017,2359
acfr2025,capital_aid,461,1443,Department of Cultural Affairs,2018,10966
acfr2025,capital_aid,461,1443,Department of Cultural Affairs,2019,2039
acfr2025,capital_aid,461,1444,"Total Parks, Recreation and Cultural Activities",2016,173822
acfr2025,capital_aid,461,1444,"Total Parks, Recreation and Cultural Activities",2017,67554
acfr2025,capital_aid,461,1444,"Total Parks, Recreation and Cultural Activities",2018,44169
acfr2025,capital_aid,461,1444,"Total Parks, Recreation and Cultural Activities",2019,14644
acfr2025,capital_aid,461,1445,Housing: Department of Housing Preservation and Development,2016,43611
acfr2025,capital_aid,461,1445,Housing: Department of Housing Preservation and Development,2017,32056
acfr2025,capital_aid,461,1445,Housing: Department of Housing Preservation and Development,2018,67475
acfr2025,capital_aid,461,1445,Housing: Department of Housing Preservation and Development,2019,15596
acfr2025,capital_aid,461,1446,Health: Department of Health and Mental Hygiene,2016,1102
acfr2025,capital_aid,461,1446,Health: Department of Health and Mental Hygiene,2017,1749
acfr2025,capital_aid,461,1446,Health: Department of Health and Mental Hygiene,2018,1783
acfr2025,capital_aid,461,1446,Health: Department of Health and Mental Hygiene,2019,1881
acfr2025,capital_aid,461,1447,New York City Health and Hospitals Corporation,2016,18033
acfr2025,capital_aid,461,1447,New York City Health and Hospitals Corporation,2017,0
acfr2025,capital_aid,461,1447,New York City Health and Hospitals Corporation,2018,28007
acfr2025,capital_aid,461,1447,New York City Health and Hospitals Corporation,2019,12314
acfr2025,capital_aid,461,1448,Total Health,2016,19135
acfr2025,capital_aid,461,1448,Total Health,2017,1749
acfr2025,capital_aid,461,1448,Total Health,2018,29790
acfr2025,capital_aid,461,1448,Total Health,2019,14195
acfr2025,capital_aid,461,1449,Libraries: Research Library,2016,0
acfr2025,capital_aid,461,1449,Libraries: Research Library,2017,0
acfr2025,capital_aid,461,1449,Libraries: Research Library,2018,1
acfr2025,capital_aid,461,1449,Libraries: Research Library,2019,0
acfr2025,capital_aid,461,1450,New York Public Library,2016,45
acfr2025,capital_aid,461,1450,New York Public Library,2017,32
acfr2025,capital_aid,461,1450,New York Public Library,2018,0
acfr2025,capital_aid,461,1450,New York Public Library,2019,0
acfr2025,capital_aid,461,1451,Brooklyn Public Library,2016,92
acfr2025,capital_aid,461,1451,Brooklyn Public Library,2017,0
acfr2025,capital_aid,461,1451,Brooklyn Public Library,2018,0
acfr2025,capital_aid,461,1451,Brooklyn Public Library,2019,0
acfr2025,capital_aid,461,1452,Queens Borough Public Library(2),2016,9002
acfr2025,capital_aid,461,1452,Queens Borough Public Library(2),2017,6636
acfr2025,capital_aid,461,1452,Queens Borough Public Library(2),2018,940
acfr2025,capital_aid,461,1452,Queens Borough Public Library(2),2019,0
acfr2025,capital_aid,461,1453,Total Libraries,2016,9139
acfr2025,capital_aid,461,1453,Total Libraries,2017,6668
acfr2025,capital_aid,461,1453,Total Libraries,2018,941
acfr2025,capital_aid,461,1453,Total Libraries,2019,0
acfr2025,capital_aid,461,1454,Total Capital Projects Fund Aid Revenues,2016,986523
acfr2025,capital_aid,461,1454,Total Capital Projects Fund Aid Revenues,2017,633224
acfr2025,capital_aid,461,1454,Total Capital Projects Fund Aid Revenues,2018,540739
acfr2025,capital_aid,461,1454,Total Capital Projects Fund Aid Revenues,2019,418727
acfr2015,capital_aid,377,1455,General Government: Department of Small Business Services,2006,5354
acfr2015,capital_aid,377,1455,General Government: Department of Small Business Services,2007,12208
acfr2015,capital_aid,377,1455,General Government: Department of Small Business Services,2008,20880
acfr2015,capital_aid,377,1455,General Government: Department of Small Business Services,2009,7929
acfr2015,capital_aid,377,1455,General Government: Department of Small Business Services,2010,87709
acfr2015,capital_aid,377,1455,General Government: Department of Small Business Services,2011,60096
acfr2015,capital_aid,377,1455,General Government: Department of Small Business Services,2012,35020
acfr2015,capital_aid,377,1455,General Government: Department of Small Business Services,2013,40421
acfr2015,capital_aid,377,1455,General Government: Department of Small Business Services,2014,24063
acfr2015,capital_aid,377,1455,General Government: Department of Small Business Services,2015,42423
acfr2015,capital_aid,377,1456,Department of Citywide Administrative Services,2006,2145
acfr2015,capital_aid,377,1456,Department of Citywide Administrative Services,2007,24073
acfr2015,capital_aid,377,1456,Department of Citywide Administrative Services,2008,0
acfr2015,capital_aid,377,1456,Department of Citywide Administrative Services,2009,0
acfr2015,capital_aid,377,1456,Department of Citywide Administrative Services,2010,-6407
acfr2015,capital_aid,377,1456,Department of Citywide Administrative Services,2011,7202
acfr2015,capital_aid,377,1456,Department of Citywide Administrative Services,2012,4464
acfr2015,capital_aid,377,1456,Department of Citywide Administrative Services,2013,20650
acfr2015,capital_aid,377,1456,Department of Citywide Administrative Services,2014,0
acfr2015,capital_aid,377,1456,Department of Citywide Administrative Services,2015,3558
acfr2015,capital_aid,377,1457,Department of Information Technology and Telecommunications,2006,8469
acfr2015,capital_aid,377,1457,Department of Information Technology and Telecommunications,2007,14944
acfr2015,capital_aid,377,1457,Department of Information Technology and Telecommunications,2008,3366
acfr2015,capital_aid,377,1457,Department of Information Technology and Telecommunications,2009,4354
acfr2015,capital_aid,377,1457,Department of Information Technology and Telecommunications,2010,7855
acfr2015,capital_aid,377,1457,Department of Information Technology and Telecommunications,2011,0
acfr2015,capital_aid,377,1457,Department of Information Technology and Telecommunications,2012,0
acfr2015,capital_aid,377,1457,Department of Information Technology and Telecommunications,2013,0
acfr2015,capital_aid,377,1457,Department of Information Technology and Telecommunications,2014,0
acfr2015,capital_aid,377,1457,Department of Information Technology and Telecommunications,2015,0
acfr2015,capital_aid,377,1458,Total General Government,2006,15968
acfr2015,capital_aid,377,1458,Total General Government,2007,51225
acfr2015,capital_aid,377,1458,Total General Government,2008,24246
acfr2015,capital_aid,377,1458,Total General Government,2009,12283
acfr2015,capital_aid,377,1458,Total General Government,2010,89157
acfr2015,capital_aid,377,1458,Total General Government,2011,67298
acfr2015,capital_aid,377,1458,Total General Government,2012,39484
acfr2015,capital_aid,377,1458,Total General Government,2013,61071
acfr2015,capital_aid,377,1458,Total General Government,2014,24063
acfr2015,capital_aid,377,1458,Total General Government,2015,45981
acfr2015,capital_aid,377,1459,Public Safety and Judicial: Police Department,2006,0
acfr2015,capital_aid,377,1459,Public Safety and Judicial: Police Department,2007,0
acfr2015,capital_aid,377,1459,Public Safety and Judicial: Police Department,2008,0
acfr2015,capital_aid,377,1459,Public Safety and Judicial: Police Department,2009,0
acfr2015,capital_aid,377,1459,Public Safety and Judicial: Police Department,2010,0
acfr2015,capital_aid,377,1459,Public Safety and Judicial: Police Department,2011,0
acfr2015,capital_aid,377,1459,Public Safety and Judicial: Police Department,2012,0
acfr2015,capital_aid,377,1459,Public Safety and Judicial: Police Department,2013,0
acfr2015,capital_aid,377,1459,Public Safety and Judicial: Police Department,2014,1867
acfr2015,capital_aid,377,1459,Public Safety and Judicial: Police Department,2015,3672
acfr2015,capital_aid,377,1460,Fire Department,2006,10510
acfr2015,capital_aid,377,1460,Fire Department,2007,2552
acfr2015,capital_aid,377,1460,Fire Department,2008,11396
acfr2015,capital_aid,377,1460,Fire Department,2009,18217
acfr2015,capital_aid,377,1460,Fire Department,2010,15021
acfr2015,capital_aid,377,1460,Fire Department,2011,10040
acfr2015,capital_aid,377,1460,Fire Department,2012,228
acfr2015,capital_aid,377,1460,Fire Department,2013,703
acfr2015,capital_aid,377,1460,Fire Department,2014,4501
acfr2015,capital_aid,377,1460,Fire Department,2015,14486
acfr2015,capital_aid,377,1461,Department of Correction,2006,0
acfr2015,capital_aid,377,1461,Department of Correction,2007,0
acfr2015,capital_aid,377,1461,Department of Correction,2008,0
acfr2015,capital_aid,377,1461,Department of Correction,2009,0
acfr2015,capital_aid,377,1461,Department of Correction,2010,0
acfr2015,capital_aid,377,1461,Department of Correction,2011,0
acfr2015,capital_aid,377,1461,Department of Correction,2012,0
acfr2015,capital_aid,377,1461,Department of Correction,2013,83
acfr2015,capital_aid,377,1461,Department of Correction,2014,2
acfr2015,capital_aid,377,1461,Department of Correction,2015,0
acfr2015,capital_aid,377,1462,Total Public Safety and 346 Judicial,2006,10510
acfr2015,capital_aid,377,1462,Total Public Safety and 346 Judicial,2007,2552
acfr2015,capital_aid,377,1462,Total Public Safety and 346 Judicial,2008,11396
acfr2015,capital_aid,377,1462,Total Public Safety and 346 Judicial,2009,18217
acfr2015,capital_aid,377,1462,Total Public Safety and 346 Judicial,2010,15021
acfr2015,capital_aid,377,1462,Total Public Safety and 346 Judicial,2011,10040
acfr2015,capital_aid,377,1462,Total Public Safety and 346 Judicial,2012,228
acfr2015,capital_aid,377,1462,Total Public Safety and 346 Judicial,2013,786
acfr2015,capital_aid,377,1462,Total Public Safety and 346 Judicial,2014,6370
acfr2015,capital_aid,377,1462,Total Public Safety and 346 Judicial,2015,18158
acfr2015,capital_aid,377,1463,Education: Department of Education,2006,0
acfr2015,capital_aid,377,1463,Education: Department of Education,2007,473841
acfr2015,capital_aid,377,1463,Education: Department of Education,2008,985401
acfr2015,capital_aid,377,1463,Education: Department of Education,2009,406192
acfr2015,capital_aid,377,1463,Education: Department of Education,2010,20708
acfr2015,capital_aid,377,1463,Education: Department of Education,2011,0
acfr2015,capital_aid,377,1463,Education: Department of Education,2012,0
acfr2015,capital_aid,377,1463,Education: Department of Education,2013,0
acfr2015,capital_aid,377,1463,Education: Department of Education,2014,9813
acfr2015,capital_aid,377,1463,Education: Department of Education,2015,78900
acfr2015,capital_aid,377,1464,City University: City University of New York Community Colleges,2006,0
acfr2015,capital_aid,377,1464,City University: City University of New York Community Colleges,2007,1133
acfr2015,capital_aid,377,1464,City University: City University of New York Community Colleges,2008,0
acfr2015,capital_aid,377,1464,City University: City University of New York Community Colleges,2009,1035
acfr2015,capital_aid,377,1464,City University: City University of New York Community Colleges,2010,2042
acfr2015,capital_aid,377,1464,City University: City University of New York Community Colleges,2011,5155
acfr2015,capital_aid,377,1464,City University: City University of New York Community Colleges,2012,693
acfr2015,capital_aid,377,1464,City University: City University of New York Community Colleges,2013,239
acfr2015,capital_aid,377,1464,City University: City University of New York Community Colleges,2014,297
acfr2015,capital_aid,377,1464,City University: City University of New York Community Colleges,2015,592
acfr2015,capital_aid,377,1465,Social Services: Administration for Children’s Services,2006,0
acfr2015,capital_aid,377,1465,Social Services: Administration for Children’s Services,2007,0
acfr2015,capital_aid,377,1465,Social Services: Administration for Children’s Services,2008,0
acfr2015,capital_aid,377,1465,Social Services: Administration for Children’s Services,2009,0
acfr2015,capital_aid,377,1465,Social Services: Administration for Children’s Services,2010,0
acfr2015,capital_aid,377,1465,Social Services: Administration for Children’s Services,2011,0
acfr2015,capital_aid,377,1465,Social Services: Administration for Children’s Services,2012,0
acfr2015,capital_aid,377,1465,Social Services: Administration for Children’s Services,2013,0
acfr2015,capital_aid,377,1465,Social Services: Administration for Children’s Services,2014,0
acfr2015,capital_aid,377,1465,Social Services: Administration for Children’s Services,2015,21978
acfr2015,capital_aid,377,1466,Human Resources Administration,2006,3204
acfr2015,capital_aid,377,1466,Human Resources Administration,2007,4609
acfr2015,capital_aid,377,1466,Human Resources Administration,2008,8276
acfr2015,capital_aid,377,1466,Human Resources Administration,2009,4109
acfr2015,capital_aid,377,1466,Human Resources Administration,2010,6278
acfr2015,capital_aid,377,1466,Human Resources Administration,2011,2788
acfr2015,capital_aid,377,1466,Human Resources Administration,2012,2423
acfr2015,capital_aid,377,1466,Human Resources Administration,2013,15939
acfr2015,capital_aid,377,1466,Human Resources Administration,2014,6986
acfr2015,capital_aid,377,1466,Human Resources Administration,2015,45871
acfr2015,capital_aid,377,1467,Total Social Services,2006,3204
acfr2015,capital_aid,377,1467,Total Social Services,2007,4609
acfr2015,capital_aid,377,1467,Total Social Services,2008,8276
acfr2015,capital_aid,377,1467,Total Social Services,2009,4109
acfr2015,capital_aid,377,1467,Total Social Services,2010,6278
acfr2015,capital_aid,377,1467,Total Social Services,2011,2788
acfr2015,capital_aid,377,1467,Total Social Services,2012,2423
acfr2015,capital_aid,377,1467,Total Social Services,2013,15939
acfr2015,capital_aid,377,1467,Total Social Services,2014,6986
acfr2015,capital_aid,377,1467,Total Social Services,2015,67849
acfr2015,capital_aid,377,1468,Environmental Protection: Department of Environmental Protection,2006,31267
acfr2015,capital_aid,377,1468,Environmental Protection: Department of Environmental Protection,2007,17664
acfr2015,capital_aid,377,1468,Environmental Protection: Department of Environmental Protection,2008,4236
acfr2015,capital_aid,377,1468,Environmental Protection: Department of Environmental Protection,2009,4619
acfr2015,capital_aid,377,1468,Environmental Protection: Department of Environmental Protection,2010,50709
acfr2015,capital_aid,377,1468,Environmental Protection: Department of Environmental Protection,2011,31041
acfr2015,capital_aid,377,1468,Environmental Protection: Department of Environmental Protection,2012,55951
acfr2015,capital_aid,377,1468,Environmental Protection: Department of Environmental Protection,2013,42701
acfr2015,capital_aid,377,1468,Environmental Protection: Department of Environmental Protection,2014,192124
acfr2015,capital_aid,377,1468,Environmental Protection: Department of Environmental Protection,2015,65461
acfr2015,capital_aid,377,1469,Department of Sanitation,2006,0
acfr2015,capital_aid,377,1469,Department of Sanitation,2007,0
acfr2015,capital_aid,377,1469,Department of Sanitation,2008,0
acfr2015,capital_aid,377,1469,Department of Sanitation,2009,1048
acfr2015,capital_aid,377,1469,Department of Sanitation,2010,450
acfr2015,capital_aid,377,1469,Department of Sanitation,2011,1336
acfr2015,capital_aid,377,1469,Department of Sanitation,2012,112
acfr2015,capital_aid,377,1469,Department of Sanitation,2013,4050
acfr2015,capital_aid,377,1469,Department of Sanitation,2014,1369
acfr2015,capital_aid,377,1469,Department of Sanitation,2015,450
acfr2015,capital_aid,377,1470,Total Environmental Protection,2006,31267
acfr2015,capital_aid,377,1470,Total Environmental Protection,2007,17664
acfr2015,capital_aid,377,1470,Total Environmental Protection,2008,4236
acfr2015,capital_aid,377,1470,Total Environmental Protection,2009,5667
acfr2015,capital_aid,377,1470,Total Environmental Protection,2010,51159
acfr2015,capital_aid,377,1470,Total Environmental Protection,2011,32377
acfr2015,capital_aid,377,1470,Total Environmental Protection,2012,56063
acfr2015,capital_aid,377,1470,Total Environmental Protection,2013,46751
acfr2015,capital_aid,377,1470,Total Environmental Protection,2014,193493
acfr2015,capital_aid,377,1470,Total Environmental Protection,2015,65911
acfr2015,capital_aid,378,1471,Transportation Services: Department of Transportation,2006,214943
acfr2015,capital_aid,378,1471,Transportation Services: Department of Transportation,2007,170029
acfr2015,capital_aid,378,1471,Transportation Services: Department of Transportation,2008,155442
acfr2015,capital_aid,378,1471,Transportation Services: Department of Transportation,2009,268900
acfr2015,capital_aid,378,1471,Transportation Services: Department of Transportation,2010,271557
acfr2015,capital_aid,378,1471,Transportation Services: Department of Transportation,2011,298208
acfr2015,capital_aid,378,1471,Transportation Services: Department of Transportation,2012,311493
acfr2015,capital_aid,378,1471,Transportation Services: Department of Transportation,2013,390038
acfr2015,capital_aid,378,1471,Transportation Services: Department of Transportation,2014,252904
acfr2015,capital_aid,378,1471,Transportation Services: Department of Transportation,2015,354962
acfr2015,capital_aid,378,1472,Transit Authority,2006,0
acfr2015,capital_aid,378,1472,Transit Authority,2007,30861
acfr2015,capital_aid,378,1472,Transit Authority,2008,0
acfr2015,capital_aid,378,1472,Transit Authority,2009,0
acfr2015,capital_aid,378,1472,Transit Authority,2010,0
acfr2015,capital_aid,378,1472,Transit Authority,2011,0
acfr2015,capital_aid,378,1472,Transit Authority,2012,0
acfr2015,capital_aid,378,1472,Transit Authority,2013,0
acfr2015,capital_aid,378,1472,Transit Authority,2014,0
acfr2015,capital_aid,378,1472,Transit Authority,2015,0
acfr2015,capital_aid,378,1473,Total Transportation Services,2006,214943
acfr2015,capital_aid,378,1473,Total Transportation Services,2007,200890
acfr2015,capital_aid,378,1473,Total Transportation Services,2008,155442
acfr2015,capital_aid,378,1473,Total Transportation Services,2009,268900
acfr2015,capital_aid,378,1473,Total Transportation Services,2010,271557
acfr2015,capital_aid,378,1473,Total Transportation Services,2011,298208
acfr2015,capital_aid,378,1473,Total Transportation Services,2012,311493
acfr2015,capital_aid,378,1473,Total Transportation Services,2013,390038
acfr2015,capital_aid,378,1473,Total Transportation Services,2014,252904
acfr2015,capital_aid,378,1473,Total Transportation Services,2015,354962
acfr2015,capital_aid,378,1474,"Parks, Recreation And Cultural Activities: Department of Parks and Recreation",2006,2696
acfr2015,capital_aid,378,1474,"Parks, Recreation And Cultural Activities: Department of Parks and Recreation",2007,18227
acfr2015,capital_aid,378,1474,"Parks, Recreation And Cultural Activities: Department of Parks and Recreation",2008,30685
acfr2015,capital_aid,378,1474,"Parks, Recreation And Cultural Activities: Department of Parks and Recreation",2009,21629
acfr2015,capital_aid,378,1474,"Parks, Recreation And Cultural Activities: Department of Parks and Recreation",2010,20415
acfr2015,capital_aid,378,1474,"Parks, Recreation And Cultural Activities: Department of Parks and Recreation",2011,2874
acfr2015,capital_aid,378,1474,"Parks, Recreation And Cultural Activities: Department of Parks and Recreation",2012,20450
acfr2015,capital_aid,378,1474,"Parks, Recreation And Cultural Activities: Department of Parks and Recreation",2013,216442
acfr2015,capital_aid,378,1474,"Parks, Recreation And Cultural Activities: Department of Parks and Recreation",2014,20088
acfr2015,capital_aid,378,1474,"Parks, Recreation And Cultural Activities: Department of Parks and Recreation",2015,226549
acfr2015,capital_aid,378,1475,Department of Cultural Affairs,2006,5010
acfr2015,capital_aid,378,1475,Department of Cultural Affairs,2007,3
acfr2015,capital_aid,378,1475,Department of Cultural Affairs,2008,5577
acfr2015,capital_aid,378,1475,Department of Cultural Affairs,2009,1588
acfr2015,capital_aid,378,1475,Department of Cultural Affairs,2010,9752
acfr2015,capital_aid,378,1475,Department of Cultural Affairs,2011,2638
acfr2015,capital_aid,378,1475,Department of Cultural Affairs,2012,7094
acfr2015,capital_aid,378,1475,Department of Cultural Affairs,2013,4437
acfr2015,capital_aid,378,1475,Department of Cultural Affairs,2014,12811
acfr2015,capital_aid,378,1475,Department of Cultural Affairs,2015,5984
acfr2015,capital_aid,378,1476,"Total Parks, Recreation and Cultural Activities",2006,7706
acfr2015,capital_aid,378,1476,"Total Parks, Recreation and Cultural Activities",2007,18230
acfr2015,capital_aid,378,1476,"Total Parks, Recreation and Cultural Activities",2008,36262
acfr2015,capital_aid,378,1476,"Total Parks, Recreation and Cultural Activities",2009,23217
acfr2015,capital_aid,378,1476,"Total Parks, Recreation and Cultural Activities",2010,30167
acfr2015,capital_aid,378,1476,"Total Parks, Recreation and Cultural Activities",2011,5512
acfr2015,capital_aid,378,1476,"Total Parks, Recreation and Cultural Activities",2012,27544
acfr2015,capital_aid,378,1476,"Total Parks, Recreation and Cultural Activities",2013,220879
acfr2015,capital_aid,378,1476,"Total Parks, Recreation and Cultural Activities",2014,32899
acfr2015,capital_aid,378,1476,"Total Parks, Recreation and Cultural Activities",2015,232533
acfr2015,capital_aid,378,1477,Housing: 347 Department of Housing Preservation and Development,2006,154423
acfr2015,capital_aid,378,1477,Housing: 347 Department of Housing Preservation and Development,2007,104698
acfr2015,capital_aid,378,1477,Housing: 347 Department of Housing Preservation and Development,2008,127808
acfr2015,capital_aid,378,1477,Housing: 347 Department of Housing Preservation and Development,2009,111724
acfr2015,capital_aid,378,1477,Housing: 347 Department of Housing Preservation and Development,2010,88101
acfr2015,capital_aid,378,1477,Housing: 347 Department of Housing Preservation and Development,2011,109686
acfr2015,capital_aid,378,1477,Housing: 347 Department of Housing Preservation and Development,2012,111174
acfr2015,capital_aid,378,1477,Housing: 347 Department of Housing Preservation and Development,2013,75676
acfr2015,capital_aid,378,1477,Housing: 347 Department of Housing Preservation and Development,2014,90269
acfr2015,capital_aid,378,1477,Housing: 347 Department of Housing Preservation and Development,2015,27019
acfr2015,capital_aid,378,1478,Health: Department of Health and Mental Hygiene,2006,0
acfr2015,capital_aid,378,1478,Health: Department of Health and Mental Hygiene,2007,0
acfr2015,capital_aid,378,1478,Health: Department of Health and Mental Hygiene,2008,0
acfr2015,capital_aid,378,1478,Health: Department of Health and Mental Hygiene,2009,0
acfr2015,capital_aid,378,1478,Health: Department of Health and Mental Hygiene,2010,1520
acfr2015,capital_aid,378,1478,Health: Department of Health and Mental Hygiene,2011,0
acfr2015,capital_aid,378,1478,Health: Department of Health and Mental Hygiene,2012,13056
acfr2015,capital_aid,378,1478,Health: Department of Health and Mental Hygiene,2013,0
acfr2015,capital_aid,378,1478,Health: Department of Health and Mental Hygiene,2014,0
acfr2015,capital_aid,378,1478,Health: Department of Health and Mental Hygiene,2015,4812
acfr2015,capital_aid,378,1479,Health and Hospitals Corporation,2006,0
acfr2015,capital_aid,378,1479,Health and Hospitals Corporation,2007,0
acfr2015,capital_aid,378,1479,Health and Hospitals Corporation,2008,0
acfr2015,capital_aid,378,1479,Health and Hospitals Corporation,2009,0
acfr2015,capital_aid,378,1479,Health and Hospitals Corporation,2010,0
acfr2015,capital_aid,378,1479,Health and Hospitals Corporation,2011,0
acfr2015,capital_aid,378,1479,Health and Hospitals Corporation,2012,0
acfr2015,capital_aid,378,1479,Health and Hospitals Corporation,2013,0
acfr2015,capital_aid,378,1479,Health and Hospitals Corporation,2014,50883
acfr2015,capital_aid,378,1479,Health and Hospitals Corporation,2015,69204
acfr2015,capital_aid,378,1480,Total Health,2006,0
acfr2015,capital_aid,378,1480,Total Health,2007,0
acfr2015,capital_aid,378,1480,Total Health,2008,0
acfr2015,capital_aid,378,1480,Total Health,2009,0
acfr2015,capital_aid,378,1480,Total Health,2010,1520
acfr2015,capital_aid,378,1480,Total Health,2011,0
acfr2015,capital_aid,378,1480,Total Health,2012,13056
acfr2015,capital_aid,378,1480,Total Health,2013,0
acfr2015,capital_aid,378,1480,Total Health,2014,50883
acfr2015,capital_aid,378,1480,Total Health,2015,74016
acfr2015,capital_aid,378,1481,Libraries: New York Public Library,2006,0
acfr2015,capital_aid,378,1481,Libraries: New York Public Library,2007,0
acfr2015,capital_aid,378,1481,Libraries: New York Public Library,2008,0
acfr2015,capital_aid,378,1481,Libraries: New York Public Library,2009,0
acfr2015,capital_aid,378,1481,Libraries: New York Public Library,2010,484
acfr2015,capital_aid,378,1481,Libraries: New York Public Library,2011,1326
acfr2015,capital_aid,378,1481,Libraries: New York Public Library,2012,884
acfr2015,capital_aid,378,1481,Libraries: New York Public Library,2013,195
acfr2015,capital_aid,378,1481,Libraries: New York Public Library,2014,351
acfr2015,capital_aid,378,1481,Libraries: New York Public Library,2015,156
acfr2015,capital_aid,378,1482,Brooklyn Public Library,2006,0
acfr2015,capital_aid,378,1482,Brooklyn Public Library,2007,0
acfr2015,capital_aid,378,1482,Brooklyn Public Library,2008,4860
acfr2015,capital_aid,378,1482,Brooklyn Public Library,2009,298
acfr2015,capital_aid,378,1482,Brooklyn Public Library,2010,508
acfr2015,capital_aid,378,1482,Brooklyn Public Library,2011,226
acfr2015,capital_aid,378,1482,Brooklyn Public Library,2012,347
acfr2015,capital_aid,378,1482,Brooklyn Public Library,2013,174
acfr2015,capital_aid,378,1482,Brooklyn Public Library,2014,0
acfr2015,capital_aid,378,1482,Brooklyn Public Library,2015,0
acfr2015,capital_aid,378,1483,Queens Borough Public Library,2006,0
acfr2015,capital_aid,378,1483,Queens Borough Public Library,2007,169
acfr2015,capital_aid,378,1483,Queens Borough Public Library,2008,0
acfr2015,capital_aid,378,1483,Queens Borough Public Library,2009,0
acfr2015,capital_aid,378,1483,Queens Borough Public Library,2010,0
acfr2015,capital_aid,378,1483,Queens Borough Public Library,2011,0
acfr2015,capital_aid,378,1483,Queens Borough Public Library,2012,742
acfr2015,capital_aid,378,1483,Queens Borough Public Library,2013,1823
acfr2015,capital_aid,378,1483,Queens Borough Public Library,2014,0
acfr2015,capital_aid,378,1483,Queens Borough Public Library,2015,0
acfr2015,capital_aid,378,1484,Total Libraries,2006,0
acfr2015,capital_aid,378,1484,Total Libraries,2007,169
acfr2015,capital_aid,378,1484,Total Libraries,2008,4860
acfr2015,capital_aid,378,1484,Total Libraries,2009,298
acfr2015,capital_aid,378,1484,Total Libraries,2010,992
acfr2015,capital_aid,378,1484,Total Libraries,2011,1552
acfr2015,capital_aid,378,1484,Total Libraries,2012,1973
acfr2015,capital_aid,378,1484,Total Libraries,2013,2192
acfr2015,capital_aid,378,1484,Total Libraries,2014,351
acfr2015,capital_aid,378,1484,Total Libraries,2015,156
acfr2015,capital_aid,378,1485,Total Capital Projects Fund Aid Revenues,2006,438021
acfr2015,capital_aid,378,1485,Total Capital Projects Fund Aid Revenues,2007,875011
acfr2015,capital_aid,378,1485,Total Capital Projects Fund Aid Revenues,2008,1357927
acfr2015,capital_aid,378,1485,Total Capital Projects Fund Aid Revenues,2009,851642
acfr2015,capital_aid,378,1485,Total Capital Projects Fund Aid Revenues,2010,576702
acfr2015,capital_aid,378,1485,Total Capital Projects Fund Aid Revenues,2011,532616
acfr2015,capital_aid,378,1485,Total Capital Projects Fund Aid Revenues,2012,564131
acfr2015,capital_aid,378,1485,Total Capital Projects Fund Aid Revenues,2013,813571
acfr2015,capital_aid,378,1485,Total Capital Projects Fund Aid Revenues,2014,668328
acfr2015,capital_aid,378,1485,Total Capital Projects Fund Aid Revenues,2015,966077
acfr2005,capital_aid,295,1486,GENERAL GOVERNMENT: Department of Small Business Services,1996,0
acfr2005,capital_aid,295,1486,GENERAL GOVERNMENT: Department of Small Business Services,1997,27688
acfr2005,capital_aid,295,1486,GENERAL GOVERNMENT: Department of Small Business Services,1998,5598
acfr2005,capital_aid,295,1486,GENERAL GOVERNMENT: Department of Small Business Services,1999,0
acfr2005,capital_aid,295,1486,GENERAL GOVERNMENT: Department of Small Business Services,2000,0
acfr2005,capital_aid,295,1486,GENERAL GOVERNMENT: Department of Small Business Services,2001,0
acfr2005,capital_aid,295,1486,GENERAL GOVERNMENT: Department of Small Business Services,2002,18366
acfr2005,capital_aid,295,1486,GENERAL GOVERNMENT: Department of Small Business Services,2003,35570
acfr2005,capital_aid,295,1486,GENERAL GOVERNMENT: Department of Small Business Services,2004,8177
acfr2005,capital_aid,295,1486,GENERAL GOVERNMENT: Department of Small Business Services,2005,1615
acfr2005,capital_aid,295,1487,Department of Citywide Administrative Services,1996,0
acfr2005,capital_aid,295,1487,Department of Citywide Administrative Services,1997,0
acfr2005,capital_aid,295,1487,Department of Citywide Administrative Services,1998,0
acfr2005,capital_aid,295,1487,Department of Citywide Administrative Services,1999,0
acfr2005,capital_aid,295,1487,Department of Citywide Administrative Services,2000,3589
acfr2005,capital_aid,295,1487,Department of Citywide Administrative Services,2001,0
acfr2005,capital_aid,295,1487,Department of Citywide Administrative Services,2002,0
acfr2005,capital_aid,295,1487,Department of Citywide Administrative Services,2003,2179
acfr2005,capital_aid,295,1487,Department of Citywide Administrative Services,2004,0
acfr2005,capital_aid,295,1487,Department of Citywide Administrative Services,2005,0
acfr2005,capital_aid,295,1488,"Department of Information, Technology and Telecommunications",1996,0
acfr2005,capital_aid,295,1488,"Department of Information, Technology and Telecommunications",1997,0
acfr2005,capital_aid,295,1488,"Department of Information, Technology and Telecommunications",1998,0
acfr2005,capital_aid,295,1488,"Department of Information, Technology and Telecommunications",1999,0
acfr2005,capital_aid,295,1488,"Department of Information, Technology and Telecommunications",2000,0
acfr2005,capital_aid,295,1488,"Department of Information, Technology and Telecommunications",2001,0
acfr2005,capital_aid,295,1488,"Department of Information, Technology and Telecommunications",2002,0
acfr2005,capital_aid,295,1488,"Department of Information, Technology and Telecommunications",2003,7595
acfr2005,capital_aid,295,1488,"Department of Information, Technology and Telecommunications",2004,0
acfr2005,capital_aid,295,1488,"Department of Information, Technology and Telecommunications",2005,0
acfr2005,capital_aid,295,1489,Total General Government,1996,0
acfr2005,capital_aid,295,1489,Total General Government,1997,27688
acfr2005,capital_aid,295,1489,Total General Government,1998,5598
acfr2005,capital_aid,295,1489,Total General Government,1999,0
acfr2005,capital_aid,295,1489,Total General Government,2000,3589
acfr2005,capital_aid,295,1489,Total General Government,2001,0
acfr2005,capital_aid,295,1489,Total General Government,2002,18366
acfr2005,capital_aid,295,1489,Total General Government,2003,45344
acfr2005,capital_aid,295,1489,Total General Government,2004,8177
acfr2005,capital_aid,295,1489,Total General Government,2005,1615
acfr2005,capital_aid,295,1490,PUBLIC SAFETY AND JUDICIAL: Police Department,1996,3795
acfr2005,capital_aid,295,1490,PUBLIC SAFETY AND JUDICIAL: Police Department,1997,34409
acfr2005,capital_aid,295,1490,PUBLIC SAFETY AND JUDICIAL: Police Department,1998,8288
acfr2005,capital_aid,295,1490,PUBLIC SAFETY AND JUDICIAL: Police Department,1999,5604
acfr2005,capital_aid,295,1490,PUBLIC SAFETY AND JUDICIAL: Police Department,2000,2388
acfr2005,capital_aid,295,1490,PUBLIC SAFETY AND JUDICIAL: Police Department,2001,12343
acfr2005,capital_aid,295,1490,PUBLIC SAFETY AND JUDICIAL: Police Department,2002,-4464
acfr2005,capital_aid,295,1490,PUBLIC SAFETY AND JUDICIAL: Police Department,2003,0
acfr2005,capital_aid,295,1490,PUBLIC SAFETY AND JUDICIAL: Police Department,2004,0
acfr2005,capital_aid,295,1490,PUBLIC SAFETY AND JUDICIAL: Police Department,2005,0
acfr2005,capital_aid,295,1491,Fire Department,1996,139
acfr2005,capital_aid,295,1491,Fire Department,1997,51
acfr2005,capital_aid,295,1491,Fire Department,1998,2
acfr2005,capital_aid,295,1491,Fire Department,1999,1
acfr2005,capital_aid,295,1491,Fire Department,2000,1
acfr2005,capital_aid,295,1491,Fire Department,2001,-1
acfr2005,capital_aid,295,1491,Fire Department,2002,-2
acfr2005,capital_aid,295,1491,Fire Department,2003,18060
acfr2005,capital_aid,295,1491,Fire Department,2004,0
acfr2005,capital_aid,295,1491,Fire Department,2005,3016
acfr2005,capital_aid,295,1492,Department of Correction,1996,0
acfr2005,capital_aid,295,1492,Department of Correction,1997,0
acfr2005,capital_aid,295,1492,Department of Correction,1998,0
acfr2005,capital_aid,295,1492,Department of Correction,1999,1505
acfr2005,capital_aid,295,1492,Department of Correction,2000,8774
acfr2005,capital_aid,295,1492,Department of Correction,2001,3691
acfr2005,capital_aid,295,1492,Department of Correction,2002,-573
acfr2005,capital_aid,295,1492,Department of Correction,2003,0
acfr2005,capital_aid,295,1492,Department of Correction,2004,0
acfr2005,capital_aid,295,1492,Department of Correction,2005,0
acfr2005,capital_aid,295,1493,268 Total Public Safety and Judicial,1996,3934
acfr2005,capital_aid,295,1493,268 Total Public Safety and Judicial,1997,34460
acfr2005,capital_aid,295,1493,268 Total Public Safety and Judicial,1998,8290
acfr2005,capital_aid,295,1493,268 Total Public Safety and Judicial,1999,7110
acfr2005,capital_aid,295,1493,268 Total Public Safety and Judicial,2000,11163
acfr2005,capital_aid,295,1493,268 Total Public Safety and Judicial,2001,16033
acfr2005,capital_aid,295,1493,268 Total Public Safety and Judicial,2002,-5039
acfr2005,capital_aid,295,1493,268 Total Public Safety and Judicial,2003,18060
acfr2005,capital_aid,295,1493,268 Total Public Safety and Judicial,2004,0
acfr2005,capital_aid,295,1493,268 Total Public Safety and Judicial,2005,3016
acfr2005,capital_aid,295,1494,EDUCATION: Department of Education,1996,0
acfr2005,capital_aid,295,1494,EDUCATION: Department of Education,1997,0
acfr2005,capital_aid,295,1494,EDUCATION: Department of Education,1998,1
acfr2005,capital_aid,295,1494,EDUCATION: Department of Education,1999,0
acfr2005,capital_aid,295,1494,EDUCATION: Department of Education,2000,0
acfr2005,capital_aid,295,1494,EDUCATION: Department of Education,2001,0
acfr2005,capital_aid,295,1494,EDUCATION: Department of Education,2002,70081
acfr2005,capital_aid,295,1494,EDUCATION: Department of Education,2003,6133
acfr2005,capital_aid,295,1494,EDUCATION: Department of Education,2004,71434
acfr2005,capital_aid,295,1494,EDUCATION: Department of Education,2005,24550
acfr2005,capital_aid,295,1495,City University of New York: Community Colleges,1996,154
acfr2005,capital_aid,295,1495,City University of New York: Community Colleges,1997,0
acfr2005,capital_aid,295,1495,City University of New York: Community Colleges,1998,0
acfr2005,capital_aid,295,1495,City University of New York: Community Colleges,1999,437
acfr2005,capital_aid,295,1495,City University of New York: Community Colleges,2000,1998
acfr2005,capital_aid,295,1495,City University of New York: Community Colleges,2001,-34
acfr2005,capital_aid,295,1495,City University of New York: Community Colleges,2002,-275
acfr2005,capital_aid,295,1495,City University of New York: Community Colleges,2003,2413
acfr2005,capital_aid,295,1495,City University of New York: Community Colleges,2004,45
acfr2005,capital_aid,295,1495,City University of New York: Community Colleges,2005,2754
acfr2005,capital_aid,295,1496,Total Education,1996,154
acfr2005,capital_aid,295,1496,Total Education,1997,0
acfr2005,capital_aid,295,1496,Total Education,1998,1
acfr2005,capital_aid,295,1496,Total Education,1999,437
acfr2005,capital_aid,295,1496,Total Education,2000,1998
acfr2005,capital_aid,295,1496,Total Education,2001,-34
acfr2005,capital_aid,295,1496,Total Education,2002,69806
acfr2005,capital_aid,295,1496,Total Education,2003,8546
acfr2005,capital_aid,295,1496,Total Education,2004,71479
acfr2005,capital_aid,295,1496,Total Education,2005,27304
acfr2005,capital_aid,295,1497,ENVIRONMENTAL PROTECTION: Department of Environmental Protection,1996,30565
acfr2005,capital_aid,295,1497,ENVIRONMENTAL PROTECTION: Department of Environmental Protection,1997,42854
acfr2005,capital_aid,295,1497,ENVIRONMENTAL PROTECTION: Department of Environmental Protection,1998,19142
acfr2005,capital_aid,295,1497,ENVIRONMENTAL PROTECTION: Department of Environmental Protection,1999,246
acfr2005,capital_aid,295,1497,ENVIRONMENTAL PROTECTION: Department of Environmental Protection,2000,3261
acfr2005,capital_aid,295,1497,ENVIRONMENTAL PROTECTION: Department of Environmental Protection,2001,758
acfr2005,capital_aid,295,1497,ENVIRONMENTAL PROTECTION: Department of Environmental Protection,2002,-123
acfr2005,capital_aid,295,1497,ENVIRONMENTAL PROTECTION: Department of Environmental Protection,2003,36724
acfr2005,capital_aid,295,1497,ENVIRONMENTAL PROTECTION: Department of Environmental Protection,2004,79238
acfr2005,capital_aid,295,1497,ENVIRONMENTAL PROTECTION: Department of Environmental Protection,2005,32682
acfr2005,capital_aid,295,1498,Department of Sanitation,1996,0
acfr2005,capital_aid,295,1498,Department of Sanitation,1997,0
acfr2005,capital_aid,295,1498,Department of Sanitation,1998,0
acfr2005,capital_aid,295,1498,Department of Sanitation,1999,25235
acfr2005,capital_aid,295,1498,Department of Sanitation,2000,0
acfr2005,capital_aid,295,1498,Department of Sanitation,2001,8911
acfr2005,capital_aid,295,1498,Department of Sanitation,2002,3225
acfr2005,capital_aid,295,1498,Department of Sanitation,2003,0
acfr2005,capital_aid,295,1498,Department of Sanitation,2004,0
acfr2005,capital_aid,295,1498,Department of Sanitation,2005,0
acfr2005,capital_aid,295,1499,Total Environmental Protection,1996,30565
acfr2005,capital_aid,295,1499,Total Environmental Protection,1997,42854
acfr2005,capital_aid,295,1499,Total Environmental Protection,1998,19142
acfr2005,capital_aid,295,1499,Total Environmental Protection,1999,25481
acfr2005,capital_aid,295,1499,Total Environmental Protection,2000,3261
acfr2005,capital_aid,295,1499,Total Environmental Protection,2001,9669
acfr2005,capital_aid,295,1499,Total Environmental Protection,2002,3102
acfr2005,capital_aid,295,1499,Total Environmental Protection,2003,36724
acfr2005,capital_aid,295,1499,Total Environmental Protection,2004,79238
acfr2005,capital_aid,295,1499,Total Environmental Protection,2005,32682
acfr2005,capital_aid,296,1500,TRANSPORTATION SERVICES: Department of Transportation,1996,146983
acfr2005,capital_aid,296,1500,TRANSPORTATION SERVICES: Department of Transportation,1997,191406
acfr2005,capital_aid,296,1500,TRANSPORTATION SERVICES: Department of Transportation,1998,221230
acfr2005,capital_aid,296,1500,TRANSPORTATION SERVICES: Department of Transportation,1999,192703
acfr2005,capital_aid,296,1500,TRANSPORTATION SERVICES: Department of Transportation,2000,173885
acfr2005,capital_aid,296,1500,TRANSPORTATION SERVICES: Department of Transportation,2001,114930
acfr2005,capital_aid,296,1500,TRANSPORTATION SERVICES: Department of Transportation,2002,182012
acfr2005,capital_aid,296,1500,TRANSPORTATION SERVICES: Department of Transportation,2003,178166
acfr2005,capital_aid,296,1500,TRANSPORTATION SERVICES: Department of Transportation,2004,153895
acfr2005,capital_aid,296,1500,TRANSPORTATION SERVICES: Department of Transportation,2005,197693
acfr2005,capital_aid,296,1501,Transit Authority,1996,4
acfr2005,capital_aid,296,1501,Transit Authority,1997,0
acfr2005,capital_aid,296,1501,Transit Authority,1998,17
acfr2005,capital_aid,296,1501,Transit Authority,1999,0
acfr2005,capital_aid,296,1501,Transit Authority,2000,0
acfr2005,capital_aid,296,1501,Transit Authority,2001,-1309
acfr2005,capital_aid,296,1501,Transit Authority,2002,1309
acfr2005,capital_aid,296,1501,Transit Authority,2003,0
acfr2005,capital_aid,296,1501,Transit Authority,2004,0
acfr2005,capital_aid,296,1501,Transit Authority,2005,249
acfr2005,capital_aid,296,1502,Total Transportation Services,1996,146987
acfr2005,capital_aid,296,1502,Total Transportation Services,1997,191406
acfr2005,capital_aid,296,1502,Total Transportation Services,1998,221247
acfr2005,capital_aid,296,1502,Total Transportation Services,1999,192703
acfr2005,capital_aid,296,1502,Total Transportation Services,2000,173885
acfr2005,capital_aid,296,1502,Total Transportation Services,2001,113621
acfr2005,capital_aid,296,1502,Total Transportation Services,2002,183321
acfr2005,capital_aid,296,1502,Total Transportation Services,2003,178166
acfr2005,capital_aid,296,1502,Total Transportation Services,2004,153895
acfr2005,capital_aid,296,1502,Total Transportation Services,2005,197942
acfr2005,capital_aid,296,1503,"PARKS, RECREATION AND CULTURAL ACTIVITIES: Department of Parks and Recreation",1996,1400
acfr2005,capital_aid,296,1503,"PARKS, RECREATION AND CULTURAL ACTIVITIES: Department of Parks and Recreation",1997,280
acfr2005,capital_aid,296,1503,"PARKS, RECREATION AND CULTURAL ACTIVITIES: Department of Parks and Recreation",1998,3997
acfr2005,capital_aid,296,1503,"PARKS, RECREATION AND CULTURAL ACTIVITIES: Department of Parks and Recreation",1999,291
acfr2005,capital_aid,296,1503,"PARKS, RECREATION AND CULTURAL ACTIVITIES: Department of Parks and Recreation",2000,12363
acfr2005,capital_aid,296,1503,"PARKS, RECREATION AND CULTURAL ACTIVITIES: Department of Parks and Recreation",2001,5651
acfr2005,capital_aid,296,1503,"PARKS, RECREATION AND CULTURAL ACTIVITIES: Department of Parks and Recreation",2002,934
acfr2005,capital_aid,296,1503,"PARKS, RECREATION AND CULTURAL ACTIVITIES: Department of Parks and Recreation",2003,993
acfr2005,capital_aid,296,1503,"PARKS, RECREATION AND CULTURAL ACTIVITIES: Department of Parks and Recreation",2004,1698
acfr2005,capital_aid,296,1503,"PARKS, RECREATION AND CULTURAL ACTIVITIES: Department of Parks and Recreation",2005,540
acfr2005,capital_aid,296,1504,Department of Cultural Affairs,1996,288
acfr2005,capital_aid,296,1504,Department of Cultural Affairs,1997,0
acfr2005,capital_aid,296,1504,Department of Cultural Affairs,1998,1180
acfr2005,capital_aid,296,1504,Department of Cultural Affairs,1999,73
acfr2005,capital_aid,296,1504,Department of Cultural Affairs,2000,0
acfr2005,capital_aid,296,1504,Department of Cultural Affairs,2001,0
acfr2005,capital_aid,296,1504,Department of Cultural Affairs,2002,-26
acfr2005,capital_aid,296,1504,Department of Cultural Affairs,2003,-907
acfr2005,capital_aid,296,1504,Department of Cultural Affairs,2004,0
acfr2005,capital_aid,296,1504,Department of Cultural Affairs,2005,783
acfr2005,capital_aid,296,1505,"Total Parks, Recreation and Cultural Activities",1996,1688
acfr2005,capital_aid,296,1505,"Total Parks, Recreation and Cultural Activities",1997,280
acfr2005,capital_aid,296,1505,"Total Parks, Recreation and Cultural Activities",1998,5177
acfr2005,capital_aid,296,1505,"Total Parks, Recreation and Cultural Activities",1999,364
acfr2005,capital_aid,296,1505,"Total Parks, Recreation and Cultural Activities",2000,12363
acfr2005,capital_aid,296,1505,"Total Parks, Recreation and Cultural Activities",2001,5651
acfr2005,capital_aid,296,1505,"Total Parks, Recreation and Cultural Activities",2002,908
acfr2005,capital_aid,296,1505,"Total Parks, Recreation and Cultural Activities",2003,86
acfr2005,capital_aid,296,1505,"Total Parks, Recreation and Cultural Activities",2004,1698
acfr2005,capital_aid,296,1505,"Total Parks, Recreation and Cultural Activities",2005,1323
acfr2005,capital_aid,296,1506,269 HOUSING: Department of Housing Preservation and Development,1996,83569
acfr2005,capital_aid,296,1506,269 HOUSING: Department of Housing Preservation and Development,1997,82999
acfr2005,capital_aid,296,1506,269 HOUSING: Department of Housing Preservation and Development,1998,63584
acfr2005,capital_aid,296,1506,269 HOUSING: Department of Housing Preservation and Development,1999,106939
acfr2005,capital_aid,296,1506,269 HOUSING: Department of Housing Preservation and Development,2000,101042
acfr2005,capital_aid,296,1506,269 HOUSING: Department of Housing Preservation and Development,2001,203646
acfr2005,capital_aid,296,1506,269 HOUSING: Department of Housing Preservation and Development,2002,107334
acfr2005,capital_aid,296,1506,269 HOUSING: Department of Housing Preservation and Development,2003,75384
acfr2005,capital_aid,296,1506,269 HOUSING: Department of Housing Preservation and Development,2004,103475
acfr2005,capital_aid,296,1506,269 HOUSING: Department of Housing Preservation and Development,2005,76811
acfr2005,capital_aid,296,1507,HEALTH: Department of Health and Mental Hygiene,1996,0
acfr2005,capital_aid,296,1507,HEALTH: Department of Health and Mental Hygiene,1997,0
acfr2005,capital_aid,296,1507,HEALTH: Department of Health and Mental Hygiene,1998,0
acfr2005,capital_aid,296,1507,HEALTH: Department of Health and Mental Hygiene,1999,0
acfr2005,capital_aid,296,1507,HEALTH: Department of Health and Mental Hygiene,2000,0
acfr2005,capital_aid,296,1507,HEALTH: Department of Health and Mental Hygiene,2001,0
acfr2005,capital_aid,296,1507,HEALTH: Department of Health and Mental Hygiene,2002,0
acfr2005,capital_aid,296,1507,HEALTH: Department of Health and Mental Hygiene,2003,2158
acfr2005,capital_aid,296,1507,HEALTH: Department of Health and Mental Hygiene,2004,0
acfr2005,capital_aid,296,1507,HEALTH: Department of Health and Mental Hygiene,2005,0
acfr2005,capital_aid,296,1508,OTHER,1996,1636
acfr2005,capital_aid,296,1508,OTHER,1997,980
acfr2005,capital_aid,296,1508,OTHER,1998,3570
acfr2005,capital_aid,296,1508,OTHER,1999,19546
acfr2005,capital_aid,296,1508,OTHER,2000,5236
acfr2005,capital_aid,296,1508,OTHER,2001,6772
acfr2005,capital_aid,296,1508,OTHER,2002,11353
acfr2005,capital_aid,296,1508,OTHER,2003,23207
acfr2005,capital_aid,296,1508,OTHER,2004,11164
acfr2005,capital_aid,296,1508,OTHER,2005,3524
acfr2005,capital_aid,296,1509,Net Change in Estimate of Prior Years Receivables,1996,-6257
acfr2005,capital_aid,296,1509,Net Change in Estimate of Prior Years Receivables,1997,-3364
acfr2005,capital_aid,296,1509,Net Change in Estimate of Prior Years Receivables,1998,-2526
acfr2005,capital_aid,296,1509,Net Change in Estimate of Prior Years Receivables,1999,-771
acfr2005,capital_aid,296,1509,Net Change in Estimate of Prior Years Receivables,2000,0
acfr2005,capital_aid,296,1509,Net Change in Estimate of Prior Years Receivables,2001,0
acfr2005,capital_aid,296,1509,Net Change in Estimate of Prior Years Receivables,2002,0
acfr2005,capital_aid,296,1509,Net Change in Estimate of Prior Years Receivables,2003,0
acfr2005,capital_aid,296,1509,Net Change in Estimate of Prior Years Receivables,2004,0
acfr2005,capital_aid,296,1509,Net Change in Estimate of Prior Years Receivables,2005,0
acfr2005,capital_aid,296,1510,Total Revenues,1996,262276
acfr2005,capital_aid,296,1510,Total Revenues,1997,377303
acfr2005,capital_aid,296,1510,Total Revenues,1998,324083
acfr2005,capital_aid,296,1510,Total Revenues,1999,351809
acfr2005,capital_aid,296,1510,Total Revenues,2000,312537
acfr2005,capital_aid,296,1510,Total Revenues,2001,355358
acfr2005,capital_aid,296,1510,Total Revenues,2002,389151
acfr2005,capital_aid,296,1510,Total Revenues,2003,387675
acfr2005,capital_aid,296,1510,Total Revenues,2004,429126
acfr2005,capital_aid,296,1510,Total Revenues,2005,344217
